{"type": "FeatureCollection", "columns": {"count": "Long<0, 4294967295>", "label": "Byte<0, 1>", "system:index": "String"}, "features": [{"type": "Feature", "geometry": {"geodesic": false, "type": "Polygon", "coordinates": [[[172.55146893262128, -43.63091047153439], [172.55254691096218, -43.63091047153439], [172.55254691096218, -43.63064097694915], [172.55227741637697, -43.63064097694915], [172.55227741637697, -43.63037148236393], [172.55200792179176, -43.63037148236393], [172.55200792179176, -43.62983249319345], [172.551199438036, -43.62983249319345], [172.551199438036, -43.63010198777869], [172.5509299434508, -43.63010198777869], [172.5509299434508, -43.63064097694915], [172.55146893262128, -43.63064097694915], [172.55146893262128, -43.63091047153439]]]}, "id": "+1308198+458750", "properties": {"count": 16, "label": 1}}, {"type": "Feature", "geometry": {"geodesic": false, "type": "Polygon", "coordinates": [[[172.5592842755931, -43.598571121306094], [172.56009275934878, -43.598571121306094], [172.56009275934878, -43.598301626720854], [172.56090124310452, -43.598301626720854], [172.56090124310452, -43.59776263755039], [172.56009275934878, -43.59776263755039], [172.56009275934878, -43.598301626720854], [172.5592842755931, -43.598301626720854], [172.5592842755931, -43.598571121306094]]]}, "id": "+1308226+458630", "properties": {"count": 9, "label": 1}}, {"type": "Feature", "geometry": {"geodesic": false, "type": "Polygon", "coordinates": [[[172.56305719978639, -43.59884061589132], [172.56332669437165, -43.59884061589132], [172.56332669437165, -43.598032132135614], [172.56278770520117, -43.598032132135614], [172.56278770520117, -43.598301626720854], [172.5625182106159, -43.598301626720854], [172.5625182106159, -43.598571121306094], [172.56305719978639, -43.598571121306094], [172.56305719978639, -43.59884061589132]]]}, "id": "+1308238+458631", "properties": {"count": 6, "label": 1}}, {"type": "Feature", "geometry": {"geodesic": false, "type": "Polygon", "coordinates": [[[172.57141153192873, -43.63468339572769], [172.5735674886106, -43.63468339572769], [172.5735674886106, -43.63441390114245], [172.57383698319586, -43.63441390114245], [172.57383698319586, -43.634144406557226], [172.5735674886106, -43.634144406557226], [172.5735674886106, -43.633874911971986], [172.57329799402538, -43.633874911971986], [172.57329799402538, -43.63360541738675], [172.5730284994401, -43.63360541738675], [172.5730284994401, -43.63306642821628], [172.5727590048549, -43.63306642821628], [172.5727590048549, -43.6325274390458], [172.57222001568442, -43.6325274390458], [172.57222001568442, -43.63279693363104], [172.57195052109915, -43.63279693363104], [172.57195052109915, -43.63306642821628], [172.57222001568442, -43.63306642821628], [172.57222001568442, -43.633874911971986], [172.57114203734346, -43.633874911971986], [172.57114203734346, -43.63360541738675], [172.57087254275825, -43.63360541738675], [172.57087254275825, -43.634144406557226], [172.57114203734346, -43.634144406557226], [172.57114203734346, -43.63441390114245], [172.57141153192873, -43.63441390114245], [172.57141153192873, -43.63468339572769]]]}, "id": "+1308276+458764", "properties": {"count": 44, "label": 1}}, {"type": "Feature", "geometry": {"geodesic": false, "type": "Polygon", "coordinates": [[[172.57410647778107, -43.62767653651156], [172.57518445612203, -43.62767653651156], [172.57518445612203, -43.62740704192633], [172.57491496153676, -43.62740704192633], [172.57491496153676, -43.62713754734109], [172.57464546695155, -43.62713754734109], [172.57464546695155, -43.62686805275585], [172.57437597236628, -43.62686805275585], [172.57437597236628, -43.62659855817061], [172.57410647778107, -43.62659855817061], [172.57410647778107, -43.62767653651156]]]}, "id": "+1308282+458738", "properties": {"count": 10, "label": 1}}, {"type": "Feature", "geometry": {"geodesic": false, "type": "Polygon", "coordinates": [[[172.57491496153676, -43.63468339572769], [172.5757234452925, -43.63468339572769], [172.5757234452925, -43.634144406557226], [172.57599293987772, -43.634144406557226], [172.57599293987772, -43.63441390114245], [172.5765319290482, -43.63441390114245], [172.5765319290482, -43.633874911971986], [172.5757234452925, -43.633874911971986], [172.5757234452925, -43.634144406557226], [172.57518445612203, -43.634144406557226], [172.57518445612203, -43.63441390114245], [172.57491496153676, -43.63441390114245], [172.57491496153676, -43.63468339572769]]]}, "id": "+1308284+458764", "properties": {"count": 10, "label": 1}}, {"type": "Feature", "geometry": {"geodesic": false, "type": "Polygon", "coordinates": [[[172.5768014236334, -43.59102527291948], [172.57760990738916, -43.59102527291948], [172.57760990738916, -43.590486283749016], [172.57787940197437, -43.590486283749016], [172.57787940197437, -43.590216789163776], [172.5773404128039, -43.590216789163776], [172.5773404128039, -43.590486283749016], [172.5768014236334, -43.590486283749016], [172.5768014236334, -43.59102527291948]]]}, "id": "+1308291+458602", "properties": {"count": 8, "label": 1}}, {"type": "Feature", "geometry": {"geodesic": false, "type": "Polygon", "coordinates": [[[172.58138283158246, -43.619322204369254], [172.58219131533815, -43.619322204369254], [172.58219131533815, -43.618783215198775], [172.58138283158246, -43.618783215198775], [172.58138283158246, -43.61851372061355], [172.5805743478267, -43.61851372061355], [172.5805743478267, -43.619052709784015], [172.58138283158246, -43.619052709784015], [172.58138283158246, -43.619322204369254]]]}, "id": "+1308308+458707", "properties": {"count": 12, "label": 1}}, {"type": "Feature", "geometry": {"geodesic": false, "type": "Polygon", "coordinates": [[[172.5832692936791, -43.621208666465904], [172.58353878826432, -43.621208666465904], [172.58353878826432, -43.620939171880664], [172.5840777774348, -43.620939171880664], [172.5840777774348, -43.6204001827102], [172.58353878826432, -43.6204001827102], [172.58353878826432, -43.620669677295425], [172.5832692936791, -43.620669677295425], [172.5832692936791, -43.621208666465904]]]}, "id": "+1308313+458714", "properties": {"count": 6, "label": 1}}, {"type": "Feature", "geometry": {"geodesic": false, "type": "Polygon", "coordinates": [[[172.5832692936791, -43.62686805275585], [172.58542525036097, -43.62686805275585], [172.58542525036097, -43.62659855817061], [172.58461676660528, -43.62659855817061], [172.58461676660528, -43.62632906358539], [172.5840777774348, -43.62632906358539], [172.5840777774348, -43.62605956900015], [172.5832692936791, -43.62605956900015], [172.5832692936791, -43.62579007441491], [172.58219131533815, -43.62579007441491], [172.58219131533815, -43.62552057982967], [172.58165232616767, -43.62552057982967], [172.58165232616767, -43.6249815906592], [172.58138283158246, -43.6249815906592], [172.58138283158246, -43.62552057982967], [172.5811133369972, -43.62552057982967], [172.5811133369972, -43.62605956900015], [172.58138283158246, -43.62605956900015], [172.58138283158246, -43.62632906358539], [172.58246080992336, -43.62632906358539], [172.58246080992336, -43.62659855817061], [172.5832692936791, -43.62659855817061], [172.5832692936791, -43.62686805275585]]]}, "id": "+1308320+458735", "properties": {"count": 40, "label": 1}}, {"type": "Feature", "geometry": {"geodesic": false, "type": "Polygon", "coordinates": [[[172.58623373411666, -43.61447130183501], [172.58677272328714, -43.61447130183501], [172.58677272328714, -43.61393231266453], [172.58623373411666, -43.61393231266453], [172.58623373411666, -43.61366281807929], [172.58542525036097, -43.61366281807929], [172.58542525036097, -43.613393323494066], [172.58515575577576, -43.613393323494066], [172.58515575577576, -43.613123828908826], [172.5840777774348, -43.613123828908826], [172.5840777774348, -43.613393323494066], [172.58461676660528, -43.613393323494066], [172.58461676660528, -43.61366281807929], [172.58542525036097, -43.61366281807929], [172.58542525036097, -43.61393231266453], [172.58596423953145, -43.61393231266453], [172.58596423953145, -43.61420180724977], [172.58623373411666, -43.61420180724977], [172.58623373411666, -43.61447130183501]]]}, "id": "+1308325+458689", "properties": {"count": 15, "label": 1}}, {"type": "Feature", "geometry": {"geodesic": false, "type": "Polygon", "coordinates": [[[172.5875812070429, -43.60503899135175], [172.58838969079858, -43.60503899135175], [172.58838969079858, -43.60450000218128], [172.5881201962133, -43.60450000218128], [172.5881201962133, -43.60423050759604], [172.5875812070429, -43.60423050759604], [172.5875812070429, -43.60503899135175]]]}, "id": "+1308331+458654", "properties": {"count": 8, "label": 1}}, {"type": "Feature", "geometry": {"geodesic": false, "type": "Polygon", "coordinates": [[[172.5875812070429, -43.61986119353972], [172.58892867996906, -43.61986119353972], [172.58892867996906, -43.619322204369254], [172.5886591853838, -43.619322204369254], [172.5886591853838, -43.61959169895448], [172.5881201962133, -43.61959169895448], [172.5881201962133, -43.619052709784015], [172.5875812070429, -43.619052709784015], [172.5875812070429, -43.61986119353972]]]}, "id": "+1308333+458709", "properties": {"count": 10, "label": 1}}, {"type": "Feature", "geometry": {"geodesic": false, "type": "Polygon", "coordinates": [[[172.58892867996906, -43.60503899135175], [172.58973716372475, -43.60503899135175], [172.58973716372475, -43.60476949676651], [172.58946766913954, -43.60476949676651], [172.58946766913954, -43.60450000218128], [172.5886591853838, -43.60450000218128], [172.5886591853838, -43.60476949676651], [172.58892867996906, -43.60476949676651], [172.58892867996906, -43.60503899135175]]]}, "id": "+1308336+458654", "properties": {"count": 6, "label": 1}}, {"type": "Feature", "geometry": {"geodesic": false, "type": "Polygon", "coordinates": [[[172.5916236258214, -43.61635776393166], [172.5918931204066, -43.61635776393166], [172.5918931204066, -43.61608826934642], [172.59270160416236, -43.61608826934642], [172.59270160416236, -43.61581877476118], [172.59297109874757, -43.61581877476118], [172.59297109874757, -43.615279785590715], [172.59324059333284, -43.615279785590715], [172.59324059333284, -43.615010291005476], [172.59216261499188, -43.615010291005476], [172.59216261499188, -43.614740796420236], [172.5918931204066, -43.614740796420236], [172.5918931204066, -43.615279785590715], [172.59108463665092, -43.615279785590715], [172.59108463665092, -43.615549280175955], [172.5913541312362, -43.615549280175955], [172.5913541312362, -43.61581877476118], [172.5916236258214, -43.61581877476118], [172.5916236258214, -43.61635776393166]]]}, "id": "+1308344+458696", "properties": {"count": 24, "label": 1}}, {"type": "Feature", "geometry": {"geodesic": false, "type": "Polygon", "coordinates": [[[172.5886591853838, -43.633874911971986], [172.5918931204066, -43.633874911971986], [172.5918931204066, -43.63360541738675], [172.5951270554295, -43.63360541738675], [172.5951270554295, -43.6325274390458], [172.59566604459997, -43.6325274390458], [172.59566604459997, -43.63198844987534], [172.59593553918518, -43.63198844987534], [172.59593553918518, -43.63144946070486], [172.59647452835566, -43.63144946070486], [172.59647452835566, -43.63117996611963], [172.59593553918518, -43.63117996611963], [172.59593553918518, -43.63037148236393], [172.59054564748044, -43.63037148236393], [172.59054564748044, -43.62929350402298], [172.5908151420657, -43.62929350402298], [172.5908151420657, -43.62902400943774], [172.59108463665092, -43.62902400943774], [172.59108463665092, -43.6287545148525], [172.5913541312362, -43.6287545148525], [172.5913541312362, -43.62767653651156], [172.59108463665092, -43.62767653651156], [172.59108463665092, -43.62740704192633], [172.5908151420657, -43.62740704192633], [172.5908151420657, -43.62713754734109], [172.59000665830996, -43.62713754734109], [172.59000665830996, -43.62686805275585], [172.5881201962133, -43.62686805275585], [172.5881201962133, -43.62740704192633], [172.5875812070429, -43.62740704192633], [172.5875812070429, -43.62767653651156], [172.58731171245762, -43.62767653651156], [172.58731171245762, -43.6279460310968], [172.5870422178724, -43.6279460310968], [172.5870422178724, -43.62821552568204], [172.5875812070429, -43.62821552568204], [172.5875812070429, -43.62848502026726], [172.58838969079858, -43.62848502026726], [172.58838969079858, -43.6287545148525], [172.58731171245762, -43.6287545148525], [172.58731171245762, -43.62902400943774], [172.5870422178724, -43.62902400943774], [172.5870422178724, -43.62848502026726], [172.58677272328714, -43.62848502026726], [172.58677272328714, -43.62929350402298], [172.5870422178724, -43.62929350402298], [172.5870422178724, -43.62956299860821], [172.58650322870193, -43.62956299860821], [172.58650322870193, -43.62902400943774], [172.58623373411666, -43.62902400943774], [172.58623373411666, -43.62848502026726], [172.58542525036097, -43.62848502026726], [172.58542525036097, -43.62821552568204], [172.58461676660528, -43.62821552568204], [172.58461676660528, -43.62848502026726], [172.58353878826432, -43.62848502026726], [172.58353878826432, -43.62821552568204], [172.5832692936791, -43.62821552568204], [172.5832692936791, -43.6279460310968], [172.58299979909384, -43.6279460310968], [172.58299979909384, -43.62767653651156], [172.58219131533815, -43.62767653651156], [172.58219131533815, -43.62740704192633], [172.58165232616767, -43.62740704192633], [172.58165232616767, -43.62767653651156], [172.58138283158246, -43.62767653651156], [172.58138283158246, -43.62740704192633], [172.5811133369972, -43.62740704192633], [172.5811133369972, -43.62713754734109], [172.5794963694858, -43.62713754734109], [172.5794963694858, -43.62740704192633], [172.57922687490054, -43.62740704192633], [172.57922687490054, -43.6279460310968], [172.57895738031533, -43.6279460310968], [172.57895738031533, -43.62848502026726], [172.57868788573006, -43.62848502026726], [172.57868788573006, -43.6287545148525], [172.57841839114485, -43.6287545148525], [172.57841839114485, -43.62929350402298], [172.57895738031533, -43.62929350402298], [172.57895738031533, -43.62956299860821], [172.57976586407102, -43.62956299860821], [172.57976586407102, -43.62983249319345], [172.5811133369972, -43.62983249319345], [172.5811133369972, -43.63010198777869], [172.58192182075288, -43.63010198777869], [172.58192182075288, -43.63037148236393], [172.5838082828496, -43.63037148236393], [172.5838082828496, -43.63064097694915], [172.5840777774348, -43.63064097694915], [172.5840777774348, -43.63037148236393], [172.58434727202, -43.63037148236393], [172.58434727202, -43.63064097694915], [172.58461676660528, -43.63064097694915], [172.58461676660528, -43.63037148236393], [172.58515575577576, -43.63037148236393], [172.58515575577576, -43.63064097694915], [172.5875812070429, -43.63064097694915], [172.5875812070429, -43.63091047153439], [172.5886591853838, -43.63091047153439], [172.5886591853838, -43.63225794446058], [172.58892867996906, -43.63225794446058], [172.58892867996906, -43.63360541738675], [172.5886591853838, -43.63360541738675], [172.5886591853838, -43.633874911971986]], [[172.5803048532415, -43.62848502026726], [172.5803048532415, -43.62821552568204], [172.58084384241198, -43.62821552568204], [172.58084384241198, -43.6279460310968], [172.58003535865623, -43.6279460310968], [172.58003535865623, -43.62848502026726], [172.5803048532415, -43.62848502026726]], [[172.58219131533815, -43.62848502026726], [172.58219131533815, -43.62821552568204], [172.58192182075288, -43.62821552568204], [172.58192182075288, -43.62848502026726], [172.58219131533815, -43.62848502026726]], [[172.58192182075288, -43.6287545148525], [172.58192182075288, -43.62848502026726], [172.58165232616767, -43.62848502026726], [172.58165232616767, -43.6287545148525], [172.58192182075288, -43.6287545148525]], [[172.58273030450863, -43.6287545148525], [172.58273030450863, -43.62848502026726], [172.58299979909384, -43.62848502026726], [172.58299979909384, -43.62821552568204], [172.58246080992336, -43.62821552568204], [172.58246080992336, -43.6287545148525], [172.58273030450863, -43.6287545148525]], [[172.58892867996906, -43.6279460310968], [172.58892867996906, -43.62767653651156], [172.58838969079858, -43.62767653651156], [172.58838969079858, -43.6279460310968], [172.58892867996906, -43.6279460310968]], [[172.59054564748044, -43.6279460310968], [172.59054564748044, -43.62767653651156], [172.59027615289523, -43.62767653651156], [172.59027615289523, -43.6279460310968], [172.59054564748044, -43.6279460310968]], [[172.5881201962133, -43.62821552568204], [172.5881201962133, -43.62767653651156], [172.5875812070429, -43.62767653651156], [172.5875812070429, -43.62821552568204], [172.5881201962133, -43.62821552568204]], [[172.5870422178724, -43.63010198777869], [172.5870422178724, -43.62983249319345], [172.58650322870193, -43.62983249319345], [172.58650322870193, -43.63010198777869], [172.5870422178724, -43.63010198777869]]]}, "id": "+1308344+458761", "properties": {"count": 738, "label": 1}}, {"type": "Feature", "geometry": {"geodesic": false, "type": "Polygon", "coordinates": [[[172.59216261499188, -43.62336462314779], [172.5924321095771, -43.62336462314779], [172.5924321095771, -43.623095128562554], [172.59297109874757, -43.623095128562554], [172.59297109874757, -43.622825633977314], [172.5924321095771, -43.622825633977314], [172.5924321095771, -43.622556139392074], [172.59216261499188, -43.622556139392074], [172.59216261499188, -43.62228664480685], [172.5908151420657, -43.62228664480685], [172.5908151420657, -43.62174765563637], [172.59000665830996, -43.62174765563637], [172.59000665830996, -43.621478161051144], [172.58973716372475, -43.621478161051144], [172.58973716372475, -43.62174765563637], [172.58946766913954, -43.62174765563637], [172.58946766913954, -43.62228664480685], [172.59027615289523, -43.62228664480685], [172.59027615289523, -43.622556139392074], [172.59054564748044, -43.622556139392074], [172.59054564748044, -43.622825633977314], [172.5908151420657, -43.622825633977314], [172.5908151420657, -43.623095128562554], [172.59108463665092, -43.623095128562554], [172.59108463665092, -43.622825633977314], [172.5916236258214, -43.622825633977314], [172.5916236258214, -43.623095128562554], [172.59216261499188, -43.623095128562554], [172.59216261499188, -43.62336462314779]]]}, "id": "+1308346+458722", "properties": {"count": 32, "label": 1}}, {"type": "Feature", "geometry": {"geodesic": false, "type": "Polygon", "coordinates": [[[172.59216261499188, -43.5956066808685], [172.59377958250326, -43.5956066808685], [172.59377958250326, -43.59533718628326], [172.59297109874757, -43.59533718628326], [172.59297109874757, -43.59506769169802], [172.5924321095771, -43.59506769169802], [172.5924321095771, -43.594798197112794], [172.59216261499188, -43.594798197112794], [172.59216261499188, -43.5956066808685]]]}, "id": "+1308351+458619", "properties": {"count": 10, "label": 1}}, {"type": "Feature", "geometry": {"geodesic": false, "type": "Polygon", "coordinates": [[[172.59297109874757, -43.617166247687365], [172.59404907708853, -43.617166247687365], [172.59404907708853, -43.616896753102125], [172.594588066259, -43.616896753102125], [172.594588066259, -43.616627258516885], [172.5951270554295, -43.616627258516885], [172.5951270554295, -43.61635776393166], [172.594588066259, -43.61635776393166], [172.594588066259, -43.61608826934642], [172.59431857167374, -43.61608826934642], [172.59431857167374, -43.61635776393166], [172.59377958250326, -43.61635776393166], [172.59377958250326, -43.616627258516885], [172.59270160416236, -43.616627258516885], [172.59270160416236, -43.616896753102125], [172.59297109874757, -43.616896753102125], [172.59297109874757, -43.617166247687365]]]}, "id": "+1308352+458699", "properties": {"count": 17, "label": 1}}, {"type": "Feature", "geometry": {"geodesic": false, "type": "Polygon", "coordinates": [[[172.59404907708853, -43.611506861397416], [172.594588066259, -43.611506861397416], [172.594588066259, -43.61096787222694], [172.59485756084422, -43.61096787222694], [172.59485756084422, -43.6106983776417], [172.594588066259, -43.6106983776417], [172.594588066259, -43.61096787222694], [172.59431857167374, -43.61096787222694], [172.59431857167374, -43.6106983776417], [172.59297109874757, -43.6106983776417], [172.59297109874757, -43.61042888305647], [172.59270160416236, -43.61042888305647], [172.59270160416236, -43.61015938847123], [172.5924321095771, -43.61015938847123], [172.5924321095771, -43.61042888305647], [172.5916236258214, -43.61042888305647], [172.5916236258214, -43.6106983776417], [172.5924321095771, -43.6106983776417], [172.5924321095771, -43.611237366812176], [172.59270160416236, -43.611237366812176], [172.59270160416236, -43.61096787222694], [172.59377958250326, -43.61096787222694], [172.59377958250326, -43.611237366812176], [172.59404907708853, -43.611237366812176], [172.59404907708853, -43.611506861397416]]]}, "id": "+1308354+458678", "properties": {"count": 20, "label": 1}}, {"type": "Feature", "geometry": {"geodesic": false, "type": "Polygon", "coordinates": [[[172.5951270554295, -43.61204585056788], [172.59593553918518, -43.61204585056788], [172.59593553918518, -43.61177635598264], [172.5962050337704, -43.61177635598264], [172.5962050337704, -43.611506861397416], [172.59647452835566, -43.611506861397416], [172.59647452835566, -43.611237366812176], [172.5962050337704, -43.611237366812176], [172.5962050337704, -43.611506861397416], [172.59485756084422, -43.611506861397416], [172.59485756084422, -43.61177635598264], [172.5951270554295, -43.61177635598264], [172.5951270554295, -43.61204585056788]]]}, "id": "+1308359+458680", "properties": {"count": 9, "label": 1}}, {"type": "Feature", "geometry": {"geodesic": false, "type": "Polygon", "coordinates": [[[172.5953965500147, -43.61096787222694], [172.59674402294087, -43.61096787222694], [172.59674402294087, -43.61042888305647], [172.5951270554295, -43.61042888305647], [172.5951270554295, -43.6106983776417], [172.5953965500147, -43.6106983776417], [172.5953965500147, -43.61096787222694]]]}, "id": "+1308362+458676", "properties": {"count": 11, "label": 1}}, {"type": "Feature", "geometry": {"geodesic": false, "type": "Polygon", "coordinates": [[[172.5983609904523, -43.615279785590715], [172.59863048503752, -43.615279785590715], [172.59863048503752, -43.614740796420236], [172.5983609904523, -43.614740796420236], [172.5983609904523, -43.61447130183501], [172.59809149586704, -43.61447130183501], [172.59809149586704, -43.61420180724977], [172.59755250669662, -43.61420180724977], [172.59755250669662, -43.61393231266453], [172.59674402294087, -43.61393231266453], [172.59674402294087, -43.61366281807929], [172.59593553918518, -43.61366281807929], [172.59593553918518, -43.613393323494066], [172.5953965500147, -43.613393323494066], [172.5953965500147, -43.61420180724977], [172.5962050337704, -43.61420180724977], [172.5962050337704, -43.61393231266453], [172.59674402294087, -43.61393231266453], [172.59674402294087, -43.61447130183501], [172.59755250669662, -43.61447130183501], [172.59755250669662, -43.614740796420236], [172.59809149586704, -43.614740796420236], [172.59809149586704, -43.615010291005476], [172.5983609904523, -43.615010291005476], [172.5983609904523, -43.615279785590715]]]}, "id": "+1308369+458692", "properties": {"count": 24, "label": 1}}, {"type": "Feature", "geometry": {"geodesic": false, "type": "Polygon", "coordinates": [[[172.59782200128183, -43.64303772787001], [172.59863048503752, -43.64303772787001], [172.59863048503752, -43.642229244114304], [172.59755250669662, -43.642229244114304], [172.59755250669662, -43.64276823328477], [172.59782200128183, -43.64276823328477], [172.59782200128183, -43.64303772787001]]]}, "id": "+1308369+458795", "properties": {"count": 11, "label": 1}}, {"type": "Feature", "geometry": {"geodesic": false, "type": "Polygon", "coordinates": [[[172.59970846337848, -43.61447130183501], [172.60051694713417, -43.61447130183501], [172.60051694713417, -43.61366281807929], [172.60024745254896, -43.61366281807929], [172.60024745254896, -43.613393323494066], [172.59970846337848, -43.613393323494066], [172.59970846337848, -43.613123828908826], [172.59943896879327, -43.613123828908826], [172.59943896879327, -43.613393323494066], [172.59809149586704, -43.613393323494066], [172.59809149586704, -43.613123828908826], [172.59701351752614, -43.613123828908826], [172.59701351752614, -43.612854334323586], [172.59809149586704, -43.612854334323586], [172.59809149586704, -43.61258483973836], [172.59863048503752, -43.61258483973836], [172.59863048503752, -43.61177635598264], [172.5988999796228, -43.61177635598264], [172.5988999796228, -43.61204585056788], [172.599169474208, -43.61204585056788], [172.599169474208, -43.61231534515312], [172.59970846337848, -43.61231534515312], [172.59970846337848, -43.61177635598264], [172.5988999796228, -43.61177635598264], [172.5988999796228, -43.611506861397416], [172.59863048503752, -43.611506861397416], [172.59863048503752, -43.61177635598264], [172.59755250669662, -43.61177635598264], [172.59755250669662, -43.61204585056788], [172.59674402294087, -43.61204585056788], [172.59674402294087, -43.61231534515312], [172.59647452835566, -43.61231534515312], [172.59647452835566, -43.61258483973836], [172.5962050337704, -43.61258483973836], [172.5962050337704, -43.613123828908826], [172.59701351752614, -43.613123828908826], [172.59701351752614, -43.613393323494066], [172.59755250669662, -43.613393323494066], [172.59755250669662, -43.61366281807929], [172.59863048503752, -43.61366281807929], [172.59863048503752, -43.61393231266453], [172.599169474208, -43.61393231266453], [172.599169474208, -43.61420180724977], [172.59970846337848, -43.61420180724977], [172.59970846337848, -43.61447130183501]]]}, "id": "+1308376+458689", "properties": {"count": 65, "label": 1}}, {"type": "Feature", "geometry": {"geodesic": false, "type": "Polygon", "coordinates": [[[172.5999779579637, -43.60935090471553], [172.60105593630465, -43.60935090471553], [172.60105593630465, -43.60908141013029], [172.60078644171944, -43.60908141013029], [172.60078644171944, -43.60881191554505], [172.60024745254896, -43.60881191554505], [172.60024745254896, -43.60854242095982], [172.60078644171944, -43.60854242095982], [172.60078644171944, -43.60800343178934], [172.60024745254896, -43.60800343178934], [172.60024745254896, -43.60719494803364], [172.60051694713417, -43.60719494803364], [172.60051694713417, -43.6069254534484], [172.599169474208, -43.6069254534484], [172.599169474208, -43.60719494803364], [172.5988999796228, -43.60719494803364], [172.5988999796228, -43.60746444261888], [172.59863048503752, -43.60746444261888], [172.59863048503752, -43.60881191554505], [172.59943896879327, -43.60881191554505], [172.59943896879327, -43.60908141013029], [172.5999779579637, -43.60908141013029], [172.5999779579637, -43.60935090471553]]]}, "id": "+1308378+458670", "properties": {"count": 53, "label": 1}}, {"type": "Feature", "geometry": {"geodesic": false, "type": "Polygon", "coordinates": [[[172.5999779579637, -43.62740704192633], [172.60159492547513, -43.62740704192633], [172.60159492547513, -43.62713754734109], [172.60132543088991, -43.62713754734109], [172.60132543088991, -43.62686805275585], [172.60078644171944, -43.62686805275585], [172.60078644171944, -43.62713754734109], [172.5999779579637, -43.62713754734109], [172.5999779579637, -43.62740704192633]]]}, "id": "+1308380+458737", "properties": {"count": 8, "label": 1}}, {"type": "Feature", "geometry": {"geodesic": false, "type": "Polygon", "coordinates": [[[172.60105593630465, -43.63683935240958], [172.60159492547513, -43.63683935240958], [172.60159492547513, -43.635491879483396], [172.60078644171944, -43.635491879483396], [172.60078644171944, -43.635761374068636], [172.59943896879327, -43.635761374068636], [172.59943896879327, -43.636030868653876], [172.5999779579637, -43.636030868653876], [172.5999779579637, -43.636300363239116], [172.60051694713417, -43.636300363239116], [172.60051694713417, -43.636030868653876], [172.60105593630465, -43.636030868653876], [172.60105593630465, -43.636300363239116], [172.60132543088991, -43.636300363239116], [172.60132543088991, -43.63656985782434], [172.60105593630465, -43.63656985782434], [172.60105593630465, -43.63683935240958]]]}, "id": "+1308380+458772", "properties": {"count": 18, "label": 1}}, {"type": "Feature", "geometry": {"geodesic": false, "type": "Polygon", "coordinates": [[[172.60159492547513, -43.63926480367671], [172.6021339146456, -43.63926480367671], [172.6021339146456, -43.63899530909147], [172.6029423984013, -43.63899530909147], [172.6029423984013, -43.63845631992099], [172.60348138757178, -43.63845631992099], [172.60348138757178, -43.638186825335765], [172.603750882157, -43.638186825335765], [172.603750882157, -43.637917330750525], [172.60402037674226, -43.637917330750525], [172.60402037674226, -43.637378341580046], [172.60428987132747, -43.637378341580046], [172.60428987132747, -43.63710884699482], [172.603750882157, -43.63710884699482], [172.603750882157, -43.63683935240958], [172.60321189298656, -43.63683935240958], [172.60321189298656, -43.63656985782434], [172.603750882157, -43.63656985782434], [172.603750882157, -43.636300363239116], [172.60321189298656, -43.636300363239116], [172.60321189298656, -43.63656985782434], [172.6029423984013, -43.63656985782434], [172.6029423984013, -43.63710884699482], [172.60321189298656, -43.63710884699482], [172.60321189298656, -43.637378341580046], [172.6029423984013, -43.637378341580046], [172.6029423984013, -43.637647836165286], [172.6021339146456, -43.637647836165286], [172.6021339146456, -43.637378341580046], [172.60186442006034, -43.637378341580046], [172.60186442006034, -43.63710884699482], [172.60159492547513, -43.63710884699482], [172.60159492547513, -43.637647836165286], [172.60186442006034, -43.637647836165286], [172.60186442006034, -43.638186825335765], [172.60078644171944, -43.638186825335765], [172.60078644171944, -43.637917330750525], [172.60024745254896, -43.637917330750525], [172.60024745254896, -43.637647836165286], [172.599169474208, -43.637647836165286], [172.599169474208, -43.637917330750525], [172.5988999796228, -43.637917330750525], [172.5988999796228, -43.63845631992099], [172.599169474208, -43.63845631992099], [172.599169474208, -43.63872581450623], [172.5999779579637, -43.63872581450623], [172.5999779579637, -43.63845631992099], [172.60051694713417, -43.63845631992099], [172.60051694713417, -43.638186825335765], [172.60078644171944, -43.638186825335765], [172.60078644171944, -43.63872581450623], [172.60159492547513, -43.63872581450623], [172.60159492547513, -43.63926480367671]]]}, "id": "+1308382+458781", "properties": {"count": 77, "label": 1}}, {"type": "Feature", "geometry": {"geodesic": false, "type": "Polygon", "coordinates": [[[172.60321189298656, -43.64708014664855], [172.603750882157, -43.64708014664855], [172.603750882157, -43.64654115747807], [172.60267290381609, -43.64654115747807], [172.60267290381609, -43.64681065206331], [172.60321189298656, -43.64681065206331], [172.60321189298656, -43.64708014664855]]]}, "id": "+1308388+458810", "properties": {"count": 6, "label": 1}}, {"type": "Feature", "geometry": {"geodesic": false, "type": "Polygon", "coordinates": [[[172.60536784966843, -43.618783215198775], [172.60617633342412, -43.618783215198775], [172.60617633342412, -43.61851372061355], [172.60644582800938, -43.61851372061355], [172.60644582800938, -43.61824422602831], [172.60725431176508, -43.61824422602831], [172.60725431176508, -43.61770523685783], [172.60752380635034, -43.61770523685783], [172.60752380635034, -43.617166247687365], [172.60644582800938, -43.617166247687365], [172.60644582800938, -43.616896753102125], [172.6067153225946, -43.616896753102125], [172.6067153225946, -43.616627258516885], [172.6059068388389, -43.616627258516885], [172.6059068388389, -43.61635776393166], [172.60563734425364, -43.61635776393166], [172.60563734425364, -43.615549280175955], [172.60536784966843, -43.615549280175955], [172.60536784966843, -43.615279785590715], [172.60428987132747, -43.615279785590715], [172.60428987132747, -43.615549280175955], [172.60455936591273, -43.615549280175955], [172.60455936591273, -43.61581877476118], [172.603750882157, -43.61581877476118], [172.603750882157, -43.615549280175955], [172.60159492547513, -43.615549280175955], [172.60159492547513, -43.615279785590715], [172.60105593630465, -43.615279785590715], [172.60105593630465, -43.615549280175955], [172.60024745254896, -43.615549280175955], [172.60024745254896, -43.615279785590715], [172.59943896879327, -43.615279785590715], [172.59943896879327, -43.615549280175955], [172.59970846337848, -43.615549280175955], [172.59970846337848, -43.61581877476118], [172.60132543088991, -43.61581877476118], [172.60132543088991, -43.61608826934642], [172.6021339146456, -43.61608826934642], [172.6021339146456, -43.61635776393166], [172.6029423984013, -43.61635776393166], [172.6029423984013, -43.61608826934642], [172.60348138757178, -43.61608826934642], [172.60348138757178, -43.61635776393166], [172.60321189298656, -43.61635776393166], [172.60321189298656, -43.616627258516885], [172.60402037674226, -43.616627258516885], [172.60402037674226, -43.617166247687365], [172.60428987132747, -43.617166247687365], [172.60428987132747, -43.61770523685783], [172.60509835508321, -43.61770523685783], [172.60509835508321, -43.61824422602831], [172.60536784966843, -43.61824422602831], [172.60536784966843, -43.618783215198775]], [[172.603750882157, -43.61608826934642], [172.603750882157, -43.61581877476118], [172.60348138757178, -43.61581877476118], [172.60348138757178, -43.61608826934642], [172.603750882157, -43.61608826934642]], [[172.60563734425364, -43.616627258516885], [172.60563734425364, -43.61635776393166], [172.60536784966843, -43.61635776393166], [172.60536784966843, -43.616627258516885], [172.60563734425364, -43.616627258516885]]]}, "id": "+1308397+458705", "properties": {"count": 129, "label": 1}}, {"type": "Feature", "geometry": {"geodesic": false, "type": "Polygon", "coordinates": [[[172.6067153225946, -43.62579007441491], [172.60779330093555, -43.62579007441491], [172.60779330093555, -43.6249815906592], [172.6088712792765, -43.6249815906592], [172.6088712792765, -43.624712096073964], [172.61102723595837, -43.624712096073964], [172.61102723595837, -43.6249815906592], [172.61156622512885, -43.6249815906592], [172.61156622512885, -43.624712096073964], [172.6126442034698, -43.624712096073964], [172.6126442034698, -43.6241731069035], [172.61183571971407, -43.6241731069035], [172.61183571971407, -43.62390361231826], [172.61156622512885, -43.62390361231826], [172.61156622512885, -43.62363411773302], [172.61129673054364, -43.62363411773302], [172.61129673054364, -43.62390361231826], [172.61075774137316, -43.62390361231826], [172.61075774137316, -43.62363411773302], [172.6096797630322, -43.62363411773302], [172.6096797630322, -43.62336462314779], [172.609410268447, -43.62336462314779], [172.609410268447, -43.623095128562554], [172.60914077386172, -43.623095128562554], [172.60914077386172, -43.622825633977314], [172.60833229010603, -43.622825633977314], [172.60833229010603, -43.623095128562554], [172.60779330093555, -43.623095128562554], [172.60779330093555, -43.62390361231826], [172.60644582800938, -43.62390361231826], [172.60644582800938, -43.6241731069035], [172.6067153225946, -43.6241731069035], [172.6067153225946, -43.62444260148874], [172.60617633342412, -43.62444260148874], [172.60617633342412, -43.6241731069035], [172.6059068388389, -43.6241731069035], [172.6059068388389, -43.624712096073964], [172.60617633342412, -43.624712096073964], [172.60617633342412, -43.62525108524444], [172.6067153225946, -43.62525108524444], [172.6067153225946, -43.62579007441491]], [[172.60833229010603, -43.62363411773302], [172.60833229010603, -43.62336462314779], [172.60806279552077, -43.62336462314779], [172.60806279552077, -43.62363411773302], [172.60833229010603, -43.62363411773302]], [[172.60833229010603, -43.6241731069035], [172.60833229010603, -43.62390361231826], [172.60779330093555, -43.62390361231826], [172.60779330093555, -43.6241731069035], [172.60833229010603, -43.6241731069035]], [[172.60860178469125, -43.62444260148874], [172.60860178469125, -43.6241731069035], [172.60833229010603, -43.6241731069035], [172.60833229010603, -43.62444260148874], [172.60860178469125, -43.62444260148874]], [[172.60994925761742, -43.62444260148874], [172.60994925761742, -43.6241731069035], [172.6096797630322, -43.6241731069035], [172.6096797630322, -43.62390361231826], [172.609410268447, -43.62390361231826], [172.609410268447, -43.62363411773302], [172.6088712792765, -43.62363411773302], [172.6088712792765, -43.6241731069035], [172.60914077386172, -43.6241731069035], [172.60914077386172, -43.62444260148874], [172.60994925761742, -43.62444260148874]], [[172.61129673054364, -43.62444260148874], [172.61129673054364, -43.6241731069035], [172.61075774137316, -43.6241731069035], [172.61075774137316, -43.62444260148874], [172.61129673054364, -43.62444260148874]]]}, "id": "+1308403+458731", "properties": {"count": 108, "label": 1}}, {"type": "Feature", "geometry": {"geodesic": false, "type": "Polygon", "coordinates": [[[172.6088712792765, -43.64034278201764], [172.609410268447, -43.64034278201764], [172.609410268447, -43.639534298261935], [172.6096797630322, -43.639534298261935], [172.6096797630322, -43.63872581450623], [172.609410268447, -43.63872581450623], [172.609410268447, -43.63899530909147], [172.6088712792765, -43.63899530909147], [172.6088712792765, -43.63926480367671], [172.60833229010603, -43.63926480367671], [172.60833229010603, -43.639534298261935], [172.60806279552077, -43.639534298261935], [172.60806279552077, -43.640073287432415], [172.60833229010603, -43.640073287432415], [172.60833229010603, -43.639534298261935], [172.60860178469125, -43.639534298261935], [172.60860178469125, -43.640073287432415], [172.6088712792765, -43.640073287432415], [172.6088712792765, -43.64034278201764]]]}, "id": "+1308409+458785", "properties": {"count": 19, "label": 1}}, {"type": "Feature", "geometry": {"geodesic": false, "type": "Polygon", "coordinates": [[[172.61075774137316, -43.623095128562554], [172.61102723595837, -43.623095128562554], [172.61102723595837, -43.622825633977314], [172.61129673054364, -43.622825633977314], [172.61129673054364, -43.622556139392074], [172.61102723595837, -43.622556139392074], [172.61102723595837, -43.622825633977314], [172.61075774137316, -43.622825633977314], [172.61075774137316, -43.62228664480685], [172.61021875220268, -43.62228664480685], [172.61021875220268, -43.62174765563637], [172.6096797630322, -43.62174765563637], [172.6096797630322, -43.621478161051144], [172.609410268447, -43.621478161051144], [172.609410268447, -43.621208666465904], [172.60914077386172, -43.621208666465904], [172.60914077386172, -43.620939171880664], [172.60860178469125, -43.620939171880664], [172.60860178469125, -43.621478161051144], [172.60806279552077, -43.621478161051144], [172.60806279552077, -43.62174765563637], [172.60860178469125, -43.62174765563637], [172.60860178469125, -43.62201715022161], [172.6088712792765, -43.62201715022161], [172.6088712792765, -43.62228664480685], [172.60860178469125, -43.62228664480685], [172.60860178469125, -43.622556139392074], [172.60914077386172, -43.622556139392074], [172.60914077386172, -43.62228664480685], [172.609410268447, -43.62228664480685], [172.609410268447, -43.622556139392074], [172.61021875220268, -43.622556139392074], [172.61021875220268, -43.622825633977314], [172.61075774137316, -43.622825633977314], [172.61075774137316, -43.623095128562554]], [[172.60994925761742, -43.62228664480685], [172.60994925761742, -43.62201715022161], [172.609410268447, -43.62201715022161], [172.609410268447, -43.62228664480685], [172.60994925761742, -43.62228664480685]]]}, "id": "+1308415+458721", "properties": {"count": 31, "label": 1}}, {"type": "Feature", "geometry": {"geodesic": false, "type": "Polygon", "coordinates": [[[172.6104882467879, -43.60288303466986], [172.61129673054364, -43.60288303466986], [172.61129673054364, -43.60261354008463], [172.61102723595837, -43.60261354008463], [172.61102723595837, -43.60234404549939], [172.61129673054364, -43.60234404549939], [172.61129673054364, -43.60207455091415], [172.61210521429933, -43.60207455091415], [172.61210521429933, -43.601805056328914], [172.61237470888454, -43.601805056328914], [172.61237470888454, -43.60153556174369], [172.61183571971407, -43.60153556174369], [172.61183571971407, -43.601805056328914], [172.6096797630322, -43.601805056328914], [172.6096797630322, -43.60207455091415], [172.60994925761742, -43.60207455091415], [172.60994925761742, -43.60234404549939], [172.61021875220268, -43.60234404549939], [172.61021875220268, -43.60207455091415], [172.6104882467879, -43.60207455091415], [172.6104882467879, -43.60288303466986]]]}, "id": "+1308416+458646", "properties": {"count": 20, "label": 1}}, {"type": "Feature", "geometry": {"geodesic": false, "type": "Polygon", "coordinates": [[[172.61129673054364, -43.60503899135175], [172.61210521429933, -43.60503899135175], [172.61210521429933, -43.60476949676651], [172.61183571971407, -43.60476949676651], [172.61183571971407, -43.60450000218128], [172.61129673054364, -43.60450000218128], [172.61129673054364, -43.60423050759604], [172.61183571971407, -43.60423050759604], [172.61183571971407, -43.6039610130108], [172.61156622512885, -43.6039610130108], [172.61156622512885, -43.60369151842558], [172.61129673054364, -43.60369151842558], [172.61129673054364, -43.60342202384034], [172.61075774137316, -43.60342202384034], [172.61075774137316, -43.6039610130108], [172.6104882467879, -43.6039610130108], [172.6104882467879, -43.60423050759604], [172.61102723595837, -43.60423050759604], [172.61102723595837, -43.60450000218128], [172.61129673054364, -43.60450000218128], [172.61129673054364, -43.60503899135175]]]}, "id": "+1308419+458654", "properties": {"count": 16, "label": 1}}, {"type": "Feature", "geometry": {"geodesic": false, "type": "Polygon", "coordinates": [[[172.61210521429933, -43.62929350402298], [172.61237470888454, -43.62929350402298], [172.61237470888454, -43.62902400943774], [172.6126442034698, -43.62902400943774], [172.6126442034698, -43.62848502026726], [172.61210521429933, -43.62848502026726], [172.61210521429933, -43.62821552568204], [172.61183571971407, -43.62821552568204], [172.61183571971407, -43.6287545148525], [172.61210521429933, -43.6287545148525], [172.61210521429933, -43.62929350402298]]]}, "id": "+1308420+458744", "properties": {"count": 7, "label": 1}}, {"type": "Feature", "geometry": {"geodesic": false, "type": "Polygon", "coordinates": [[[172.61183571971407, -43.59911011047656], [172.6126442034698, -43.59911011047656], [172.6126442034698, -43.59884061589132], [172.61237470888454, -43.59884061589132], [172.61237470888454, -43.598301626720854], [172.6126442034698, -43.598301626720854], [172.6126442034698, -43.598032132135614], [172.61210521429933, -43.598032132135614], [172.61210521429933, -43.598301626720854], [172.61183571971407, -43.598301626720854], [172.61183571971407, -43.598032132135614], [172.61156622512885, -43.598032132135614], [172.61156622512885, -43.59776263755039], [172.61183571971407, -43.59776263755039], [172.61183571971407, -43.59749314296515], [172.61129673054364, -43.59749314296515], [172.61129673054364, -43.596145670038965], [172.61156622512885, -43.596145670038965], [172.61156622512885, -43.595876175453725], [172.61102723595837, -43.595876175453725], [172.61102723595837, -43.596145670038965], [172.61075774137316, -43.596145670038965], [172.61075774137316, -43.596684659209444], [172.61102723595837, -43.596684659209444], [172.61102723595837, -43.59722364837991], [172.61075774137316, -43.59722364837991], [172.61075774137316, -43.59695415379467], [172.60994925761742, -43.59695415379467], [172.60994925761742, -43.596684659209444], [172.61021875220268, -43.596684659209444], [172.61021875220268, -43.596415164624204], [172.6096797630322, -43.596415164624204], [172.6096797630322, -43.596684659209444], [172.609410268447, -43.596684659209444], [172.609410268447, -43.59695415379467], [172.60994925761742, -43.59695415379467], [172.60994925761742, -43.59722364837991], [172.6104882467879, -43.59722364837991], [172.6104882467879, -43.59749314296515], [172.61021875220268, -43.59749314296515], [172.61021875220268, -43.59776263755039], [172.60994925761742, -43.59776263755039], [172.60994925761742, -43.598032132135614], [172.61021875220268, -43.598032132135614], [172.61021875220268, -43.59776263755039], [172.6104882467879, -43.59776263755039], [172.6104882467879, -43.59884061589132], [172.60994925761742, -43.59884061589132], [172.60994925761742, -43.59911011047656], [172.61156622512885, -43.59911011047656], [172.61156622512885, -43.598571121306094], [172.61210521429933, -43.598571121306094], [172.61210521429933, -43.59884061589132], [172.61183571971407, -43.59884061589132], [172.61183571971407, -43.59911011047656]]]}, "id": "+1308421+458632", "properties": {"count": 57, "label": 1}}, {"type": "Feature", "geometry": {"geodesic": false, "type": "Polygon", "coordinates": [[[172.61183571971407, -43.61959169895448], [172.6134526872255, -43.61959169895448], [172.6134526872255, -43.619322204369254], [172.61372218181072, -43.619322204369254], [172.61372218181072, -43.619052709784015], [172.61533914932215, -43.619052709784015], [172.61533914932215, -43.619322204369254], [172.61560864390736, -43.619322204369254], [172.61560864390736, -43.619052709784015], [172.61587813849263, -43.619052709784015], [172.61587813849263, -43.618783215198775], [172.61614763307784, -43.618783215198775], [172.61614763307784, -43.61851372061355], [172.6164171276631, -43.61851372061355], [172.6164171276631, -43.61797473144307], [172.61614763307784, -43.61797473144307], [172.61614763307784, -43.61770523685783], [172.61668662224832, -43.61770523685783], [172.61668662224832, -43.617435742272605], [172.6172256114188, -43.617435742272605], [172.6172256114188, -43.617166247687365], [172.61749510600401, -43.617166247687365], [172.61749510600401, -43.616896753102125], [172.61776460058928, -43.616896753102125], [172.61776460058928, -43.616627258516885], [172.61830358975976, -43.616627258516885], [172.61830358975976, -43.61635776393166], [172.61857308434497, -43.61635776393166], [172.61857308434497, -43.61608826934642], [172.61911207351545, -43.61608826934642], [172.61911207351545, -43.615549280175955], [172.61938156810072, -43.615549280175955], [172.61938156810072, -43.615279785590715], [172.61911207351545, -43.615279785590715], [172.61911207351545, -43.61447130183501], [172.61884257893024, -43.61447130183501], [172.61884257893024, -43.61420180724977], [172.61830358975976, -43.61420180724977], [172.61830358975976, -43.61366281807929], [172.6180340951745, -43.61366281807929], [172.6180340951745, -43.613393323494066], [172.61668662224832, -43.613393323494066], [172.61668662224832, -43.613123828908826], [172.61587813849263, -43.613123828908826], [172.61587813849263, -43.611237366812176], [172.61533914932215, -43.611237366812176], [172.61533914932215, -43.61096787222694], [172.61480016015167, -43.61096787222694], [172.61480016015167, -43.61015938847123], [172.61372218181072, -43.61015938847123], [172.61372218181072, -43.60988989388599], [172.6134526872255, -43.60988989388599], [172.6134526872255, -43.60935090471553], [172.6131831926403, -43.60935090471553], [172.6131831926403, -43.609620399300766], [172.61237470888454, -43.609620399300766], [172.61237470888454, -43.60935090471553], [172.61183571971407, -43.60935090471553], [172.61183571971407, -43.60881191554505], [172.61156622512885, -43.60881191554505], [172.61156622512885, -43.60827292637458], [172.61183571971407, -43.60827292637458], [172.61183571971407, -43.60800343178934], [172.61210521429933, -43.60800343178934], [172.61210521429933, -43.6077339372041], [172.61183571971407, -43.6077339372041], [172.61183571971407, -43.60800343178934], [172.61156622512885, -43.60800343178934], [172.61156622512885, -43.60827292637458], [172.61075774137316, -43.60827292637458], [172.61075774137316, -43.60854242095982], [172.61021875220268, -43.60854242095982], [172.61021875220268, -43.60665595886317], [172.60994925761742, -43.60665595886317], [172.60994925761742, -43.60611696969269], [172.61021875220268, -43.60611696969269], [172.61021875220268, -43.60557798052223], [172.61075774137316, -43.60557798052223], [172.61075774137316, -43.60584747510745], [172.6104882467879, -43.60584747510745], [172.6104882467879, -43.60611696969269], [172.61156622512885, -43.60611696969269], [172.61156622512885, -43.60584747510745], [172.61102723595837, -43.60584747510745], [172.61102723595837, -43.60530848593699], [172.61075774137316, -43.60530848593699], [172.61075774137316, -43.60503899135175], [172.609410268447, -43.60503899135175], [172.609410268447, -43.60450000218128], [172.6088712792765, -43.60450000218128], [172.6088712792765, -43.60423050759604], [172.60833229010603, -43.60423050759604], [172.60833229010603, -43.6039610130108], [172.60806279552077, -43.6039610130108], [172.60806279552077, -43.60369151842558], [172.60752380635034, -43.60369151842558], [172.60752380635034, -43.6031525292551], [172.60725431176508, -43.6031525292551], [172.60725431176508, -43.60288303466986], [172.60752380635034, -43.60288303466986], [172.60752380635034, -43.60261354008463], [172.60779330093555, -43.60261354008463], [172.60779330093555, -43.60207455091415], [172.6067153225946, -43.60207455091415], [172.6067153225946, -43.60288303466986], [172.6059068388389, -43.60288303466986], [172.6059068388389, -43.60342202384034], [172.60563734425364, -43.60342202384034], [172.60563734425364, -43.60503899135175], [172.60536784966843, -43.60503899135175], [172.60536784966843, -43.60584747510745], [172.60482886049795, -43.60584747510745], [172.60482886049795, -43.60611696969269], [172.60428987132747, -43.60611696969269], [172.60428987132747, -43.60638646427793], [172.60321189298656, -43.60638646427793], [172.60321189298656, -43.60665595886317], [172.6021339146456, -43.60665595886317], [172.6021339146456, -43.60746444261888], [172.60240340923082, -43.60746444261888], [172.60240340923082, -43.60800343178934], [172.6029423984013, -43.60800343178934], [172.6029423984013, -43.60854242095982], [172.60321189298656, -43.60854242095982], [172.60321189298656, -43.60935090471553], [172.603750882157, -43.60935090471553], [172.603750882157, -43.609620399300766], [172.60536784966843, -43.609620399300766], [172.60536784966843, -43.60988989388599], [172.60482886049795, -43.60988989388599], [172.60482886049795, -43.61042888305647], [172.60536784966843, -43.61042888305647], [172.60536784966843, -43.61096787222694], [172.60617633342412, -43.61096787222694], [172.60617633342412, -43.611237366812176], [172.6067153225946, -43.611237366812176], [172.6067153225946, -43.61096787222694], [172.60779330093555, -43.61096787222694], [172.60779330093555, -43.611237366812176], [172.60833229010603, -43.611237366812176], [172.60833229010603, -43.61177635598264], [172.60860178469125, -43.61177635598264], [172.60860178469125, -43.612854334323586], [172.6088712792765, -43.612854334323586], [172.6088712792765, -43.613123828908826], [172.6096797630322, -43.613123828908826], [172.6096797630322, -43.613393323494066], [172.6104882467879, -43.613393323494066], [172.6104882467879, -43.61366281807929], [172.61075774137316, -43.61366281807929], [172.61075774137316, -43.61393231266453], [172.61129673054364, -43.61393231266453], [172.61129673054364, -43.61420180724977], [172.61156622512885, -43.61420180724977], [172.61156622512885, -43.61447130183501], [172.61183571971407, -43.61447130183501], [172.61183571971407, -43.615279785590715], [172.61210521429933, -43.615279785590715], [172.61210521429933, -43.615549280175955], [172.61237470888454, -43.615549280175955], [172.61237470888454, -43.61608826934642], [172.6126442034698, -43.61608826934642], [172.6126442034698, -43.616627258516885], [172.61291369805502, -43.616627258516885], [172.61291369805502, -43.616896753102125], [172.6126442034698, -43.616896753102125], [172.6126442034698, -43.617166247687365], [172.6131831926403, -43.617166247687365], [172.6131831926403, -43.61770523685783], [172.61291369805502, -43.61770523685783], [172.61291369805502, -43.61797473144307], [172.6131831926403, -43.61797473144307], [172.6131831926403, -43.61824422602831], [172.61372218181072, -43.61824422602831], [172.61372218181072, -43.61851372061355], [172.6134526872255, -43.61851372061355], [172.6134526872255, -43.618783215198775], [172.61372218181072, -43.618783215198775], [172.61372218181072, -43.619052709784015], [172.6134526872255, -43.619052709784015], [172.6134526872255, -43.619322204369254], [172.6131831926403, -43.619322204369254], [172.6131831926403, -43.619052709784015], [172.6126442034698, -43.619052709784015], [172.6126442034698, -43.619322204369254], [172.61237470888454, -43.619322204369254], [172.61237470888454, -43.61851372061355], [172.61210521429933, -43.61851372061355], [172.61210521429933, -43.61824422602831], [172.61183571971407, -43.61824422602831], [172.61183571971407, -43.61797473144307], [172.61129673054364, -43.61797473144307], [172.61129673054364, -43.61770523685783], [172.61183571971407, -43.61770523685783], [172.61183571971407, -43.617166247687365], [172.61021875220268, -43.617166247687365], [172.61021875220268, -43.617435742272605], [172.6104882467879, -43.617435742272605], [172.6104882467879, -43.61770523685783], [172.60994925761742, -43.61770523685783], [172.60994925761742, -43.61797473144307], [172.6088712792765, -43.61797473144307], [172.6088712792765, -43.61824422602831], [172.60860178469125, -43.61824422602831], [172.60860178469125, -43.61797473144307], [172.60833229010603, -43.61797473144307], [172.60833229010603, -43.61824422602831], [172.60860178469125, -43.61824422602831], [172.60860178469125, -43.61851372061355], [172.60806279552077, -43.61851372061355], [172.60806279552077, -43.618783215198775], [172.60860178469125, -43.618783215198775], [172.60860178469125, -43.61851372061355], [172.60914077386172, -43.61851372061355], [172.60914077386172, -43.618783215198775], [172.609410268447, -43.618783215198775], [172.609410268447, -43.619322204369254], [172.60914077386172, -43.619322204369254], [172.60914077386172, -43.61959169895448], [172.609410268447, -43.61959169895448], [172.609410268447, -43.619322204369254], [172.61075774137316, -43.619322204369254], [172.61075774137316, -43.619052709784015], [172.61102723595837, -43.619052709784015], [172.61102723595837, -43.618783215198775], [172.61129673054364, -43.618783215198775], [172.61129673054364, -43.619052709784015], [172.61183571971407, -43.619052709784015], [172.61183571971407, -43.61959169895448]], [[172.61021875220268, -43.61851372061355], [172.61021875220268, -43.61824422602831], [172.60994925761742, -43.61824422602831], [172.60994925761742, -43.61851372061355], [172.61021875220268, -43.61851372061355]], [[172.61210521429933, -43.618783215198775], [172.61210521429933, -43.61851372061355], [172.61183571971407, -43.61851372061355], [172.61183571971407, -43.618783215198775], [172.61210521429933, -43.618783215198775]], [[172.609410268447, -43.60611696969269], [172.609410268447, -43.60557798052223], [172.60994925761742, -43.60557798052223], [172.60994925761742, -43.60530848593699], [172.609410268447, -43.60530848593699], [172.609410268447, -43.60503899135175], [172.6088712792765, -43.60503899135175], [172.6088712792765, -43.60476949676651], [172.60860178469125, -43.60476949676651], [172.60860178469125, -43.60530848593699], [172.6088712792765, -43.60530848593699], [172.6088712792765, -43.60557798052223], [172.60914077386172, -43.60557798052223], [172.60914077386172, -43.60611696969269], [172.609410268447, -43.60611696969269]], [[172.6096797630322, -43.60638646427793], [172.6096797630322, -43.60611696969269], [172.609410268447, -43.60611696969269], [172.609410268447, -43.60638646427793], [172.6096797630322, -43.60638646427793]], [[172.60779330093555, -43.609620399300766], [172.60779330093555, -43.60908141013029], [172.60833229010603, -43.60908141013029], [172.60833229010603, -43.60881191554505], [172.60860178469125, -43.60881191554505], [172.60860178469125, -43.60854242095982], [172.60914077386172, -43.60854242095982], [172.60914077386172, -43.60827292637458], [172.60806279552077, -43.60827292637458], [172.60806279552077, -43.60854242095982], [172.60752380635034, -43.60854242095982], [172.60752380635034, -43.60881191554505], [172.60698481717986, -43.60881191554505], [172.60698481717986, -43.60908141013029], [172.60617633342412, -43.60908141013029], [172.60617633342412, -43.60935090471553], [172.6059068388389, -43.60935090471553], [172.6059068388389, -43.609620399300766], [172.60698481717986, -43.609620399300766], [172.60698481717986, -43.60935090471553], [172.60725431176508, -43.60935090471553], [172.60725431176508, -43.60908141013029], [172.60752380635034, -43.60908141013029], [172.60752380635034, -43.609620399300766], [172.60779330093555, -43.609620399300766]]]}, "id": "+1308424+458708", "properties": {"count": 1442, "label": 1}}, {"type": "Feature", "geometry": {"geodesic": false, "type": "Polygon", "coordinates": [[[172.61291369805502, -43.621208666465904], [172.6134526872255, -43.621208666465904], [172.6134526872255, -43.620669677295425], [172.61372218181072, -43.620669677295425], [172.61372218181072, -43.62013068812496], [172.6131831926403, -43.62013068812496], [172.6131831926403, -43.61986119353972], [172.61291369805502, -43.61986119353972], [172.61291369805502, -43.620669677295425], [172.6131831926403, -43.620669677295425], [172.6131831926403, -43.620939171880664], [172.61291369805502, -43.620939171880664], [172.61291369805502, -43.621208666465904]]]}, "id": "+1308424+458714", "properties": {"count": 10, "label": 1}}, {"type": "Feature", "geometry": {"geodesic": false, "type": "Polygon", "coordinates": [[[172.6134526872255, -43.598301626720854], [172.6142611709812, -43.598301626720854], [172.6142611709812, -43.598032132135614], [172.61506965473694, -43.598032132135614], [172.61506965473694, -43.59776263755039], [172.61453066556646, -43.59776263755039], [172.61453066556646, -43.59749314296515], [172.6142611709812, -43.59749314296515], [172.6142611709812, -43.59722364837991], [172.61453066556646, -43.59722364837991], [172.61453066556646, -43.596684659209444], [172.6142611709812, -43.596684659209444], [172.6142611709812, -43.59722364837991], [172.61372218181072, -43.59722364837991], [172.61372218181072, -43.59695415379467], [172.6134526872255, -43.59695415379467], [172.6134526872255, -43.596415164624204], [172.61291369805502, -43.596415164624204], [172.61291369805502, -43.596684659209444], [172.61237470888454, -43.596684659209444], [172.61237470888454, -43.59695415379467], [172.61210521429933, -43.59695415379467], [172.61210521429933, -43.59776263755039], [172.61237470888454, -43.59776263755039], [172.61237470888454, -43.59749314296515], [172.6126442034698, -43.59749314296515], [172.6126442034698, -43.59776263755039], [172.61291369805502, -43.59776263755039], [172.61291369805502, -43.598032132135614], [172.6134526872255, -43.598032132135614], [172.6134526872255, -43.598301626720854]]]}, "id": "+1308427+458629", "properties": {"count": 41, "label": 1}}, {"type": "Feature", "geometry": {"geodesic": false, "type": "Polygon", "coordinates": [[[172.6142611709812, -43.590755778334255], [172.61480016015167, -43.590755778334255], [172.61480016015167, -43.590216789163776], [172.61560864390736, -43.590216789163776], [172.61560864390736, -43.589947294578536], [172.61480016015167, -43.589947294578536], [172.61480016015167, -43.590216789163776], [172.6142611709812, -43.590216789163776], [172.6142611709812, -43.590755778334255]]]}, "id": "+1308429+458601", "properties": {"count": 7, "label": 1}}, {"type": "Feature", "geometry": {"geodesic": false, "type": "Polygon", "coordinates": [[[172.61399167639598, -43.59506769169802], [172.61480016015167, -43.59506769169802], [172.61480016015167, -43.594798197112794], [172.61533914932215, -43.594798197112794], [172.61533914932215, -43.594528702527555], [172.61587813849263, -43.594528702527555], [172.61587813849263, -43.593989713357075], [172.61614763307784, -43.593989713357075], [172.61614763307784, -43.59372021877185], [172.61668662224832, -43.59372021877185], [172.61668662224832, -43.59345072418661], [172.6169561168336, -43.59345072418661], [172.6169561168336, -43.59318122960137], [172.6172256114188, -43.59318122960137], [172.6172256114188, -43.592642240430905], [172.61749510600401, -43.592642240430905], [172.61749510600401, -43.592372745845665], [172.6172256114188, -43.592372745845665], [172.6172256114188, -43.5918337566752], [172.6169561168336, -43.5918337566752], [172.6169561168336, -43.59156426208996], [172.61480016015167, -43.59156426208996], [172.61480016015167, -43.5918337566752], [172.61453066556646, -43.5918337566752], [172.61453066556646, -43.592103251260426], [172.6142611709812, -43.592103251260426], [172.6142611709812, -43.592372745845665], [172.61372218181072, -43.592372745845665], [172.61372218181072, -43.592642240430905], [172.6131831926403, -43.592642240430905], [172.6131831926403, -43.59291173501613], [172.61291369805502, -43.59291173501613], [172.61291369805502, -43.59318122960137], [172.6131831926403, -43.59318122960137], [172.6131831926403, -43.59372021877185], [172.61372218181072, -43.59372021877185], [172.61372218181072, -43.59345072418661], [172.61480016015167, -43.59345072418661], [172.61480016015167, -43.594259207942315], [172.61399167639598, -43.594259207942315], [172.61399167639598, -43.59506769169802]], [[172.61668662224832, -43.59345072418661], [172.61668662224832, -43.59291173501613], [172.61614763307784, -43.59291173501613], [172.61614763307784, -43.59345072418661], [172.61668662224832, -43.59345072418661]]]}, "id": "+1308429+458617", "properties": {"count": 117, "label": 1}}, {"type": "Feature", "geometry": {"geodesic": false, "type": "Polygon", "coordinates": [[[172.6142611709812, -43.6039610130108], [172.61480016015167, -43.6039610130108], [172.61480016015167, -43.60369151842558], [172.61506965473694, -43.60369151842558], [172.61506965473694, -43.60342202384034], [172.61480016015167, -43.60342202384034], [172.61480016015167, -43.6031525292551], [172.6142611709812, -43.6031525292551], [172.6142611709812, -43.6039610130108]], [[172.61480016015167, -43.60369151842558], [172.61480016015167, -43.60342202384034], [172.61453066556646, -43.60342202384034], [172.61453066556646, -43.60369151842558], [172.61480016015167, -43.60369151842558]]]}, "id": "+1308429+458650", "properties": {"count": 6, "label": 1}}, {"type": "Feature", "geometry": {"geodesic": false, "type": "Polygon", "coordinates": [[[172.61453066556646, -43.60072707798798], [172.61533914932215, -43.60072707798798], [172.61533914932215, -43.600188088817504], [172.61506965473694, -43.600188088817504], [172.61506965473694, -43.59964909964704], [172.61453066556646, -43.59964909964704], [172.61453066556646, -43.5993796050618], [172.6142611709812, -43.5993796050618], [172.6142611709812, -43.59911011047656], [172.61399167639598, -43.59911011047656], [172.61399167639598, -43.59884061589132], [172.6131831926403, -43.59884061589132], [172.6131831926403, -43.5993796050618], [172.61372218181072, -43.5993796050618], [172.61372218181072, -43.59964909964704], [172.61399167639598, -43.59964909964704], [172.61399167639598, -43.600188088817504], [172.61453066556646, -43.600188088817504], [172.61453066556646, -43.60072707798798]]]}, "id": "+1308431+458638", "properties": {"count": 24, "label": 1}}, {"type": "Feature", "geometry": {"geodesic": false, "type": "Polygon", "coordinates": [[[172.61506965473694, -43.62659855817061], [172.61560864390736, -43.62659855817061], [172.61560864390736, -43.62632906358539], [172.61587813849263, -43.62632906358539], [172.61587813849263, -43.62605956900015], [172.61614763307784, -43.62605956900015], [172.61614763307784, -43.62579007441491], [172.6164171276631, -43.62579007441491], [172.6164171276631, -43.62552057982967], [172.61668662224832, -43.62552057982967], [172.61668662224832, -43.62525108524444], [172.61749510600401, -43.62525108524444], [172.61749510600401, -43.6249815906592], [172.61776460058928, -43.6249815906592], [172.61776460058928, -43.624712096073964], [172.61857308434497, -43.624712096073964], [172.61857308434497, -43.62444260148874], [172.61884257893024, -43.62444260148874], [172.61884257893024, -43.6241731069035], [172.61776460058928, -43.6241731069035], [172.61776460058928, -43.62444260148874], [172.61749510600401, -43.62444260148874], [172.61749510600401, -43.624712096073964], [172.61614763307784, -43.624712096073964], [172.61614763307784, -43.62444260148874], [172.61533914932215, -43.62444260148874], [172.61533914932215, -43.62336462314779], [172.61453066556646, -43.62336462314779], [172.61453066556646, -43.623095128562554], [172.61480016015167, -43.623095128562554], [172.61480016015167, -43.622825633977314], [172.61506965473694, -43.622825633977314], [172.61506965473694, -43.623095128562554], [172.61533914932215, -43.623095128562554], [172.61533914932215, -43.622556139392074], [172.61453066556646, -43.622556139392074], [172.61453066556646, -43.62228664480685], [172.61480016015167, -43.62228664480685], [172.61480016015167, -43.62201715022161], [172.61399167639598, -43.62201715022161], [172.61399167639598, -43.62174765563637], [172.6126442034698, -43.62174765563637], [172.6126442034698, -43.621478161051144], [172.61183571971407, -43.621478161051144], [172.61183571971407, -43.621208666465904], [172.61156622512885, -43.621208666465904], [172.61156622512885, -43.620939171880664], [172.61075774137316, -43.620939171880664], [172.61075774137316, -43.621208666465904], [172.6104882467879, -43.621208666465904], [172.6104882467879, -43.621478161051144], [172.61075774137316, -43.621478161051144], [172.61075774137316, -43.62174765563637], [172.61156622512885, -43.62174765563637], [172.61156622512885, -43.62201715022161], [172.61183571971407, -43.62201715022161], [172.61183571971407, -43.62228664480685], [172.61210521429933, -43.62228664480685], [172.61210521429933, -43.622556139392074], [172.61237470888454, -43.622556139392074], [172.61237470888454, -43.622825633977314], [172.61156622512885, -43.622825633977314], [172.61156622512885, -43.623095128562554], [172.61183571971407, -43.623095128562554], [172.61183571971407, -43.62336462314779], [172.61237470888454, -43.62336462314779], [172.61237470888454, -43.62363411773302], [172.6126442034698, -43.62363411773302], [172.6126442034698, -43.62390361231826], [172.61291369805502, -43.62390361231826], [172.61291369805502, -43.6241731069035], [172.6131831926403, -43.6241731069035], [172.6131831926403, -43.62390361231826], [172.6134526872255, -43.62390361231826], [172.6134526872255, -43.6241731069035], [172.61399167639598, -43.6241731069035], [172.61399167639598, -43.62390361231826], [172.61372218181072, -43.62390361231826], [172.61372218181072, -43.62363411773302], [172.6142611709812, -43.62363411773302], [172.6142611709812, -43.62390361231826], [172.61453066556646, -43.62390361231826], [172.61453066556646, -43.62444260148874], [172.61506965473694, -43.62444260148874], [172.61506965473694, -43.624712096073964], [172.61453066556646, -43.624712096073964], [172.61453066556646, -43.6249815906592], [172.61506965473694, -43.6249815906592], [172.61506965473694, -43.624712096073964], [172.61560864390736, -43.624712096073964], [172.61560864390736, -43.6249815906592], [172.61614763307784, -43.6249815906592], [172.61614763307784, -43.62525108524444], [172.61587813849263, -43.62525108524444], [172.61587813849263, -43.62579007441491], [172.61533914932215, -43.62579007441491], [172.61533914932215, -43.62632906358539], [172.61506965473694, -43.62632906358539], [172.61506965473694, -43.62659855817061]], [[172.6126442034698, -43.62228664480685], [172.6126442034698, -43.62201715022161], [172.61237470888454, -43.62201715022161], [172.61237470888454, -43.62228664480685], [172.6126442034698, -43.62228664480685]], [[172.6131831926403, -43.62228664480685], [172.6131831926403, -43.62201715022161], [172.61291369805502, -43.62201715022161], [172.61291369805502, -43.62228664480685], [172.6131831926403, -43.62228664480685]], [[172.61291369805502, -43.62336462314779], [172.61291369805502, -43.623095128562554], [172.6126442034698, -43.623095128562554], [172.6126442034698, -43.62336462314779], [172.61291369805502, -43.62336462314779]], [[172.6134526872255, -43.62363411773302], [172.6134526872255, -43.62336462314779], [172.6131831926403, -43.62336462314779], [172.6131831926403, -43.62363411773302], [172.6134526872255, -43.62363411773302]]]}, "id": "+1308432+458734", "properties": {"count": 141, "label": 1}}, {"type": "Feature", "geometry": {"geodesic": false, "type": "Polygon", "coordinates": [[[172.61560864390736, -43.58105397326575], [172.61587813849263, -43.58105397326575], [172.61587813849263, -43.58078447868053], [172.61614763307784, -43.58078447868053], [172.61614763307784, -43.58024548951005], [172.61668662224832, -43.58024548951005], [172.61668662224832, -43.57997599492481], [172.6169561168336, -43.57997599492481], [172.6169561168336, -43.57970650033958], [172.6172256114188, -43.57970650033958], [172.6172256114188, -43.5791675111691], [172.6169561168336, -43.5791675111691], [172.6169561168336, -43.57943700575434], [172.61668662224832, -43.57943700575434], [172.61668662224832, -43.57970650033958], [172.61614763307784, -43.57970650033958], [172.61614763307784, -43.57997599492481], [172.61587813849263, -43.57997599492481], [172.61587813849263, -43.58024548951005], [172.61533914932215, -43.58024548951005], [172.61533914932215, -43.57997599492481], [172.61480016015167, -43.57997599492481], [172.61480016015167, -43.57970650033958], [172.61453066556646, -43.57970650033958], [172.61453066556646, -43.57997599492481], [172.61480016015167, -43.57997599492481], [172.61480016015167, -43.58051498409529], [172.61506965473694, -43.58051498409529], [172.61506965473694, -43.58078447868053], [172.61560864390736, -43.58078447868053], [172.61560864390736, -43.58105397326575]]]}, "id": "+1308433+458565", "properties": {"count": 22, "label": 1}}, {"type": "Feature", "geometry": {"geodesic": false, "type": "Polygon", "coordinates": [[[172.61587813849263, -43.59964909964704], [172.61614763307784, -43.59964909964704], [172.61614763307784, -43.5993796050618], [172.6169561168336, -43.5993796050618], [172.6169561168336, -43.598571121306094], [172.61776460058928, -43.598571121306094], [172.61776460058928, -43.598301626720854], [172.6172256114188, -43.598301626720854], [172.6172256114188, -43.598032132135614], [172.61587813849263, -43.598032132135614], [172.61587813849263, -43.598301626720854], [172.61614763307784, -43.598301626720854], [172.61614763307784, -43.598571121306094], [172.61587813849263, -43.598571121306094], [172.61587813849263, -43.59911011047656], [172.61614763307784, -43.59911011047656], [172.61614763307784, -43.5993796050618], [172.61587813849263, -43.5993796050618], [172.61587813849263, -43.59964909964704]]]}, "id": "+1308434+458634", "properties": {"count": 23, "label": 1}}, {"type": "Feature", "geometry": {"geodesic": false, "type": "Polygon", "coordinates": [[[172.61587813849263, -43.58967779999331], [172.6164171276631, -43.58967779999331], [172.6164171276631, -43.58940830540807], [172.6172256114188, -43.58940830540807], [172.6172256114188, -43.588869316237606], [172.61560864390736, -43.588869316237606], [172.61560864390736, -43.58940830540807], [172.61587813849263, -43.58940830540807], [172.61587813849263, -43.58967779999331]]]}, "id": "+1308435+458597", "properties": {"count": 14, "label": 1}}, {"type": "Feature", "geometry": {"geodesic": false, "type": "Polygon", "coordinates": [[[172.6164171276631, -43.62956299860821], [172.61668662224832, -43.62956299860821], [172.61668662224832, -43.62929350402298], [172.6164171276631, -43.62929350402298], [172.6164171276631, -43.62902400943774], [172.61587813849263, -43.62902400943774], [172.61587813849263, -43.62929350402298], [172.61533914932215, -43.62929350402298], [172.61533914932215, -43.62902400943774], [172.61506965473694, -43.62902400943774], [172.61506965473694, -43.6287545148525], [172.61453066556646, -43.6287545148525], [172.61453066556646, -43.62929350402298], [172.61480016015167, -43.62929350402298], [172.61480016015167, -43.62902400943774], [172.61506965473694, -43.62902400943774], [172.61506965473694, -43.62929350402298], [172.61533914932215, -43.62929350402298], [172.61533914932215, -43.62956299860821], [172.61587813849263, -43.62956299860821], [172.61587813849263, -43.62929350402298], [172.6164171276631, -43.62929350402298], [172.6164171276631, -43.62956299860821]]]}, "id": "+1308436+458745", "properties": {"count": 9, "label": 1}}, {"type": "Feature", "geometry": {"geodesic": false, "type": "Polygon", "coordinates": [[[172.6164171276631, -43.622825633977314], [172.6169561168336, -43.622825633977314], [172.6169561168336, -43.622556139392074], [172.6172256114188, -43.622556139392074], [172.6172256114188, -43.62228664480685], [172.6164171276631, -43.62228664480685], [172.6164171276631, -43.62201715022161], [172.61587813849263, -43.62201715022161], [172.61587813849263, -43.62174765563637], [172.61560864390736, -43.62174765563637], [172.61560864390736, -43.62201715022161], [172.61587813849263, -43.62201715022161], [172.61587813849263, -43.62228664480685], [172.61614763307784, -43.62228664480685], [172.61614763307784, -43.622556139392074], [172.6164171276631, -43.622556139392074], [172.6164171276631, -43.622825633977314]]]}, "id": "+1308437+458720", "properties": {"count": 9, "label": 1}}, {"type": "Feature", "geometry": {"geodesic": false, "type": "Polygon", "coordinates": [[[172.61668662224832, -43.588330327067126], [172.61749510600401, -43.588330327067126], [172.61749510600401, -43.58806083248189], [172.61830358975976, -43.58806083248189], [172.61830358975976, -43.58779133789666], [172.61749510600401, -43.58779133789666], [172.61749510600401, -43.58725234872618], [172.6172256114188, -43.58725234872618], [172.6172256114188, -43.58779133789666], [172.61668662224832, -43.58779133789666], [172.61668662224832, -43.588330327067126]]]}, "id": "+1308439+458592", "properties": {"count": 11, "label": 1}}, {"type": "Feature", "geometry": {"geodesic": false, "type": "Polygon", "coordinates": [[[172.61587813849263, -43.6287545148525], [172.61749510600401, -43.6287545148525], [172.61749510600401, -43.62848502026726], [172.61587813849263, -43.62848502026726], [172.61587813849263, -43.6287545148525]]]}, "id": "+1308439+458742", "properties": {"count": 6, "label": 1}}, {"type": "Feature", "geometry": {"geodesic": false, "type": "Polygon", "coordinates": [[[172.6180340951745, -43.595876175453725], [172.61830358975976, -43.595876175453725], [172.61830358975976, -43.59533718628326], [172.61911207351545, -43.59533718628326], [172.61911207351545, -43.59506769169802], [172.61938156810072, -43.59506769169802], [172.61938156810072, -43.594798197112794], [172.61965106268593, -43.594798197112794], [172.61965106268593, -43.593989713357075], [172.61938156810072, -43.593989713357075], [172.61938156810072, -43.59318122960137], [172.61911207351545, -43.59318122960137], [172.61911207351545, -43.59372021877185], [172.61857308434497, -43.59372021877185], [172.61857308434497, -43.593989713357075], [172.6180340951745, -43.593989713357075], [172.6180340951745, -43.594259207942315], [172.61776460058928, -43.594259207942315], [172.61776460058928, -43.59533718628326], [172.6180340951745, -43.59533718628326], [172.6180340951745, -43.595876175453725]]]}, "id": "+1308442+458620", "properties": {"count": 38, "label": 1}}, {"type": "Feature", "geometry": {"geodesic": false, "type": "Polygon", "coordinates": [[[172.61749510600401, -43.62956299860821], [172.61830358975976, -43.62956299860821], [172.61830358975976, -43.6287545148525], [172.61884257893024, -43.6287545148525], [172.61884257893024, -43.62848502026726], [172.61830358975976, -43.62848502026726], [172.61830358975976, -43.6287545148525], [172.6180340951745, -43.6287545148525], [172.6180340951745, -43.62902400943774], [172.61749510600401, -43.62902400943774], [172.61749510600401, -43.62956299860821]]]}, "id": "+1308442+458745", "properties": {"count": 9, "label": 1}}, {"type": "Feature", "geometry": {"geodesic": false, "type": "Polygon", "coordinates": [[[172.6180340951745, -43.645732673722364], [172.61911207351545, -43.645732673722364], [172.61911207351545, -43.645463179137124], [172.61830358975976, -43.645463179137124], [172.61830358975976, -43.6451936845519], [172.61749510600401, -43.6451936845519], [172.61749510600401, -43.645463179137124], [172.6180340951745, -43.645463179137124], [172.6180340951745, -43.645732673722364]]]}, "id": "+1308445+458805", "properties": {"count": 7, "label": 1}}, {"type": "Feature", "geometry": {"geodesic": false, "type": "Polygon", "coordinates": [[[172.61911207351545, -43.58617437038524], [172.61938156810072, -43.58617437038524], [172.61938156810072, -43.58590487580001], [172.6201900518564, -43.58590487580001], [172.6201900518564, -43.58509639204429], [172.61965106268593, -43.58509639204429], [172.61965106268593, -43.58536588662953], [172.61911207351545, -43.58536588662953], [172.61911207351545, -43.58563538121477], [172.61884257893024, -43.58563538121477], [172.61884257893024, -43.58590487580001], [172.61857308434497, -43.58590487580001], [172.61857308434497, -43.58617437038524], [172.61884257893024, -43.58617437038524], [172.61884257893024, -43.58590487580001], [172.61911207351545, -43.58590487580001], [172.61911207351545, -43.58617437038524]]]}, "id": "+1308446+458584", "properties": {"count": 13, "label": 1}}, {"type": "Feature", "geometry": {"geodesic": false, "type": "Polygon", "coordinates": [[[172.61992055727114, -43.62525108524444], [172.6201900518564, -43.62525108524444], [172.6201900518564, -43.6249815906592], [172.62045954644162, -43.6249815906592], [172.62045954644162, -43.624712096073964], [172.6201900518564, -43.624712096073964], [172.6201900518564, -43.6249815906592], [172.61992055727114, -43.6249815906592], [172.61992055727114, -43.6241731069035], [172.62045954644162, -43.6241731069035], [172.62045954644162, -43.62444260148874], [172.6207290410269, -43.62444260148874], [172.6207290410269, -43.62390361231826], [172.6201900518564, -43.62390361231826], [172.6201900518564, -43.62363411773302], [172.61992055727114, -43.62363411773302], [172.61992055727114, -43.62390361231826], [172.61965106268593, -43.62390361231826], [172.61965106268593, -43.62363411773302], [172.61884257893024, -43.62363411773302], [172.61884257893024, -43.62390361231826], [172.61965106268593, -43.62390361231826], [172.61965106268593, -43.62444260148874], [172.61938156810072, -43.62444260148874], [172.61938156810072, -43.6241731069035], [172.61911207351545, -43.6241731069035], [172.61911207351545, -43.62444260148874], [172.61938156810072, -43.62444260148874], [172.61938156810072, -43.6249815906592], [172.61992055727114, -43.6249815906592], [172.61992055727114, -43.62525108524444]]]}, "id": "+1308449+458729", "properties": {"count": 17, "label": 1}}, {"type": "Feature", "geometry": {"geodesic": false, "type": "Polygon", "coordinates": [[[172.6201900518564, -43.62013068812496], [172.62045954644162, -43.62013068812496], [172.62045954644162, -43.61986119353972], [172.6207290410269, -43.61986119353972], [172.6207290410269, -43.61959169895448], [172.6201900518564, -43.61959169895448], [172.6201900518564, -43.619322204369254], [172.61992055727114, -43.619322204369254], [172.61992055727114, -43.619052709784015], [172.6201900518564, -43.619052709784015], [172.6201900518564, -43.618783215198775], [172.61965106268593, -43.618783215198775], [172.61965106268593, -43.61851372061355], [172.61938156810072, -43.61851372061355], [172.61938156810072, -43.619322204369254], [172.61992055727114, -43.619322204369254], [172.61992055727114, -43.61986119353972], [172.6201900518564, -43.61986119353972], [172.6201900518564, -43.62013068812496]]]}, "id": "+1308450+458710", "properties": {"count": 11, "label": 1}}, {"type": "Feature", "geometry": {"geodesic": false, "type": "Polygon", "coordinates": [[[172.6209985356121, -43.620669677295425], [172.62153752478258, -43.620669677295425], [172.62153752478258, -43.6204001827102], [172.6218070193678, -43.6204001827102], [172.6218070193678, -43.62013068812496], [172.62153752478258, -43.62013068812496], [172.62153752478258, -43.61959169895448], [172.6209985356121, -43.61959169895448], [172.6209985356121, -43.61986119353972], [172.62126803019737, -43.61986119353972], [172.62126803019737, -43.62013068812496], [172.62153752478258, -43.62013068812496], [172.62153752478258, -43.6204001827102], [172.6209985356121, -43.6204001827102], [172.6209985356121, -43.62013068812496], [172.6207290410269, -43.62013068812496], [172.6207290410269, -43.6204001827102], [172.6209985356121, -43.6204001827102], [172.6209985356121, -43.620669677295425]]]}, "id": "+1308454+458712", "properties": {"count": 7, "label": 1}}, {"type": "Feature", "geometry": {"geodesic": false, "type": "Polygon", "coordinates": [[[172.62126803019737, -43.589947294578536], [172.6218070193678, -43.589947294578536], [172.6218070193678, -43.58940830540807], [172.62126803019737, -43.58940830540807], [172.62126803019737, -43.58913881082283], [172.6209985356121, -43.58913881082283], [172.6209985356121, -43.588869316237606], [172.62045954644162, -43.588869316237606], [172.62045954644162, -43.58940830540807], [172.6209985356121, -43.58940830540807], [172.6209985356121, -43.58967779999331], [172.62126803019737, -43.58967779999331], [172.62126803019737, -43.589947294578536]]]}, "id": "+1308455+458598", "properties": {"count": 10, "label": 1}}, {"type": "Feature", "geometry": {"geodesic": false, "type": "Polygon", "coordinates": [[[172.6209985356121, -43.63117996611963], [172.62207651395306, -43.63117996611963], [172.62207651395306, -43.63091047153439], [172.62126803019737, -43.63091047153439], [172.62126803019737, -43.63064097694915], [172.6218070193678, -43.63064097694915], [172.6218070193678, -43.63037148236393], [172.62126803019737, -43.63037148236393], [172.62126803019737, -43.63064097694915], [172.6209985356121, -43.63064097694915], [172.6209985356121, -43.63037148236393], [172.6201900518564, -43.63037148236393], [172.6201900518564, -43.63010198777869], [172.61992055727114, -43.63010198777869], [172.61992055727114, -43.63037148236393], [172.61965106268593, -43.63037148236393], [172.61965106268593, -43.63064097694915], [172.61938156810072, -43.63064097694915], [172.61938156810072, -43.63037148236393], [172.61911207351545, -43.63037148236393], [172.61911207351545, -43.63064097694915], [172.61938156810072, -43.63064097694915], [172.61938156810072, -43.63091047153439], [172.61965106268593, -43.63091047153439], [172.61965106268593, -43.63064097694915], [172.62045954644162, -43.63064097694915], [172.62045954644162, -43.63091047153439], [172.6209985356121, -43.63091047153439], [172.6209985356121, -43.63117996611963]]]}, "id": "+1308456+458751", "properties": {"count": 17, "label": 1}}, {"type": "Feature", "geometry": {"geodesic": false, "type": "Polygon", "coordinates": [[[172.62207651395306, -43.59506769169802], [172.62261550312354, -43.59506769169802], [172.62261550312354, -43.594798197112794], [172.62315449229402, -43.594798197112794], [172.62315449229402, -43.594259207942315], [172.62369348146444, -43.594259207942315], [172.62369348146444, -43.59345072418661], [172.62342398687923, -43.59345072418661], [172.62342398687923, -43.59318122960137], [172.62369348146444, -43.59318122960137], [172.62369348146444, -43.59291173501613], [172.62315449229402, -43.59291173501613], [172.62315449229402, -43.592372745845665], [172.62261550312354, -43.592372745845665], [172.62261550312354, -43.59156426208996], [172.62234600853827, -43.59156426208996], [172.62234600853827, -43.59129476750472], [172.6201900518564, -43.59129476750472], [172.6201900518564, -43.5918337566752], [172.61965106268593, -43.5918337566752], [172.61965106268593, -43.59102527291948], [172.61884257893024, -43.59102527291948], [172.61884257893024, -43.590755778334255], [172.61911207351545, -43.590755778334255], [172.61911207351545, -43.590216789163776], [172.61938156810072, -43.590216789163776], [172.61938156810072, -43.589947294578536], [172.61857308434497, -43.589947294578536], [172.61857308434497, -43.58967779999331], [172.6180340951745, -43.58967779999331], [172.6180340951745, -43.589947294578536], [172.61776460058928, -43.589947294578536], [172.61776460058928, -43.58967779999331], [172.6172256114188, -43.58967779999331], [172.6172256114188, -43.589947294578536], [172.6164171276631, -43.589947294578536], [172.6164171276631, -43.590486283749016], [172.6169561168336, -43.590486283749016], [172.6169561168336, -43.590216789163776], [172.6172256114188, -43.590216789163776], [172.6172256114188, -43.590486283749016], [172.61776460058928, -43.590486283749016], [172.61776460058928, -43.590216789163776], [172.6180340951745, -43.590216789163776], [172.6180340951745, -43.589947294578536], [172.61857308434497, -43.589947294578536], [172.61857308434497, -43.590216789163776], [172.61884257893024, -43.590216789163776], [172.61884257893024, -43.590755778334255], [172.61857308434497, -43.590755778334255], [172.61857308434497, -43.59102527291948], [172.61830358975976, -43.59102527291948], [172.61830358975976, -43.59156426208996], [172.6180340951745, -43.59156426208996], [172.6180340951745, -43.5918337566752], [172.61830358975976, -43.5918337566752], [172.61830358975976, -43.592103251260426], [172.61911207351545, -43.592103251260426], [172.61911207351545, -43.5918337566752], [172.61938156810072, -43.5918337566752], [172.61938156810072, -43.592372745845665], [172.62126803019737, -43.592372745845665], [172.62126803019737, -43.592642240430905], [172.6209985356121, -43.592642240430905], [172.6209985356121, -43.59291173501613], [172.6207290410269, -43.59291173501613], [172.6207290410269, -43.59318122960137], [172.6209985356121, -43.59318122960137], [172.6209985356121, -43.59345072418661], [172.6218070193678, -43.59345072418661], [172.6218070193678, -43.59372021877185], [172.62207651395306, -43.59372021877185], [172.62207651395306, -43.593989713357075], [172.62234600853827, -43.593989713357075], [172.62234600853827, -43.594798197112794], [172.62207651395306, -43.594798197112794], [172.62207651395306, -43.59506769169802]]]}, "id": "+1308458+458617", "properties": {"count": 141, "label": 1}}, {"type": "Feature", "geometry": {"geodesic": false, "type": "Polygon", "coordinates": [[[172.62207651395306, -43.63710884699482], [172.62315449229402, -43.63710884699482], [172.62315449229402, -43.63683935240958], [172.62288499770875, -43.63683935240958], [172.62288499770875, -43.63656985782434], [172.62261550312354, -43.63656985782434], [172.62261550312354, -43.636300363239116], [172.62234600853827, -43.636300363239116], [172.62234600853827, -43.636030868653876], [172.62207651395306, -43.636030868653876], [172.62207651395306, -43.636300363239116], [172.62153752478258, -43.636300363239116], [172.62153752478258, -43.63656985782434], [172.62126803019737, -43.63656985782434], [172.62126803019737, -43.63683935240958], [172.62153752478258, -43.63683935240958], [172.62153752478258, -43.63656985782434], [172.62234600853827, -43.63656985782434], [172.62234600853827, -43.63683935240958], [172.62207651395306, -43.63683935240958], [172.62207651395306, -43.63710884699482]]]}, "id": "+1308460+458773", "properties": {"count": 12, "label": 1}}, {"type": "Feature", "geometry": {"geodesic": false, "type": "Polygon", "coordinates": [[[172.62504095439067, -43.586713359555716], [172.62531044897588, -43.586713359555716], [172.62531044897588, -43.58617437038524], [172.62504095439067, -43.58617437038524], [172.62504095439067, -43.58563538121477], [172.6245019652202, -43.58563538121477], [172.6245019652202, -43.58428790828859], [172.62342398687923, -43.58428790828859], [172.62342398687923, -43.58401841370335], [172.62288499770875, -43.58401841370335], [172.62288499770875, -43.58428790828859], [172.62315449229402, -43.58428790828859], [172.62315449229402, -43.58455740287383], [172.62342398687923, -43.58455740287383], [172.62342398687923, -43.58536588662953], [172.62369348146444, -43.58536588662953], [172.62369348146444, -43.58563538121477], [172.62423247063492, -43.58563538121477], [172.62423247063492, -43.58590487580001], [172.6245019652202, -43.58590487580001], [172.6245019652202, -43.58644386497048], [172.62504095439067, -43.58644386497048], [172.62504095439067, -43.586713359555716]]]}, "id": "+1308468+458586", "properties": {"count": 31, "label": 1}}, {"type": "Feature", "geometry": {"geodesic": false, "type": "Polygon", "coordinates": [[[172.6247714598054, -43.63441390114245], [172.6255799435611, -43.63441390114245], [172.6255799435611, -43.633874911971986], [172.6247714598054, -43.633874911971986], [172.6247714598054, -43.63360541738675], [172.6245019652202, -43.63360541738675], [172.6245019652202, -43.633874911971986], [172.6239629760497, -43.633874911971986], [172.6239629760497, -43.634144406557226], [172.62369348146444, -43.634144406557226], [172.62369348146444, -43.63441390114245], [172.6245019652202, -43.63441390114245], [172.6245019652202, -43.633874911971986], [172.6247714598054, -43.633874911971986], [172.6247714598054, -43.63441390114245]]]}, "id": "+1308469+458763", "properties": {"count": 12, "label": 1}}, {"type": "Feature", "geometry": {"geodesic": false, "type": "Polygon", "coordinates": [[[172.6255799435611, -43.61177635598264], [172.62611893273157, -43.61177635598264], [172.62611893273157, -43.611506861397416], [172.62665792190205, -43.611506861397416], [172.62665792190205, -43.611237366812176], [172.62692741648732, -43.611237366812176], [172.62692741648732, -43.61096787222694], [172.62719691107253, -43.61096787222694], [172.62719691107253, -43.61015938847123], [172.627735900243, -43.61015938847123], [172.627735900243, -43.61042888305647], [172.6282748894135, -43.61042888305647], [172.6282748894135, -43.6106983776417], [172.63043084609535, -43.6106983776417], [172.63043084609535, -43.61042888305647], [172.6312393298511, -43.61042888305647], [172.6312393298511, -43.60988989388599], [172.6315088244363, -43.60988989388599], [172.6315088244363, -43.609620399300766], [172.63258680277727, -43.609620399300766], [172.63258680277727, -43.60935090471553], [172.63312579194775, -43.60935090471553], [172.63312579194775, -43.60881191554505], [172.63339528653296, -43.60881191554505], [172.63339528653296, -43.60854242095982], [172.63366478111817, -43.60854242095982], [172.63366478111817, -43.60988989388599], [172.6350122540444, -43.60988989388599], [172.6350122540444, -43.609620399300766], [172.6352817486296, -43.609620399300766], [172.6352817486296, -43.61015938847123], [172.6360902323853, -43.61015938847123], [172.6360902323853, -43.60988989388599], [172.63662922155578, -43.60988989388599], [172.63662922155578, -43.609620399300766], [172.63743770531147, -43.609620399300766], [172.63743770531147, -43.60935090471553], [172.63770719989674, -43.60935090471553], [172.63770719989674, -43.60908141013029], [172.63689871614105, -43.60908141013029], [172.63689871614105, -43.60881191554505], [172.63635972697057, -43.60881191554505], [172.63635972697057, -43.60854242095982], [172.6360902323853, -43.60854242095982], [172.6360902323853, -43.60800343178934], [172.63555124321482, -43.60800343178934], [172.63555124321482, -43.6077339372041], [172.6360902323853, -43.6077339372041], [172.6360902323853, -43.60746444261888], [172.63635972697057, -43.60746444261888], [172.63635972697057, -43.60719494803364], [172.6360902323853, -43.60719494803364], [172.6360902323853, -43.6069254534484], [172.6352817486296, -43.6069254534484], [172.6352817486296, -43.60665595886317], [172.6360902323853, -43.60665595886317], [172.6360902323853, -43.60611696969269], [172.63635972697057, -43.60611696969269], [172.63635972697057, -43.60584747510745], [172.63689871614105, -43.60584747510745], [172.63689871614105, -43.60557798052223], [172.63635972697057, -43.60557798052223], [172.63635972697057, -43.60584747510745], [172.6360902323853, -43.60584747510745], [172.6360902323853, -43.60611696969269], [172.6352817486296, -43.60611696969269], [172.6352817486296, -43.60638646427793], [172.63474275945913, -43.60638646427793], [172.63474275945913, -43.60611696969269], [172.63393427570344, -43.60611696969269], [172.63393427570344, -43.60584747510745], [172.63366478111817, -43.60584747510745], [172.63366478111817, -43.60557798052223], [172.63312579194775, -43.60557798052223], [172.63312579194775, -43.60503899135175], [172.63258680277727, -43.60503899135175], [172.63258680277727, -43.60476949676651], [172.632317308192, -43.60476949676651], [172.632317308192, -43.60450000218128], [172.63177831902152, -43.60450000218128], [172.63177831902152, -43.60423050759604], [172.632317308192, -43.60423050759604], [172.632317308192, -43.6039610130108], [172.63177831902152, -43.6039610130108], [172.63177831902152, -43.60369151842558], [172.6315088244363, -43.60369151842558], [172.6315088244363, -43.60342202384034], [172.6312393298511, -43.60342202384034], [172.6312393298511, -43.6031525292551], [172.6315088244363, -43.6031525292551], [172.6315088244363, -43.60288303466986], [172.63096983526583, -43.60288303466986], [172.63096983526583, -43.6039610130108], [172.63070034068062, -43.6039610130108], [172.63070034068062, -43.60288303466986], [172.63043084609535, -43.60288303466986], [172.63043084609535, -43.60234404549939], [172.62962236233966, -43.60234404549939], [172.62962236233966, -43.60153556174369], [172.62908337316918, -43.60153556174369], [172.62908337316918, -43.60126606715845], [172.62881387858397, -43.60126606715845], [172.62881387858397, -43.60099657257321], [172.62800539482822, -43.60099657257321], [172.62800539482822, -43.60153556174369], [172.62881387858397, -43.60153556174369], [172.62881387858397, -43.601805056328914], [172.6282748894135, -43.601805056328914], [172.6282748894135, -43.60207455091415], [172.62800539482822, -43.60207455091415], [172.62800539482822, -43.601805056328914], [172.627735900243, -43.601805056328914], [172.627735900243, -43.60207455091415], [172.62800539482822, -43.60207455091415], [172.62800539482822, -43.60234404549939], [172.62692741648732, -43.60234404549939], [172.62692741648732, -43.60207455091415], [172.62665792190205, -43.60207455091415], [172.62665792190205, -43.601805056328914], [172.62692741648732, -43.601805056328914], [172.62692741648732, -43.60153556174369], [172.62665792190205, -43.60153556174369], [172.62665792190205, -43.601805056328914], [172.62611893273157, -43.601805056328914], [172.62611893273157, -43.60207455091415], [172.62531044897588, -43.60207455091415], [172.62531044897588, -43.60234404549939], [172.62504095439067, -43.60234404549939], [172.62504095439067, -43.60261354008463], [172.62423247063492, -43.60261354008463], [172.62423247063492, -43.60207455091415], [172.6245019652202, -43.60207455091415], [172.6245019652202, -43.601805056328914], [172.6255799435611, -43.601805056328914], [172.6255799435611, -43.60153556174369], [172.62611893273157, -43.60153556174369], [172.62611893273157, -43.60126606715845], [172.62638842731684, -43.60126606715845], [172.62638842731684, -43.60099657257321], [172.62611893273157, -43.60099657257321], [172.62611893273157, -43.599918594232264], [172.62531044897588, -43.599918594232264], [172.62531044897588, -43.59964909964704], [172.62584943814636, -43.59964909964704], [172.62584943814636, -43.5993796050618], [172.62423247063492, -43.5993796050618], [172.62423247063492, -43.59964909964704], [172.62342398687923, -43.59964909964704], [172.62342398687923, -43.599918594232264], [172.62315449229402, -43.599918594232264], [172.62315449229402, -43.600188088817504], [172.62261550312354, -43.600188088817504], [172.62261550312354, -43.599918594232264], [172.6218070193678, -43.599918594232264], [172.6218070193678, -43.59964909964704], [172.62126803019737, -43.59964909964704], [172.62126803019737, -43.5993796050618], [172.62045954644162, -43.5993796050618], [172.62045954644162, -43.59911011047656], [172.6201900518564, -43.59911011047656], [172.6201900518564, -43.59884061589132], [172.61992055727114, -43.59884061589132], [172.61992055727114, -43.59911011047656], [172.61938156810072, -43.59911011047656], [172.61938156810072, -43.59884061589132], [172.61965106268593, -43.59884061589132], [172.61965106268593, -43.598301626720854], [172.61938156810072, -43.598301626720854], [172.61938156810072, -43.59776263755039], [172.61965106268593, -43.59776263755039], [172.61965106268593, -43.59722364837991], [172.61911207351545, -43.59722364837991], [172.61911207351545, -43.598301626720854], [172.61938156810072, -43.598301626720854], [172.61938156810072, -43.59884061589132], [172.61884257893024, -43.59884061589132], [172.61884257893024, -43.59911011047656], [172.61830358975976, -43.59911011047656], [172.61830358975976, -43.5993796050618], [172.61857308434497, -43.5993796050618], [172.61857308434497, -43.599918594232264], [172.61938156810072, -43.599918594232264], [172.61938156810072, -43.600188088817504], [172.61911207351545, -43.600188088817504], [172.61911207351545, -43.60045758340274], [172.61884257893024, -43.60045758340274], [172.61884257893024, -43.600188088817504], [172.6180340951745, -43.600188088817504], [172.6180340951745, -43.60045758340274], [172.61830358975976, -43.60045758340274], [172.61830358975976, -43.60072707798798], [172.61857308434497, -43.60072707798798], [172.61857308434497, -43.60099657257321], [172.61830358975976, -43.60099657257321], [172.61830358975976, -43.60126606715845], [172.61749510600401, -43.60126606715845], [172.61749510600401, -43.60072707798798], [172.6172256114188, -43.60072707798798], [172.6172256114188, -43.60045758340274], [172.6164171276631, -43.60045758340274], [172.6164171276631, -43.600188088817504], [172.61614763307784, -43.600188088817504], [172.61614763307784, -43.60045758340274], [172.61587813849263, -43.60045758340274], [172.61587813849263, -43.60261354008463], [172.61560864390736, -43.60261354008463], [172.61560864390736, -43.60288303466986], [172.61587813849263, -43.60288303466986], [172.61587813849263, -43.60369151842558], [172.61614763307784, -43.60369151842558], [172.61614763307784, -43.6039610130108], [172.6164171276631, -43.6039610130108], [172.6164171276631, -43.60476949676651], [172.61614763307784, -43.60476949676651], [172.61614763307784, -43.60503899135175], [172.61587813849263, -43.60503899135175], [172.61587813849263, -43.60557798052223], [172.61506965473694, -43.60557798052223], [172.61506965473694, -43.60584747510745], [172.61480016015167, -43.60584747510745], [172.61480016015167, -43.60557798052223], [172.61453066556646, -43.60557798052223], [172.61453066556646, -43.60584747510745], [172.6142611709812, -43.60584747510745], [172.6142611709812, -43.60611696969269], [172.61480016015167, -43.60611696969269], [172.61480016015167, -43.60665595886317], [172.61399167639598, -43.60665595886317], [172.61399167639598, -43.60584747510745], [172.61372218181072, -43.60584747510745], [172.61372218181072, -43.60557798052223], [172.6134526872255, -43.60557798052223], [172.6134526872255, -43.60584747510745], [172.6131831926403, -43.60584747510745], [172.6131831926403, -43.60638646427793], [172.61372218181072, -43.60638646427793], [172.61372218181072, -43.60719494803364], [172.6142611709812, -43.60719494803364], [172.6142611709812, -43.60746444261888], [172.61453066556646, -43.60746444261888], [172.61453066556646, -43.60800343178934], [172.61560864390736, -43.60800343178934], [172.61560864390736, -43.6077339372041], [172.61614763307784, -43.6077339372041], [172.61614763307784, -43.60800343178934], [172.61668662224832, -43.60800343178934], [172.61668662224832, -43.60719494803364], [172.6172256114188, -43.60719494803364], [172.6172256114188, -43.6077339372041], [172.6169561168336, -43.6077339372041], [172.6169561168336, -43.60800343178934], [172.61749510600401, -43.60800343178934], [172.61749510600401, -43.60827292637458], [172.61776460058928, -43.60827292637458], [172.61776460058928, -43.6077339372041], [172.61749510600401, -43.6077339372041], [172.61749510600401, -43.60719494803364], [172.6172256114188, -43.60719494803364], [172.6172256114188, -43.6069254534484], [172.61776460058928, -43.6069254534484], [172.61776460058928, -43.60746444261888], [172.61830358975976, -43.60746444261888], [172.61830358975976, -43.60800343178934], [172.61884257893024, -43.60800343178934], [172.61884257893024, -43.60827292637458], [172.61911207351545, -43.60827292637458], [172.61911207351545, -43.60881191554505], [172.61938156810072, -43.60881191554505], [172.61938156810072, -43.60908141013029], [172.61965106268593, -43.60908141013029], [172.61965106268593, -43.60935090471553], [172.62045954644162, -43.60935090471553], [172.62045954644162, -43.609620399300766], [172.6218070193678, -43.609620399300766], [172.6218070193678, -43.60988989388599], [172.62207651395306, -43.60988989388599], [172.62207651395306, -43.61015938847123], [172.62234600853827, -43.61015938847123], [172.62234600853827, -43.61042888305647], [172.62261550312354, -43.61042888305647], [172.62261550312354, -43.6106983776417], [172.62288499770875, -43.6106983776417], [172.62288499770875, -43.61096787222694], [172.62342398687923, -43.61096787222694], [172.62342398687923, -43.611237366812176], [172.62423247063492, -43.611237366812176], [172.62423247063492, -43.611506861397416], [172.62504095439067, -43.611506861397416], [172.62504095439067, -43.61177635598264], [172.62531044897588, -43.61177635598264], [172.62531044897588, -43.611506861397416], [172.6255799435611, -43.611506861397416], [172.6255799435611, -43.61177635598264]], [[172.62504095439067, -43.60126606715845], [172.62504095439067, -43.60099657257321], [172.6255799435611, -43.60099657257321], [172.6255799435611, -43.60072707798798], [172.6247714598054, -43.60072707798798], [172.6247714598054, -43.60126606715845], [172.62504095439067, -43.60126606715845]], [[172.61749510600401, -43.60153556174369], [172.61749510600401, -43.60126606715845], [172.6172256114188, -43.60126606715845], [172.6172256114188, -43.60153556174369], [172.61749510600401, -43.60153556174369]], [[172.61884257893024, -43.60153556174369], [172.61884257893024, -43.60126606715845], [172.61911207351545, -43.60126606715845], [172.61911207351545, -43.60099657257321], [172.61857308434497, -43.60099657257321], [172.61857308434497, -43.60126606715845], [172.61830358975976, -43.60126606715845], [172.61830358975976, -43.60153556174369], [172.61884257893024, -43.60153556174369]], [[172.61965106268593, -43.60153556174369], [172.61965106268593, -43.60099657257321], [172.61938156810072, -43.60099657257321], [172.61938156810072, -43.60153556174369], [172.61965106268593, -43.60153556174369]], [[172.6201900518564, -43.60234404549939], [172.6201900518564, -43.60207455091415], [172.61992055727114, -43.60207455091415], [172.61992055727114, -43.60234404549939], [172.6201900518564, -43.60234404549939]], [[172.62881387858397, -43.6031525292551], [172.62881387858397, -43.60288303466986], [172.6293528677544, -43.60288303466986], [172.6293528677544, -43.60261354008463], [172.62881387858397, -43.60261354008463], [172.62881387858397, -43.60234404549939], [172.6285443839987, -43.60234404549939], [172.6285443839987, -43.60261354008463], [172.62800539482822, -43.60261354008463], [172.62800539482822, -43.6031525292551], [172.62881387858397, -43.6031525292551]], [[172.62800539482822, -43.60342202384034], [172.62800539482822, -43.6031525292551], [172.627735900243, -43.6031525292551], [172.627735900243, -43.60342202384034], [172.62800539482822, -43.60342202384034]], [[172.62962236233966, -43.60342202384034], [172.62962236233966, -43.60288303466986], [172.6293528677544, -43.60288303466986], [172.6293528677544, -43.60342202384034], [172.62962236233966, -43.60342202384034]], [[172.6285443839987, -43.6039610130108], [172.6285443839987, -43.60342202384034], [172.62800539482822, -43.60342202384034], [172.62800539482822, -43.60369151842558], [172.62719691107253, -43.60369151842558], [172.62719691107253, -43.6039610130108], [172.6285443839987, -43.6039610130108]], [[172.62962236233966, -43.60423050759604], [172.62962236233966, -43.60369151842558], [172.62881387858397, -43.60369151842558], [172.62881387858397, -43.6039610130108], [172.6293528677544, -43.6039610130108], [172.6293528677544, -43.60423050759604], [172.62962236233966, -43.60423050759604]], [[172.61911207351545, -43.60476949676651], [172.61911207351545, -43.60423050759604], [172.61884257893024, -43.60423050759604], [172.61884257893024, -43.60476949676651], [172.61911207351545, -43.60476949676651]], [[172.62800539482822, -43.60530848593699], [172.62800539482822, -43.60503899135175], [172.6293528677544, -43.60503899135175], [172.6293528677544, -43.60450000218128], [172.6285443839987, -43.60450000218128], [172.6285443839987, -43.60476949676651], [172.62800539482822, -43.60476949676651], [172.62800539482822, -43.60450000218128], [172.62719691107253, -43.60450000218128], [172.62719691107253, -43.60476949676651], [172.62746640565774, -43.60476949676651], [172.62746640565774, -43.60503899135175], [172.627735900243, -43.60503899135175], [172.627735900243, -43.60530848593699], [172.62800539482822, -43.60530848593699]], [[172.62234600853827, -43.60584747510745], [172.62234600853827, -43.60557798052223], [172.62261550312354, -43.60557798052223], [172.62261550312354, -43.60530848593699], [172.6218070193678, -43.60530848593699], [172.6218070193678, -43.60584747510745], [172.62234600853827, -43.60584747510745]], [[172.6285443839987, -43.60719494803364], [172.6285443839987, -43.6069254534484], [172.6282748894135, -43.6069254534484], [172.6282748894135, -43.60719494803364], [172.6285443839987, -43.60719494803364]], [[172.62908337316918, -43.60746444261888], [172.62908337316918, -43.60719494803364], [172.6285443839987, -43.60719494803364], [172.6285443839987, -43.60746444261888], [172.62908337316918, -43.60746444261888]], [[172.61560864390736, -43.6077339372041], [172.61560864390736, -43.60719494803364], [172.61587813849263, -43.60719494803364], [172.61587813849263, -43.60746444261888], [172.61614763307784, -43.60746444261888], [172.61614763307784, -43.60719494803364], [172.6164171276631, -43.60719494803364], [172.6164171276631, -43.60665595886317], [172.61614763307784, -43.60665595886317], [172.61614763307784, -43.60638646427793], [172.61587813849263, -43.60638646427793], [172.61587813849263, -43.60665595886317], [172.61480016015167, -43.60665595886317], [172.61480016015167, -43.6077339372041], [172.61506965473694, -43.6077339372041], [172.61506965473694, -43.60719494803364], [172.61533914932215, -43.60719494803364], [172.61533914932215, -43.6077339372041], [172.61560864390736, -43.6077339372041]]]}, "id": "+1308471+458679", "properties": {"count": 2255, "label": 1}}, {"type": "Feature", "geometry": {"geodesic": false, "type": "Polygon", "coordinates": [[[172.62611893273157, -43.62929350402298], [172.62638842731684, -43.62929350402298], [172.62638842731684, -43.62902400943774], [172.62746640565774, -43.62902400943774], [172.62746640565774, -43.6287545148525], [172.62719691107253, -43.6287545148525], [172.62719691107253, -43.62848502026726], [172.62638842731684, -43.62848502026726], [172.62638842731684, -43.6279460310968], [172.62584943814636, -43.6279460310968], [172.62584943814636, -43.62848502026726], [172.6255799435611, -43.62848502026726], [172.6255799435611, -43.6287545148525], [172.62611893273157, -43.6287545148525], [172.62611893273157, -43.62929350402298]]]}, "id": "+1308472+458744", "properties": {"count": 16, "label": 1}}, {"type": "Feature", "geometry": {"geodesic": false, "type": "Polygon", "coordinates": [[[172.62692741648732, -43.588869316237606], [172.62719691107253, -43.588869316237606], [172.62719691107253, -43.588599821652366], [172.62692741648732, -43.588599821652366], [172.62692741648732, -43.58806083248189], [172.62638842731684, -43.58806083248189], [172.62638842731684, -43.58698285414094], [172.62584943814636, -43.58698285414094], [172.62584943814636, -43.586713359555716], [172.6255799435611, -43.586713359555716], [172.6255799435611, -43.58725234872618], [172.62584943814636, -43.58725234872618], [172.62584943814636, -43.58779133789666], [172.62611893273157, -43.58779133789666], [172.62611893273157, -43.588330327067126], [172.62638842731684, -43.588330327067126], [172.62638842731684, -43.588599821652366], [172.62692741648732, -43.588599821652366], [172.62692741648732, -43.588869316237606]]]}, "id": "+1308475+458594", "properties": {"count": 15, "label": 1}}, {"type": "Feature", "geometry": {"geodesic": false, "type": "Polygon", "coordinates": [[[172.62665792190205, -43.61393231266453], [172.62719691107253, -43.61393231266453], [172.62719691107253, -43.61366281807929], [172.62800539482822, -43.61366281807929], [172.62800539482822, -43.613123828908826], [172.62746640565774, -43.613123828908826], [172.62746640565774, -43.61258483973836], [172.62800539482822, -43.61258483973836], [172.62800539482822, -43.61204585056788], [172.62719691107253, -43.61204585056788], [172.62719691107253, -43.613123828908826], [172.62746640565774, -43.613123828908826], [172.62746640565774, -43.613393323494066], [172.62719691107253, -43.613393323494066], [172.62719691107253, -43.61366281807929], [172.62665792190205, -43.61366281807929], [172.62665792190205, -43.61393231266453]]]}, "id": "+1308475+458687", "properties": {"count": 15, "label": 1}}, {"type": "Feature", "geometry": {"geodesic": false, "type": "Polygon", "coordinates": [[[172.62746640565774, -43.62363411773302], [172.6282748894135, -43.62363411773302], [172.6282748894135, -43.62336462314779], [172.6285443839987, -43.62336462314779], [172.6285443839987, -43.62228664480685], [172.62746640565774, -43.62228664480685], [172.62746640565774, -43.62201715022161], [172.627735900243, -43.62201715022161], [172.627735900243, -43.62174765563637], [172.62746640565774, -43.62174765563637], [172.62746640565774, -43.621478161051144], [172.62692741648732, -43.621478161051144], [172.62692741648732, -43.62174765563637], [172.62665792190205, -43.62174765563637], [172.62665792190205, -43.621478161051144], [172.62611893273157, -43.621478161051144], [172.62611893273157, -43.622556139392074], [172.62746640565774, -43.622556139392074], [172.62746640565774, -43.62363411773302]]]}, "id": "+1308479+458723", "properties": {"count": 39, "label": 1}}, {"type": "Feature", "geometry": {"geodesic": false, "type": "Polygon", "coordinates": [[[172.62746640565774, -43.62848502026726], [172.6285443839987, -43.62848502026726], [172.6285443839987, -43.62821552568204], [172.6282748894135, -43.62821552568204], [172.6282748894135, -43.6279460310968], [172.6285443839987, -43.6279460310968], [172.6285443839987, -43.62767653651156], [172.627735900243, -43.62767653651156], [172.627735900243, -43.6279460310968], [172.62746640565774, -43.6279460310968], [172.62746640565774, -43.62767653651156], [172.62719691107253, -43.62767653651156], [172.62719691107253, -43.62821552568204], [172.62746640565774, -43.62821552568204], [172.62746640565774, -43.62848502026726]]]}, "id": "+1308480+458741", "properties": {"count": 12, "label": 1}}, {"type": "Feature", "geometry": {"geodesic": false, "type": "Polygon", "coordinates": [[[172.6285443839987, -43.63037148236393], [172.62881387858397, -43.63037148236393], [172.62881387858397, -43.63010198777869], [172.6293528677544, -43.63010198777869], [172.6293528677544, -43.62983249319345], [172.62908337316918, -43.62983249319345], [172.62908337316918, -43.62929350402298], [172.62881387858397, -43.62929350402298], [172.62881387858397, -43.62956299860821], [172.6282748894135, -43.62956299860821], [172.6282748894135, -43.62929350402298], [172.62800539482822, -43.62929350402298], [172.62800539482822, -43.63010198777869], [172.6285443839987, -43.63010198777869], [172.6285443839987, -43.63037148236393]]]}, "id": "+1308481+458748", "properties": {"count": 12, "label": 1}}, {"type": "Feature", "geometry": {"geodesic": false, "type": "Polygon", "coordinates": [[[172.6285443839987, -43.62552057982967], [172.62962236233966, -43.62552057982967], [172.62962236233966, -43.6249815906592], [172.6293528677544, -43.6249815906592], [172.6293528677544, -43.624712096073964], [172.6285443839987, -43.624712096073964], [172.6285443839987, -43.62552057982967]]]}, "id": "+1308484+458730", "properties": {"count": 11, "label": 1}}, {"type": "Feature", "geometry": {"geodesic": false, "type": "Polygon", "coordinates": [[[172.62962236233966, -43.60072707798798], [172.63043084609535, -43.60072707798798], [172.63043084609535, -43.60045758340274], [172.63096983526583, -43.60045758340274], [172.63096983526583, -43.600188088817504], [172.63043084609535, -43.600188088817504], [172.63043084609535, -43.59884061589132], [172.63016135151014, -43.59884061589132], [172.63016135151014, -43.598301626720854], [172.62962236233966, -43.598301626720854], [172.62962236233966, -43.60072707798798]], [[172.63016135151014, -43.599918594232264], [172.63016135151014, -43.5993796050618], [172.62989185692487, -43.5993796050618], [172.62989185692487, -43.599918594232264], [172.63016135151014, -43.599918594232264]]]}, "id": "+1308487+458638", "properties": {"count": 25, "label": 1}}, {"type": "Feature", "geometry": {"geodesic": false, "type": "Polygon", "coordinates": [[[172.63177831902152, -43.59318122960137], [172.6320478136068, -43.59318122960137], [172.6320478136068, -43.59291173501613], [172.63177831902152, -43.59291173501613], [172.63177831902152, -43.592372745845665], [172.63096983526583, -43.592372745845665], [172.63096983526583, -43.59291173501613], [172.6312393298511, -43.59291173501613], [172.6312393298511, -43.592642240430905], [172.6315088244363, -43.592642240430905], [172.6315088244363, -43.59291173501613], [172.63177831902152, -43.59291173501613], [172.63177831902152, -43.59318122960137]]]}, "id": "+1308493+458610", "properties": {"count": 6, "label": 1}}, {"type": "Feature", "geometry": {"geodesic": false, "type": "Polygon", "coordinates": [[[172.6315088244363, -43.6317189552901], [172.632317308192, -43.6317189552901], [172.632317308192, -43.63091047153439], [172.63285629736248, -43.63091047153439], [172.63285629736248, -43.63064097694915], [172.632317308192, -43.63064097694915], [172.632317308192, -43.63091047153439], [172.6320478136068, -43.63091047153439], [172.6320478136068, -43.63064097694915], [172.63177831902152, -43.63064097694915], [172.63177831902152, -43.63037148236393], [172.6315088244363, -43.63037148236393], [172.6315088244363, -43.63010198777869], [172.63096983526583, -43.63010198777869], [172.63096983526583, -43.62956299860821], [172.62962236233966, -43.62956299860821], [172.62962236233966, -43.63037148236393], [172.63016135151014, -43.63037148236393], [172.63016135151014, -43.63064097694915], [172.63070034068062, -43.63064097694915], [172.63070034068062, -43.63091047153439], [172.63096983526583, -43.63091047153439], [172.63096983526583, -43.63144946070486], [172.6315088244363, -43.63144946070486], [172.6315088244363, -43.6317189552901]]]}, "id": "+1308494+458753", "properties": {"count": 43, "label": 1}}, {"type": "Feature", "geometry": {"geodesic": false, "type": "Polygon", "coordinates": [[[172.63177831902152, -43.61581877476118], [172.63258680277727, -43.61581877476118], [172.63258680277727, -43.615279785590715], [172.6320478136068, -43.615279785590715], [172.6320478136068, -43.615010291005476], [172.63258680277727, -43.615010291005476], [172.63258680277727, -43.614740796420236], [172.6320478136068, -43.614740796420236], [172.6320478136068, -43.615010291005476], [172.63177831902152, -43.615010291005476], [172.63177831902152, -43.615279785590715], [172.6320478136068, -43.615279785590715], [172.6320478136068, -43.615549280175955], [172.63177831902152, -43.615549280175955], [172.63177831902152, -43.61581877476118]]]}, "id": "+1308495+458694", "properties": {"count": 8, "label": 1}}, {"type": "Feature", "geometry": {"geodesic": false, "type": "Polygon", "coordinates": [[[172.63312579194775, -43.60234404549939], [172.63474275945913, -43.60234404549939], [172.63474275945913, -43.60207455091415], [172.6350122540444, -43.60207455091415], [172.6350122540444, -43.601805056328914], [172.6352817486296, -43.601805056328914], [172.6352817486296, -43.60153556174369], [172.63555124321482, -43.60153556174369], [172.63555124321482, -43.60126606715845], [172.6358207378001, -43.60126606715845], [172.6358207378001, -43.60072707798798], [172.63635972697057, -43.60072707798798], [172.63635972697057, -43.600188088817504], [172.6352817486296, -43.600188088817504], [172.6352817486296, -43.599918594232264], [172.6350122540444, -43.599918594232264], [172.6350122540444, -43.59964909964704], [172.63474275945913, -43.59964909964704], [172.63474275945913, -43.5993796050618], [172.63420377028865, -43.5993796050618], [172.63420377028865, -43.59911011047656], [172.63393427570344, -43.59911011047656], [172.63393427570344, -43.59884061589132], [172.63366478111817, -43.59884061589132], [172.63366478111817, -43.598301626720854], [172.63393427570344, -43.598301626720854], [172.63393427570344, -43.598032132135614], [172.63366478111817, -43.598032132135614], [172.63366478111817, -43.598301626720854], [172.63339528653296, -43.598301626720854], [172.63339528653296, -43.59749314296515], [172.63420377028865, -43.59749314296515], [172.63420377028865, -43.59695415379467], [172.63366478111817, -43.59695415379467], [172.63366478111817, -43.59722364837991], [172.63339528653296, -43.59722364837991], [172.63339528653296, -43.59749314296515], [172.63312579194775, -43.59749314296515], [172.63312579194775, -43.59722364837991], [172.63285629736248, -43.59722364837991], [172.63285629736248, -43.596684659209444], [172.63312579194775, -43.596684659209444], [172.63312579194775, -43.595876175453725], [172.63285629736248, -43.595876175453725], [172.63285629736248, -43.59533718628326], [172.632317308192, -43.59533718628326], [172.632317308192, -43.59506769169802], [172.6320478136068, -43.59506769169802], [172.6320478136068, -43.5956066808685], [172.632317308192, -43.5956066808685], [172.632317308192, -43.595876175453725], [172.6320478136068, -43.595876175453725], [172.6320478136068, -43.596415164624204], [172.6315088244363, -43.596415164624204], [172.6315088244363, -43.595876175453725], [172.6312393298511, -43.595876175453725], [172.6312393298511, -43.5956066808685], [172.63070034068062, -43.5956066808685], [172.63070034068062, -43.59533718628326], [172.62989185692487, -43.59533718628326], [172.62989185692487, -43.594528702527555], [172.62962236233966, -43.594528702527555], [172.62962236233966, -43.59506769169802], [172.6293528677544, -43.59506769169802], [172.6293528677544, -43.595876175453725], [172.62962236233966, -43.595876175453725], [172.62962236233966, -43.5956066808685], [172.62989185692487, -43.5956066808685], [172.62989185692487, -43.595876175453725], [172.63043084609535, -43.595876175453725], [172.63043084609535, -43.5956066808685], [172.63070034068062, -43.5956066808685], [172.63070034068062, -43.596684659209444], [172.63096983526583, -43.596684659209444], [172.63096983526583, -43.596415164624204], [172.6312393298511, -43.596415164624204], [172.6312393298511, -43.59695415379467], [172.63070034068062, -43.59695415379467], [172.63070034068062, -43.59722364837991], [172.6315088244363, -43.59722364837991], [172.6315088244363, -43.59749314296515], [172.6312393298511, -43.59749314296515], [172.6312393298511, -43.598032132135614], [172.63177831902152, -43.598032132135614], [172.63177831902152, -43.59776263755039], [172.6320478136068, -43.59776263755039], [172.6320478136068, -43.59695415379467], [172.632317308192, -43.59695415379467], [172.632317308192, -43.598571121306094], [172.63258680277727, -43.598571121306094], [172.63258680277727, -43.59911011047656], [172.63285629736248, -43.59911011047656], [172.63285629736248, -43.5993796050618], [172.6320478136068, -43.5993796050618], [172.6320478136068, -43.598301626720854], [172.63177831902152, -43.598301626720854], [172.63177831902152, -43.598571121306094], [172.6312393298511, -43.598571121306094], [172.6312393298511, -43.59884061589132], [172.63096983526583, -43.59884061589132], [172.63096983526583, -43.59911011047656], [172.6312393298511, -43.59911011047656], [172.6312393298511, -43.60072707798798], [172.63177831902152, -43.60072707798798], [172.63177831902152, -43.60099657257321], [172.6320478136068, -43.60099657257321], [172.6320478136068, -43.60126606715845], [172.63258680277727, -43.60126606715845], [172.63258680277727, -43.60099657257321], [172.6320478136068, -43.60099657257321], [172.6320478136068, -43.599918594232264], [172.63258680277727, -43.599918594232264], [172.63258680277727, -43.60045758340274], [172.63285629736248, -43.60045758340274], [172.63285629736248, -43.60207455091415], [172.63312579194775, -43.60207455091415], [172.63312579194775, -43.60234404549939]]]}, "id": "+1308503+458644", "properties": {"count": 244, "label": 1}}, {"type": "Feature", "geometry": {"geodesic": false, "type": "Polygon", "coordinates": [[[172.6358207378001, -43.59911011047656], [172.63635972697057, -43.59911011047656], [172.63635972697057, -43.59884061589132], [172.63662922155578, -43.59884061589132], [172.63662922155578, -43.598571121306094], [172.6358207378001, -43.598571121306094], [172.6358207378001, -43.598301626720854], [172.6352817486296, -43.598301626720854], [172.6352817486296, -43.59884061589132], [172.6358207378001, -43.59884061589132], [172.6358207378001, -43.59911011047656]]]}, "id": "+1308509+458632", "properties": {"count": 9, "label": 1}}, {"type": "Feature", "geometry": {"geodesic": false, "type": "Polygon", "coordinates": [[[172.63662922155578, -43.63037148236393], [172.63716821072626, -43.63037148236393], [172.63716821072626, -43.63010198777869], [172.63770719989674, -43.63010198777869], [172.63770719989674, -43.62956299860821], [172.63662922155578, -43.62956299860821], [172.63662922155578, -43.63037148236393]]]}, "id": "+1308512+458748", "properties": {"count": 10, "label": 1}}, {"type": "Feature", "geometry": {"geodesic": false, "type": "Polygon", "coordinates": [[[172.63662922155578, -43.633874911971986], [172.63770719989674, -43.633874911971986], [172.63770719989674, -43.6325274390458], [172.63662922155578, -43.6325274390458], [172.63662922155578, -43.63306642821628], [172.63635972697057, -43.63306642821628], [172.63635972697057, -43.63333592280152], [172.63662922155578, -43.63333592280152], [172.63662922155578, -43.633874911971986]]]}, "id": "+1308514+458761", "properties": {"count": 21, "label": 1}}, {"type": "Feature", "geometry": {"geodesic": false, "type": "Polygon", "coordinates": [[[172.63797669448195, -43.59884061589132], [172.6395936619934, -43.59884061589132], [172.6395936619934, -43.598301626720854], [172.64013265116387, -43.598301626720854], [172.64013265116387, -43.598571121306094], [172.64040214574908, -43.598571121306094], [172.64040214574908, -43.598032132135614], [172.6398631565786, -43.598032132135614], [172.6398631565786, -43.59695415379467], [172.64013265116387, -43.59695415379467], [172.64013265116387, -43.596684659209444], [172.6398631565786, -43.596684659209444], [172.6398631565786, -43.596415164624204], [172.63932416740812, -43.596415164624204], [172.63932416740812, -43.596684659209444], [172.6390546728229, -43.596684659209444], [172.6390546728229, -43.59695415379467], [172.6387851782377, -43.59695415379467], [172.6387851782377, -43.596684659209444], [172.63851568365243, -43.596684659209444], [172.63851568365243, -43.59695415379467], [172.63797669448195, -43.59695415379467], [172.63797669448195, -43.59722364837991], [172.63824618906722, -43.59722364837991], [172.63824618906722, -43.59776263755039], [172.63851568365243, -43.59776263755039], [172.63851568365243, -43.59695415379467], [172.6387851782377, -43.59695415379467], [172.6387851782377, -43.598032132135614], [172.6390546728229, -43.598032132135614], [172.6390546728229, -43.598301626720854], [172.63851568365243, -43.598301626720854], [172.63851568365243, -43.598032132135614], [172.63770719989674, -43.598032132135614], [172.63770719989674, -43.59722364837991], [172.63743770531147, -43.59722364837991], [172.63743770531147, -43.59749314296515], [172.63716821072626, -43.59749314296515], [172.63716821072626, -43.596684659209444], [172.63662922155578, -43.596684659209444], [172.63662922155578, -43.59749314296515], [172.63689871614105, -43.59749314296515], [172.63689871614105, -43.598032132135614], [172.63770719989674, -43.598032132135614], [172.63770719989674, -43.598301626720854], [172.63797669448195, -43.598301626720854], [172.63797669448195, -43.59884061589132]]]}, "id": "+1308521+458631", "properties": {"count": 61, "label": 1}}, {"type": "Feature", "geometry": {"geodesic": false, "type": "Polygon", "coordinates": [[[172.64013265116387, -43.64788863040425], [172.64040214574908, -43.64788863040425], [172.64040214574908, -43.64761913581901], [172.64094113491956, -43.64761913581901], [172.64094113491956, -43.647349641233774], [172.64121062950477, -43.647349641233774], [172.64121062950477, -43.64681065206331], [172.63932416740812, -43.64681065206331], [172.63932416740812, -43.64654115747807], [172.63824618906722, -43.64654115747807], [172.63824618906722, -43.64681065206331], [172.63689871614105, -43.64681065206331], [172.63689871614105, -43.64708014664855], [172.63716821072626, -43.64708014664855], [172.63716821072626, -43.64761913581901], [172.64013265116387, -43.64761913581901], [172.64013265116387, -43.64788863040425]]]}, "id": "+1308524+458813", "properties": {"count": 50, "label": 1}}, {"type": "Feature", "geometry": {"geodesic": false, "type": "Polygon", "coordinates": [[[172.64067164033435, -43.60342202384034], [172.64094113491956, -43.60342202384034], [172.64094113491956, -43.6031525292551], [172.64148012409004, -43.6031525292551], [172.64148012409004, -43.60288303466986], [172.64094113491956, -43.60288303466986], [172.64094113491956, -43.60261354008463], [172.64067164033435, -43.60261354008463], [172.64067164033435, -43.60234404549939], [172.64040214574908, -43.60234404549939], [172.64040214574908, -43.60207455091415], [172.64013265116387, -43.60207455091415], [172.64013265116387, -43.601805056328914], [172.6398631565786, -43.601805056328914], [172.6398631565786, -43.60153556174369], [172.6395936619934, -43.60153556174369], [172.6395936619934, -43.601805056328914], [172.63932416740812, -43.601805056328914], [172.63932416740812, -43.60126606715845], [172.63851568365243, -43.60126606715845], [172.63851568365243, -43.601805056328914], [172.63932416740812, -43.601805056328914], [172.63932416740812, -43.60207455091415], [172.6390546728229, -43.60207455091415], [172.6390546728229, -43.60234404549939], [172.64013265116387, -43.60234404549939], [172.64013265116387, -43.60288303466986], [172.64040214574908, -43.60288303466986], [172.64040214574908, -43.6031525292551], [172.64067164033435, -43.6031525292551], [172.64067164033435, -43.60342202384034]]]}, "id": "+1308526+458648", "properties": {"count": 25, "label": 1}}, {"type": "Feature", "geometry": {"geodesic": false, "type": "Polygon", "coordinates": [[[172.64094113491956, -43.58374891911812], [172.64174961867525, -43.58374891911812], [172.64174961867525, -43.58320992994764], [172.64228860784573, -43.58320992994764], [172.64228860784573, -43.58294043536242], [172.6428275970162, -43.58294043536242], [172.6428275970162, -43.58320992994764], [172.64309709160148, -43.58320992994764], [172.64309709160148, -43.58240144619194], [172.6428275970162, -43.58240144619194], [172.6428275970162, -43.5821319516067], [172.64201911326052, -43.5821319516067], [172.64201911326052, -43.58240144619194], [172.64121062950477, -43.58240144619194], [172.64121062950477, -43.58320992994764], [172.64094113491956, -43.58320992994764], [172.64094113491956, -43.58374891911812]]]}, "id": "+1308529+458575", "properties": {"count": 28, "label": 1}}, {"type": "Feature", "geometry": {"geodesic": false, "type": "Polygon", "coordinates": [[[172.64174961867525, -43.58563538121477], [172.64201911326052, -43.58563538121477], [172.64201911326052, -43.58536588662953], [172.6428275970162, -43.58536588662953], [172.6428275970162, -43.58455740287383], [172.64201911326052, -43.58455740287383], [172.64201911326052, -43.58428790828859], [172.64121062950477, -43.58428790828859], [172.64121062950477, -43.58455740287383], [172.64094113491956, -43.58455740287383], [172.64094113491956, -43.58428790828859], [172.64067164033435, -43.58428790828859], [172.64067164033435, -43.58401841370335], [172.64040214574908, -43.58401841370335], [172.64040214574908, -43.58455740287383], [172.64067164033435, -43.58455740287383], [172.64067164033435, -43.58482689745907], [172.64094113491956, -43.58482689745907], [172.64094113491956, -43.58509639204429], [172.64121062950477, -43.58509639204429], [172.64121062950477, -43.58536588662953], [172.64174961867525, -43.58536588662953], [172.64174961867525, -43.58563538121477]]]}, "id": "+1308530+458582", "properties": {"count": 28, "label": 1}}, {"type": "Feature", "geometry": {"geodesic": false, "type": "Polygon", "coordinates": [[[172.64471405911286, -43.61635776393166], [172.64498355369813, -43.61635776393166], [172.64498355369813, -43.61608826934642], [172.64525304828334, -43.61608826934642], [172.64525304828334, -43.61581877476118], [172.64498355369813, -43.61581877476118], [172.64498355369813, -43.615549280175955], [172.64471405911286, -43.615549280175955], [172.64471405911286, -43.615279785590715], [172.64417506994238, -43.615279785590715], [172.64417506994238, -43.61581877476118], [172.64471405911286, -43.61581877476118], [172.64471405911286, -43.61635776393166]]]}, "id": "+1308541+458696", "properties": {"count": 8, "label": 1}}, {"type": "Feature", "geometry": {"geodesic": false, "type": "Polygon", "coordinates": [[[172.65845828295988, -43.613123828908826], [172.65953626130084, -43.613123828908826], [172.65953626130084, -43.612854334323586], [172.65980575588605, -43.612854334323586], [172.65980575588605, -43.61258483973836], [172.65899727213036, -43.61258483973836], [172.65899727213036, -43.612854334323586], [172.65845828295988, -43.612854334323586], [172.65845828295988, -43.613123828908826]]]}, "id": "+1308595+458684", "properties": {"count": 7, "label": 1}}]}