OID,lon,lat,FuelClass,class_id,split,source,role,NZTM_X,NZTM_Y,array_col,array_row,pre_B2,pre_B3,pre_B4,pre_B5,pre_B6,pre_B7,post_B2,post_B3,post_B4,post_B5,post_B6,post_B7,NBR_pre,NBR_post,dNBR,NDVI,NDMI,BSI,severity,dnbr_data,pre_source,grid_row,grid_col,elev,slope,northness,ephemeral_refugia,pre_analysis_valid,inside_aoi,clean_pre_mask,post_neg_refl,status,dist_to_main_m,ndvi_sd3,use_A3
153,172.623719,-43.619322,broadleaf_scrub,4,train,main,4-class · CORE model (main 176),1569639.77721554,5170338.037081031,135,132,0.027287499979138374,0.056382499635219574,0.04156000167131424,0.4302450120449066,0.1383875012397766,0.06845500320196152,0.04222000017762184,0.06243250146508217,0.06270749866962433,0.2328224927186966,0.14726999402046204,0.1136924996972084,0.7254661917686462,0.34379464387893677,298.0296325683594,0.8238255381584167,0.5132620930671692,-0.43544110655784607,2.0,1.0,2.0,-172344.5,52321.5,336.0,15.829546928405762,0.9778267741203308,0.0,1.0,1.0,1.0,0.0,core,,0.018412482,True
155,172.610512,-43.628113,broadleaf_scrub,4,train,main,4-class · CORE model (main 176),1568578.7489964792,5169356.790882257,99,165,0.033969998359680176,0.06809750199317932,0.0622125007212162,0.3663899898529053,0.14883750677108765,0.07785999774932861,0.02538999915122986,0.03526249900460243,0.03325499966740608,0.06087874993681908,0.11495749652385712,0.13552750647068024,0.6494766473770142,-0.3800731897354126,945.9078979492188,0.7096960544586182,0.42224550247192383,-0.30962857604026794,3.0,1.0,2.0,-172311.5,52285.5,204.0,17.589689254760742,0.9980812072753906,0.0,1.0,1.0,1.0,0.0,core,,0.047371063,True
159,172.624851,-43.629495,broadleaf_scrub,4,train,main,4-class · CORE model (main 176),1569736.2165484359,5169208.6309067905,138,170,0.016699999570846558,0.039799999445676804,0.022447500377893448,0.3018200099468231,0.09416750073432922,0.03826000168919563,0.017497500404715538,0.043209999799728394,0.027535000815987587,0.2847149968147278,0.0899600014090538,0.0428524985909462,0.7749941349029541,0.738359272480011,-47.00708770751953,0.8615494966506958,0.5243915319442749,-0.46400541067123413,0.0,1.0,2.0,-172306.5,52324.5,428.0,18.485776901245117,0.11457675695419312,0.0,1.0,1.0,1.0,0.0,core,,0.020198843,True
164,172.593292,-43.608411,broadleaf_scrub,4,train,main,4-class · CORE model (main 176),1567178.8400173741,5171538.244699599,53,92,0.03960749879479408,0.0655675008893013,0.07236000150442123,0.2016099989414215,0.15970000624656677,0.09843000024557114,0.04282499849796295,0.04534124955534935,0.04711500182747841,0.09341125190258026,0.10970500111579895,0.10698249936103821,0.34388747811317444,-0.06772292405366898,327.9684753417969,0.47176697850227356,0.11599457263946533,-0.0193491131067276,2.0,1.0,2.0,-172384.5,52239.5,75.0,13.995089530944824,-0.8057891726493835,0.0,1.0,1.0,1.0,0.0,core,,0.028119555,True
166,172.62099,-43.623805,broadleaf_scrub,4,train,main,4-class · CORE model (main 176),1569421.8599476838,5169839.1514865495,128,149,0.022144999355077744,0.047554999589920044,0.03405249863862991,0.28936249017715454,0.09645000100135803,0.04664750024676323,0.02123750001192093,0.04389749839901924,0.03421749919652939,0.22707499563694,0.08885999768972397,0.04859999939799309,0.7223445773124695,0.6474109292030334,-8.708266258239746,0.7894191741943359,0.5000162124633789,-0.40950432419776917,0.0,1.0,2.0,-172327.5,52314.5,430.0,17.211503982543945,-0.8883450031280518,0.0,1.0,1.0,1.0,0.0,core,,0.058953088,True
167,172.61849,-43.628965,broadleaf_scrub,4,train,main,4-class · CORE model (main 176),1569222.79515782,5169265.155076743,121,168,0.016644999384880066,0.041064999997615814,0.02572000026702881,0.33759748935699463,0.09243500232696533,0.040377501398324966,0.01414250023663044,0.03432749956846237,0.022337500005960464,0.2700299918651581,0.07832749933004379,0.03726999834179878,0.786348283290863,0.7574357390403748,-54.729366302490234,0.8584158420562744,0.5701022744178772,-0.49976450204849243,0.0,1.0,2.0,-172308.5,52307.5,281.0,15.299775123596191,-0.9256648421287537,0.0,1.0,1.0,1.0,0.0,core,,0.008414873,True
169,172.616772,-43.611071,broadleaf_scrub,4,train,main,4-class · CORE model (main 176),1569075.030261064,5171251.833606741,116,101,0.052560001611709595,0.08729249984025955,0.09292999655008316,0.37626248598098755,0.2267725020647049,0.12224499881267548,0.06202000007033348,0.09438750147819519,0.09983249753713608,0.17773999273777008,0.1715250015258789,0.1464724987745285,0.509555995464325,0.09644138067960739,329.47271728515625,0.6038725972175598,0.24789606034755707,-0.1457800269126892,2.0,1.0,2.0,-172375.5,52302.5,148.0,30.586856842041016,0.7882910370826721,0.0,1.0,1.0,1.0,0.0,core,,0.07042284,True
170,172.612652,-43.629428,broadleaf_scrub,4,train,main,4-class · CORE model (main 176),1568752.0710730432,5169211.553620346,105,169,0.02283249981701374,0.05011250078678131,0.03666500002145767,0.3442249894142151,0.1167450025677681,0.055640000849962234,0.04300374910235405,0.061799999326467514,0.07153499871492386,0.11043374985456467,0.17239125072956085,0.18772250413894653,0.7217060923576355,-0.2592222988605499,897.2864379882812,0.8074772357940674,0.4934811294078827,-0.4104915261268616,3.0,1.0,2.0,-172307.5,52291.5,233.0,23.108829498291016,0.860775887966156,0.0,1.0,1.0,1.0,0.0,core,,0.051528882,True
171,172.612481,-43.625217,broadleaf_scrub,4,train,main,4-class · CORE model (main 176),1568736.0937671035,5169679.165663502,105,154,0.020989999175071716,0.047142498195171356,0.035317499190568924,0.32288500666618347,0.10255499929189682,0.05277999863028526,0.03245750069618225,0.04074874892830849,0.04109250009059906,0.07153499871492386,0.0876225009560585,0.08423999696969986,0.7190049886703491,-0.08155994117259979,716.9229736328125,0.802807092666626,0.5178873538970947,-0.42761507630348206,3.0,1.0,2.0,-172322.5,52291.5,296.0,21.30495262145996,-0.775559663772583,0.0,1.0,1.0,1.0,0.0,core,,0.028140025,True
174,172.614742,-43.630136,broadleaf_scrub,4,train,main,4-class · CORE model (main 176),1568921.039369846,5169133.707018087,111,172,0.02255750074982643,0.05266999825835228,0.03405249863862991,0.44314250349998474,0.12394999712705612,0.05385249853134155,0.04945249855518341,0.05649250000715256,0.06284499913454056,0.08913499861955643,0.1288450062274933,0.15026749670505524,0.7832875847816467,-0.25535446405410767,955.0001220703125,0.8572805523872375,0.5628579258918762,-0.4933401644229889,3.0,1.0,2.0,-172304.5,52297.5,254.0,19.036394119262695,0.9969975352287292,0.0,1.0,1.0,1.0,0.0,core,,0.016446218,True
175,172.643656,-43.602239,broadleaf_scrub,4,train,main,4-class · CORE model (main 176),1571240.2556170523,5172242.375360212,188,68,0.020797500386834145,0.042742498219013214,0.041395001113414764,0.2707175016403198,0.11525999754667282,0.05580500140786171,-0.007499999832361937,0.0225987508893013,0.02316249907016754,0.0824112519621849,0.07729624956846237,0.06367000192403793,0.6581858992576599,0.12829333543777466,446.2506103515625,0.734743058681488,0.40276312828063965,-0.3009125888347626,2.0,1.0,1.0,-172408.5,52374.5,293.0,23.213655471801758,-0.19766488671302795,0.0,1.0,1.0,1.0,1.0,core,,0.08997839,True
177,172.61717,-43.629852,broadleaf_scrub,4,train,main,4-class · CORE model (main 176),1569116.7621038542,5169166.154152549,117,171,0.021347500383853912,0.04826999828219414,0.030559999868273735,0.36949750781059265,0.11946749687194824,0.05124000087380409,0.02404250018298626,0.04510749876499176,0.03449250012636185,0.28235000371932983,0.11891750246286392,0.058307498693466187,0.7564277052879333,0.6576766967773438,15.109064102172852,0.8472219705581665,0.511345386505127,-0.44523894786834717,0.0,1.0,2.0,-172305.5,52303.5,251.0,11.517462730407715,0.6829073429107666,0.0,1.0,1.0,1.0,0.0,core,,0.016699314,True
180,172.608459,-43.62244,broadleaf_scrub,4,train,main,4-class · CORE model (main 176),1568410.1561433973,5169986.058867722,94,144,0.02750750072300434,0.06207500025629997,0.05167999863624573,0.32203251123428345,0.1390475034713745,0.07428500056266785,0.02881374955177307,0.03405249863862991,0.03300749883055687,0.05852749943733215,0.09887000173330307,0.11689624935388565,0.6251237988471985,-0.3327300250530243,874.2119140625,0.7234237790107727,0.3968617022037506,-0.2939516007900238,3.0,1.0,2.0,-172332.5,52280.5,214.0,15.981904983520508,0.36651375889778137,0.0,1.0,1.0,1.0,0.0,core,,0.02347637,True
181,172.629512,-43.622038,broadleaf_scrub,4,train,main,4-class · CORE model (main 176),1570108.531215572,5170038.498085268,150,142,0.025665000081062317,0.05682250112295151,0.042660001665353775,0.4122050106525421,0.1444375067949295,0.06897749751806259,0.03702250123023987,0.049617499113082886,0.0578950010240078,0.1160850003361702,0.13723249733448029,0.10676249861717224,0.7133000493049622,0.0418335422873497,587.8245849609375,0.8124278783798218,0.481040358543396,-0.40125685930252075,2.0,1.0,2.0,-172334.5,52336.5,381.0,17.332504272460938,0.9092312455177307,0.0,1.0,1.0,1.0,0.0,core,,0.020035163,True
182,172.620419,-43.63317,broadleaf_scrub,4,train,main,4-class · CORE model (main 176),1569380.5465814355,5168798.857908174,126,183,0.02329999953508377,0.0498649999499321,0.029075000435113907,0.48736250400543213,0.14496000111103058,0.05883000046014786,0.00919250026345253,0.03236125037074089,0.030188750475645065,0.1522199958562851,0.10580000281333923,0.08364874869585037,0.7845814228057861,0.29071781039237976,410.2216796875,0.8874016404151917,0.5414997935295105,-0.49164411425590515,2.0,1.0,2.0,-172293.5,52312.5,355.0,26.151369094848633,0.9594894051551819,0.0,1.0,1.0,1.0,0.0,core,,0.016698943,True
189,172.630822,-43.629933,broadleaf_scrub,4,train,main,4-class · CORE model (main 176),1570218.1218987922,5169162.145204819,154,171,0.013729999773204327,0.035372499376535416,0.0210999995470047,0.281360000371933,0.0849824994802475,0.03586750105023384,0.02604999952018261,0.03133000060915947,0.0344650000333786,0.0659250020980835,0.05913250148296356,0.04617999866604805,0.7738689184188843,0.1761295199394226,514.0974731445312,0.8604774475097656,0.5360488891601562,-0.47113773226737976,2.0,1.0,2.0,-172305.5,52340.5,311.0,27.77433967590332,-0.8986287117004395,0.0,1.0,1.0,1.0,0.0,core,,0.013979451,True
190,172.644539,-43.605392,broadleaf_scrub,4,train,main,4-class · CORE model (main 176),1571313.0189554414,5171892.507920446,191,80,0.018130000680685043,0.03889250010251999,0.030230000615119934,0.3027549982070923,0.1073400005698204,0.050222501158714294,0.03460250049829483,0.059654999524354935,0.06416500359773636,0.14900250732898712,0.1026649996638298,0.0762924998998642,0.7154351472854614,0.32273241877555847,309.0607604980469,0.8184302449226379,0.47651153802871704,-0.3998538553714752,2.0,1.0,1.0,-172396.5,52377.5,316.0,18.304780960083008,-0.20112191140651703,0.0,1.0,1.0,1.0,0.0,core,,0.07410591,True
193,172.60994,-43.626745,broadleaf_scrub,4,train,main,4-class · CORE model (main 176),1568531.8902221995,5169508.505260974,98,160,0.01969750039279461,0.0475274994969368,0.03399749845266342,0.34169501066207886,0.1113549992442131,0.055034998804330826,0.025651250034570694,0.024386249482631683,0.026531249284744263,0.05231250077486038,0.06818000227212906,0.05936624854803085,0.7225568890571594,-0.06316107511520386,702.0760498046875,0.8190141916275024,0.5084207057952881,-0.4263288378715515,3.0,1.0,2.0,-172316.5,52284.5,178.0,15.570693016052246,-0.8927780985832214,0.0,1.0,1.0,1.0,0.0,core,,0.0507504,True
194,172.607351,-43.629102,broadleaf_scrub,4,train,main,4-class · CORE model (main 176),1568324.2601280182,5169245.750920496,91,168,0.0321274995803833,0.06562250107526779,0.05907750129699707,0.32624000310897827,0.1461700052022934,0.0786300003528595,0.05561250075697899,0.05706999823451042,0.06487999856472015,0.09325999766588211,0.12799249589443207,0.13131999969482422,0.6115790009498596,-0.16947190463542938,697.4089965820312,0.6933567523956299,0.38117313385009766,-0.2716748118400574,3.0,1.0,2.0,-172308.5,52277.5,262.0,20.892654418945312,0.8673007488250732,0.0,1.0,1.0,1.0,0.0,core,,0.02976904,True
198,172.601766,-43.621948,broadleaf_scrub,4,train,main,4-class · CORE model (main 176),1567869.8970521523,5170038.133005155,76,142,0.03157750144600868,0.058252498507499695,0.05833499878644943,0.23070499300956726,0.1230975016951561,0.07136999815702438,-0.025663750246167183,-0.00419999985024333,-0.00855875015258789,0.030422499403357506,0.0777362510561943,0.07732374966144562,0.5274683237075806,-0.435293585062027,879.1199951171875,0.5963534712791443,0.3041456639766693,-0.18221154808998108,3.0,1.0,2.0,-172334.5,52262.5,77.0,16.69083023071289,-0.61500084400177,0.0,1.0,1.0,1.0,1.0,core,,0.038337223,True
199,172.624343,-43.627093,broadleaf_scrub,4,train,main,4-class · CORE model (main 176),1569694.0286422877,5169475.213349007,137,161,0.015462500043213367,0.03946999832987785,0.025197500362992287,0.2991800010204315,0.08333250135183334,0.037847500294446945,0.015132499858736992,0.03342000022530556,0.025857500731945038,0.21596500277519226,0.07343249768018723,0.04026750102639198,0.7754040956497192,0.6856955885887146,6.066537380218506,0.8446409106254578,0.5642887353897095,-0.4870649576187134,0.0,1.0,2.0,-172315.5,52323.5,446.0,25.456087112426758,-0.4158589839935303,0.0,1.0,1.0,1.0,0.0,core,,0.047136176,True
278,172.610706,-43.630762,broadleaf_scrub,4,train,main,4-class · CORE model (main 176),1568595.778878643,5169062.664492061,100,174,0.029377499595284462,0.05849999934434891,0.04813250154256821,0.40887749195098877,0.15777499973773956,0.07467000186443329,0.05346750095486641,0.057042498141527176,0.06342250108718872,0.09554249793291092,0.1538974940776825,0.17235000431537628,0.6911575198173523,-0.28671014308929443,894.2257690429688,0.7893590927124023,0.443133145570755,-0.36069703102111816,3.0,1.0,2.0,-172302.5,52286.5,283.0,21.63515853881836,0.5326269268989563,0.0,1.0,1.0,1.0,0.0,core,,0.03493483,True
279,172.617652,-43.631851,broadleaf_scrub,4,train,main,4-class · CORE model (main 176),1569156.6677853914,5168944.322932741,119,178,0.020742500200867653,0.048544999212026596,0.030339999124407768,0.4233975112438202,0.12780000269412994,0.054567500948905945,0.030656250193715096,0.04545124992728233,0.044708751142024994,0.07614125311374664,0.11465500295162201,0.13187000155448914,0.7716673612594604,-0.2679121792316437,955.9376220703125,0.8662663102149963,0.5362823605537415,-0.4748621881008148,3.0,1.0,2.0,-172298.5,52305.5,329.0,23.299640655517578,0.9876812100410461,0.0,1.0,1.0,1.0,0.0,core,,0.03198942,True
280,172.622651,-43.633022,broadleaf_scrub,4,train,main,4-class · CORE model (main 176),1569560.519536667,5168816.115573713,132,183,0.012272500433027744,0.032760001718997955,0.01788249984383583,0.24665500223636627,0.07720000296831131,0.0324850007891655,0.013729999773204327,0.031550001353025436,0.02002749964594841,0.21051999926567078,0.07178249955177307,0.033557500690221786,0.7672494053840637,0.7250258922576904,-41.418392181396484,0.8648017644882202,0.5232434272766113,-0.4628258943557739,0.0,1.0,2.0,-172293.5,52318.5,393.0,22.38039207458496,-0.03520990163087845,0.0,1.0,1.0,1.0,0.0,core,,0.015555229,True
281,172.606627,-43.62768,broadleaf_scrub,4,train,main,4-class · CORE model (main 176),1568265.1054865576,5169403.402769223,89,163,0.0408174991607666,0.0776124969124794,0.08011499792337418,0.3131774961948395,0.16605250537395477,0.0930124968290329,-0.033336248248815536,0.02386374957859516,0.018501250073313713,0.07582499831914902,0.1607999950647354,0.18071000277996063,0.5420246720314026,-0.40885260701179504,867.2353515625,0.5925933122634888,0.3070029020309448,-0.17966383695602417,3.0,1.0,2.0,-172313.5,52275.5,198.0,21.298234939575195,0.8953317403793335,0.0,1.0,1.0,1.0,1.0,core,,0.020941623,True
151,172.620525,-43.616247,broadleaf_scrub,4,valid,main,4-class · CORE model (main 176),1569380.5088681711,5170678.375464532,126,121,0.03039499931037426,0.06683249771595001,0.04725249856710434,0.5566074848175049,0.16880249977111816,0.0752749964594841,0.03713250160217285,0.06845500320196152,0.0619099996984005,0.3850899934768677,0.16184499859809875,0.09452500194311142,0.7617436647415161,0.605829656124115,72.27206420898438,0.8434984683990479,0.534601092338562,-0.46191897988319397,0.0,1.0,2.0,-172355.5,52312.5,290.0,17.788591384887695,0.27381616830825806,1.0,1.0,1.0,1.0,0.0,core,,0.028629066,True
152,172.611696,-43.629949,broadleaf_scrub,4,valid,main,4-class · CORE model (main 176),1568675.2196806823,5169153.330797063,103,171,0.03319999948143959,0.05959999933838844,0.059792499989271164,0.29464250802993774,0.14603249728679657,0.07794249802827835,0.04241250082850456,0.04458500072360039,0.04758249968290329,0.07205750048160553,0.10360000282526016,0.11583749949932098,0.581612229347229,-0.2330024689435959,730.9727783203125,0.6626038551330566,0.33723264932632446,-0.22863955795764923,3.0,1.0,2.0,-172305.5,52289.5,238.0,17.179100036621094,0.899486243724823,0.0,1.0,1.0,1.0,0.0,core,,0.03363696,True
154,172.605467,-43.620305,broadleaf_scrub,4,valid,main,4-class · CORE model (main 176),1568167.6325473953,5170222.03067177,86,136,0.02470250055193901,0.054099999368190765,0.03936000168323517,0.31711000204086304,0.11748749762773514,0.06554000079631805,0.01773124933242798,0.024166250601410866,0.024083750322461128,0.05724874883890152,0.07286874949932098,0.06369750201702118,0.6574414968490601,-0.053319141268730164,627.1187133789062,0.7791679501533508,0.4593273103237152,-0.37092408537864685,2.0,1.0,2.0,-172340.5,52272.5,173.0,20.086990356445312,-0.9446048736572266,0.0,1.0,1.0,1.0,0.0,core,,0.0433598,True
157,172.610013,-43.628987,broadleaf_scrub,4,valid,main,4-class · CORE model (main 176),1568538.9489007147,5169259.53491169,98,168,0.0368025004863739,0.07337749749422073,0.07147999852895737,0.37340250611305237,0.16003000736236572,0.08489999920129776,0.08436375111341476,0.10699625313282013,0.11391250044107437,0.1524675041437149,0.22554874420166016,0.23736000061035156,0.6295023560523987,-0.21776939928531647,763.6298217773438,0.6786566972732544,0.39999905228614807,-0.27846473455429077,3.0,1.0,2.0,-172308.5,52284.5,239.0,23.27842903137207,0.9787704348564148,0.0,1.0,1.0,1.0,0.0,core,,0.018027427,True
158,172.612503,-43.627175,broadleaf_scrub,4,valid,main,4-class · CORE model (main 176),1568738.8833773562,5169461.717231371,105,161,0.02217249944806099,0.05060749873518944,0.04604249820113182,0.2884824872016907,0.10863249748945236,0.056244999170303345,0.018982499837875366,0.021017499268054962,0.018006250262260437,0.03417624905705452,0.05313749983906746,0.05674000084400177,0.673684298992157,-0.24818170070648193,838.2240600585938,0.7247291207313538,0.45289146900177,-0.3352029621601105,3.0,1.0,2.0,-172315.5,52291.5,217.0,21.141202926635742,-0.7629671692848206,0.0,1.0,1.0,1.0,0.0,core,,0.052762464,True
162,172.606608,-43.628329,broadleaf_scrub,4,valid,main,4-class · CORE model (main 176),1568263.914148878,5169331.3171334565,89,165,0.038782499730587006,0.07356999814510345,0.07571499794721603,0.3124074935913086,0.16035999357700348,0.08954750001430511,0.096670001745224,0.12880374491214752,0.1435987502336502,0.20792125165462494,0.2641175091266632,0.26095500588417053,0.5544402003288269,-0.11310820281505585,583.9064331054688,0.609839677810669,0.32161158323287964,-0.19601882994174957,2.0,1.0,2.0,-172311.5,52275.5,221.0,24.480836868286133,0.8931237459182739,0.0,1.0,1.0,1.0,0.0,core,,0.021571893,True
165,172.616915,-43.632225,broadleaf_scrub,4,valid,main,4-class · CORE model (main 176),1569097.4068994282,5168902.51218803,117,180,0.02390499971807003,0.05258750170469284,0.041532501578330994,0.34749749302864075,0.13583000004291534,0.06705249845981598,0.039566248655319214,0.0498649999499321,0.05271124839782715,0.08649499714374542,0.14871375262737274,0.17261125147342682,0.6765046715736389,-0.33235883712768555,925.2215576171875,0.7864817380905151,0.43793803453445435,-0.35359397530555725,3.0,1.0,2.0,-172296.5,52303.5,351.0,26.66210174560547,0.9964263439178467,0.0,1.0,1.0,1.0,0.0,core,,0.025803903,True
168,172.610989,-43.604861,broadleaf_scrub,4,valid,main,4-class · CORE model (main 176),1568605.1351362774,5171939.3486832455,100,79,0.0294599998742342,0.05762000009417534,0.04964499920606613,0.30327749252319336,0.1274150013923645,0.06853750348091125,0.047554999589920044,0.06774000078439713,0.0715624988079071,0.1442449986934662,0.12403249740600586,0.11085999757051468,0.6313354969024658,0.13086767494678497,416.82586669921875,0.7186634540557861,0.4083249568939209,-0.3053712546825409,2.0,1.0,2.0,-172397.5,52286.5,46.0,14.687091827392578,0.16268134117126465,0.0,1.0,1.0,1.0,0.0,core,,0.016331896,True
172,172.611953,-43.630589,broadleaf_scrub,4,valid,main,4-class · CORE model (main 176),1568696.2842518021,5169082.348861903,103,174,0.024152500554919243,0.04843499884009361,0.03968999907374382,0.30206748843193054,0.11745999753475189,0.05880250036716461,0.04103749990463257,0.042742498219013214,0.04365000128746033,0.06383500248193741,0.09581749886274338,0.11245500296354294,0.674107015132904,-0.275795578956604,866.2606201171875,0.7677300572395325,0.44003671407699585,-0.34977346658706665,3.0,1.0,2.0,-172302.5,52289.5,267.0,18.762535095214844,0.9650900363922119,0.0,1.0,1.0,1.0,0.0,core,,0.028965365,True
173,172.614727,-43.628579,broadleaf_scrub,4,valid,main,4-class · CORE model (main 176),1568919.0269967755,5169306.622898633,111,166,0.024125000461935997,0.04598750174045563,0.04026750102639198,0.28163498640060425,0.11061249673366547,0.0551999993622303,-0.0021100000012665987,0.01909250020980835,0.021966250613331795,0.061717499047517776,0.08415749669075012,0.07956500351428986,0.672243058681488,-0.12632492184638977,714.9260864257812,0.7498155236244202,0.4360066056251526,-0.3391730785369873,3.0,1.0,2.0,-172310.5,52297.5,221.0,16.657915115356445,-0.5180123448371887,0.0,1.0,1.0,1.0,1.0,core,,0.039975777,True
179,172.606956,-43.626625,broadleaf_scrub,4,valid,main,4-class · CORE model (main 176),1568291.092607992,5169520.697437608,90,159,0.03850749880075455,0.07829999923706055,0.07334999740123749,0.3730725049972534,0.17292749881744385,0.09282000362873077,-0.02592499926686287,0.012822500430047512,0.013991249725222588,0.08488625288009644,0.16441625356674194,0.17335374653339386,0.6015389561653137,-0.34257861971855164,860.4756469726562,0.6713875532150269,0.3665659427642822,-0.2512740194797516,3.0,1.0,2.0,-172317.5,52276.5,160.0,15.060547828674316,0.9895027279853821,0.0,1.0,1.0,1.0,1.0,core,,0.04574525,True
184,172.613188,-43.627137,broadleaf_scrub,4,valid,main,4-class · CORE model (main 176),1568794.125775158,5169466.19518067,107,161,0.025059999898076057,0.05266999825835228,0.04843499884009361,0.28361499309539795,0.10904499888420105,0.059379998594522476,0.016273749992251396,0.018404999747872353,0.01577875018119812,0.034011248499155045,0.049424998462200165,0.04990625008940697,0.6537559032440186,-0.1894122213125229,759.5261840820312,0.7082668542861938,0.44458308815956116,-0.3243449032306671,3.0,1.0,2.0,-172315.5,52293.5,235.0,23.298036575317383,-0.6286351680755615,0.0,1.0,1.0,1.0,0.0,core,,0.038142636,True
185,172.622398,-43.61685,broadleaf_scrub,4,valid,main,4-class · CORE model (main 176),1569531.944101259,5170612.09480911,131,123,0.03220999985933304,0.06991250067949295,0.04631749913096428,0.5899925231933594,0.16987499594688416,0.07321249693632126,0.04565750062465668,0.07225000113248825,0.08113250136375427,0.27838999032974243,0.17496250569820404,0.10945750027894974,0.7792160511016846,0.435564249753952,260.0099182128906,0.8544184565544128,0.5528825521469116,-0.48427054286003113,1.0,1.0,2.0,-172353.5,52317.5,279.0,24.215538024902344,0.7674891948699951,0.0,1.0,1.0,1.0,0.0,core,,0.011970432,True
186,172.619069,-43.632568,broadleaf_scrub,4,valid,main,4-class · CORE model (main 176),1569271.340057272,5168865.217759062,123,181,0.022667499259114265,0.04906750097870827,0.027094999328255653,0.5503100156784058,0.15296250581741333,0.05814250186085701,0.053728751838207245,0.06756124645471573,0.07163125276565552,0.119439996778965,0.1446162462234497,0.13959750533103943,0.8088840246200562,-0.0778169184923172,803.0590209960938,0.9061490893363953,0.5649979114532471,-0.521781861782074,3.0,1.0,2.0,-172295.5,52309.5,350.0,25.58218002319336,0.8460949063301086,0.0,1.0,1.0,1.0,0.0,core,,0.012571311,True
188,172.600214,-43.620318,broadleaf_scrub,4,valid,main,4-class · CORE model (main 176),1567743.8078763227,5170218.560071412,72,136,0.029239999130368233,0.05786750093102455,0.055640000849962234,0.22146500647068024,0.11220750212669373,0.06674999743700027,0.03402499854564667,0.05146000161767006,0.05542000010609627,0.10778000205755234,0.10258249938488007,0.08806250244379044,0.5368041396141052,0.1006803959608078,352.4817810058594,0.5984193682670593,0.3274393379688263,-0.19796203076839447,2.0,1.0,2.0,-172340.5,52258.5,80.0,25.319717407226562,-0.39490872621536255,0.0,1.0,1.0,1.0,0.0,core,,0.043996062,True
191,172.621767,-43.616219,broadleaf_scrub,4,valid,main,4-class · CORE model (main 176),1569480.7106256234,5170681.942277593,130,120,0.0327875018119812,0.06509999930858612,0.05104750022292137,0.46682000160217285,0.17243249714374542,0.08085750043392181,0.04733499884605408,0.06369750201702118,0.07233250141143799,0.15672999620437622,0.14914000034332275,0.11891750246286392,0.7047258615493774,0.1371770054101944,483.90692138671875,0.8028549551963806,0.46051833033561707,-0.38187286257743835,2.0,1.0,2.0,-172356.5,52316.5,252.0,23.70646095275879,0.8850669264793396,0.0,1.0,1.0,1.0,0.0,core,,0.039739482,True
197,172.621347,-43.615378,broadleaf_scrub,4,valid,main,4-class · CORE model (main 176),1569446.3953590267,5170775.189678912,128,117,0.04035000130534172,0.07736500352621078,0.06696999818086624,0.4658850133419037,0.21021750569343567,0.1046999990940094,0.05038750171661377,0.07051750272512436,0.07543999701738358,0.2333724945783615,0.16616250574588776,0.12714000046253204,0.6330082416534424,0.29467079043388367,254.6955108642578,0.7486370801925659,0.37814903259277344,-0.2923677861690521,1.0,1.0,2.0,-172359.5,52314.5,245.0,25.998668670654297,0.5206920504570007,0.0,1.0,1.0,1.0,0.0,core,,0.024299478,True
200,172.614246,-43.603346,broadleaf_scrub,4,valid,main,4-class · CORE model (main 176),1568867.2079980439,5172108.830594997,109,73,0.02819499932229519,0.0522025004029274,0.043540000915527344,0.2717075049877167,0.10525000095367432,0.056767500936985016,0.01928500086069107,0.0816275030374527,0.08638499677181244,0.15532749891281128,0.2146725058555603,0.21348999440670013,0.6543572545051575,-0.15769994258880615,728.415283203125,0.7237725853919983,0.4415816068649292,-0.33678409457206726,3.0,1.0,2.0,-172403.5,52295.5,120.0,24.37299156188965,-0.45769739151000977,0.0,1.0,1.0,1.0,0.0,core,,0.023130333,True
282,172.608579,-43.628089,broadleaf_scrub,4,valid,main,4-class · CORE model (main 176),1568422.7949783218,5169358.723092915,94,165,0.0475274994969368,0.08107750117778778,0.09075749665498734,0.35791999101638794,0.1983650028705597,0.10662499815225601,0.01712624914944172,0.03869999945163727,0.04050125181674957,0.12917500734329224,0.19364875555038452,0.19439125061035156,0.5409486889839172,-0.2015545517206192,658.8612670898438,0.59544438123703,0.2868224084377289,-0.16747772693634033,2.0,1.0,2.0,-172311.5,52280.5,220.0,23.95314598083496,0.9070212244987488,0.0,1.0,1.0,1.0,0.0,core,,0.028933497,True
283,172.621032,-43.636669,broadleaf_scrub,4,valid,main,4-class · CORE model (main 176),1569431.7688462215,5168410.482061951,128,196,0.020192500203847885,0.04430999979376793,0.031357500702142715,0.31843000650405884,0.09589999914169312,0.04623499885201454,0.016920000314712524,0.034533750265836716,0.03254000097513199,0.09024874866008759,0.07962000370025635,0.07262124866247177,0.7464247941970825,0.10823049396276474,554.5523681640625,0.8207054138183594,0.5370839834213257,-0.4536897838115692,2.0,1.0,2.0,-172280.5,52314.5,485.0,16.876434326171875,-0.8698996305465698,0.0,1.0,0.9803921580314636,1.0,0.0,edge,,,False
101,172.631694,-43.603446,exotic_pine,3,train,main,4-class · CORE model (main 176),1570275.422392128,5172104.115291271,156,73,0.04169749841094017,0.06878499686717987,0.06905999779701233,0.2517150044441223,0.16610750555992126,0.1017024964094162,0.05665750056505203,0.07178249955177307,0.0815725028514862,0.13989999890327454,0.1422100067138672,0.13109999895095825,0.42446255683898926,0.03247232362627983,308.3482971191406,0.5694178342819214,0.20488964021205902,-0.1101914569735527,2.0,1.0,2.0,-172403.5,52342.5,294.0,25.930532455444336,0.9901247024536133,0.0,1.0,1.0,1.0,0.0,core,,0.033883434,True
103,172.640648,-43.603752,exotic_pine,3,train,main,4-class · CORE model (main 176),1570998.2131911928,5172073.295645673,180,74,0.006442499812692404,0.013124999590218067,0.007075000088661909,0.1435849964618683,0.03454750031232834,0.014279999770224094,0.035881251096725464,0.0566987507045269,0.054196249693632126,0.14034000039100647,0.10366874933242798,0.08698999881744385,0.819085955619812,0.23468086123466492,500.76312255859375,0.906079888343811,0.6121145486831665,-0.5656405091285706,2.0,1.0,1.0,-172402.5,52366.5,218.0,29.281734466552734,-0.3881542980670929,0.0,1.0,1.0,1.0,0.0,core,,0.009609738,True
105,172.633298,-43.605085,exotic_pine,3,train,main,4-class · CORE model (main 176),1570405.678710594,5171922.660294034,160,79,0.04411749914288521,0.07002250105142593,0.07291000336408615,0.24868999421596527,0.14597749710083008,0.09700000286102295,0.059379998594522476,0.07612749934196472,0.0839100033044815,0.19280999898910522,0.1459224969148636,0.11591999977827072,0.4388035535812378,0.24905256927013397,106.10904693603516,0.5465795993804932,0.2602507174015045,-0.14446105062961578,0.0,1.0,2.0,-172397.5,52346.5,356.0,13.720791816711426,0.881629228591919,1.0,1.0,1.0,1.0,0.0,core,,0.087444425,True
110,172.61971,-43.593458,exotic_pine,3,train,main,4-class · CORE model (main 176),1569303.1612914945,5173209.025843313,124,36,0.02250250056385994,0.03754499927163124,0.03144000098109245,0.17567749321460724,0.06952749937772751,0.04395249858498573,0.021457500755786896,0.03440999984741211,0.029735000804066658,0.12964250147342682,0.0819849967956543,0.06405500322580338,0.5997586846351624,0.33860787749290466,177.5088653564453,0.696404218673706,0.43290308117866516,-0.32496511936187744,1.0,1.0,2.0,-172440.5,52310.5,43.0,15.046304702758789,0.12521372735500336,0.0,1.0,1.0,1.0,0.0,core,,0.021491745,True
111,172.589689,-43.631797,exotic_pine,3,train,main,4-class · CORE model (main 176),1566900.9108940968,5168939.553323634,44,179,0.019175000488758087,0.043209999799728394,0.029570000246167183,0.271762490272522,0.08748500049114227,0.05077249929308891,0.010924999602138996,0.01297375001013279,0.008642500266432762,0.058115001767873764,0.03777875006198883,0.026270000264048576,0.6851659417152405,0.3773775100708008,224.14651489257812,0.8037384152412415,0.5129541754722595,-0.42619043588638306,1.0,1.0,2.0,-172297.5,52230.5,198.0,17.194494247436523,-0.946061909198761,0.0,1.0,1.0,1.0,0.0,core,,0.02869253,True
112,172.628325,-43.592985,exotic_pine,3,train,main,4-class · CORE model (main 176),1569998.3257659818,5173264.703825071,147,34,0.061662498861551285,0.09196750074625015,0.09765999764204025,0.31213250756263733,0.20510250329971313,0.13134750723838806,0.06698375195264816,0.08212249726057053,0.09108749777078629,0.16093750298023224,0.19054125249385834,0.17402750253677368,0.4076508581638336,-0.03907870873808861,363.0876159667969,0.5233685374259949,0.20692722499370575,-0.10499107837677002,2.0,1.0,2.0,-172442.5,52333.5,102.0,23.844295501708984,0.6370180249214172,0.0,1.0,1.0,1.0,0.0,core,,0.022537393,True
113,172.616853,-43.589675,exotic_pine,3,train,main,4-class · CORE model (main 176),1569070.6081054178,5173628.106220085,116,22,0.03361250087618828,0.056244999170303345,0.052862498909235,0.17540250718593597,0.11182250082492828,0.06779500097036362,0.07948250323534012,0.10027249902486801,0.09854000061750412,0.178289994597435,0.16234000027179718,0.1320350021123886,0.44246959686279297,0.1490534096956253,209.7742462158203,0.5368322134017944,0.22135956585407257,-0.11862456798553467,1.0,1.0,2.0,-172454.5,52302.5,48.0,19.848960876464844,-0.5637927651405334,0.0,1.0,1.0,1.0,0.0,core,,0.03342014,True
118,172.619237,-43.605757,exotic_pine,3,train,main,4-class · CORE model (main 176),1569271.2408933928,5171842.922702784,123,82,0.024757500737905502,0.04799500107765198,0.04343000054359436,0.22206999361515045,0.08184749633073807,0.04964499920606613,-0.012670000083744526,0.006579999811947346,0.0125749995931983,0.0745600014925003,0.07345999777317047,0.05993000045418739,0.6345803737640381,0.10878132283687592,442.1571044921875,0.6728436946868896,0.4613834321498871,-0.3266551196575165,2.0,1.0,2.0,-172394.5,52309.5,260.0,17.050704956054688,-0.1417539417743683,0.0,1.0,1.0,1.0,1.0,core,,0.008838372,True
119,172.632119,-43.606415,exotic_pine,3,train,main,4-class · CORE model (main 176),1570311.1827369318,5171774.52951879,157,84,0.019312499091029167,0.03694000095129013,0.03226500004529953,0.22182250022888184,0.0702425017952919,0.04120250046253204,0.03039499931037426,0.04826999828219414,0.049205001443624496,0.0900150015950203,0.08951999992132187,0.08509249985218048,0.6867027878761292,0.028111303225159645,574.9495239257812,0.7460323572158813,0.5189940333366394,-0.40340614318847656,2.0,1.0,2.0,-172392.5,52343.5,398.0,14.825648307800293,0.9913181662559509,0.0,1.0,1.0,1.0,0.0,core,,0.021685805,True
120,172.589253,-43.629178,exotic_pine,3,train,main,4-class · CORE model (main 176),1566864.3006642945,5169230.247481199,42,169,0.0174150001257658,0.03460250049829483,0.03006500005722046,0.17141500115394592,0.06930749863386154,0.043072499334812164,0.03134375065565109,0.04131250083446503,0.04371875151991844,0.08147624880075455,0.09506125003099442,0.09035874903202057,0.598368227481842,-0.05169203132390976,566.4182739257812,0.7015584707260132,0.42417097091674805,-0.31039807200431824,2.0,1.0,2.0,-172307.5,52228.5,213.0,22.339221954345703,0.16238829493522644,0.0,1.0,1.0,1.0,0.0,core,,0.023049653,True
121,172.635092,-43.600563,exotic_pine,3,train,main,4-class · CORE model (main 176),1570548.255891983,5172425.511877427,165,62,0.025142500177025795,0.04389749839901924,0.0388374999165535,0.24533499777317047,0.09171999990940094,0.05167999863624573,0.016589999198913574,0.026998750865459442,0.028841249644756317,0.10216999799013138,0.07312999665737152,0.05265624821186066,0.6520041227340698,0.31980204582214355,248.5601348876953,0.7266625165939331,0.4557564854621887,-0.34889721870422363,1.0,1.0,2.0,-172414.5,52351.5,99.0,14.800569534301758,0.8793456554412842,0.0,1.0,0.8784313797950745,1.0,0.0,edge,,,False
122,172.616951,-43.592677,exotic_pine,3,train,main,4-class · CORE model (main 176),1569080.056023372,5173294.740728955,116,33,0.027397500351071358,0.047885000705718994,0.04408999904990196,0.22088749706745148,0.08963000029325485,0.052862498909235,0.059985000640153885,0.09056500345468521,0.09587249904870987,0.1909399926662445,0.1695999950170517,0.1467200070619583,0.613789975643158,0.1309601366519928,399.1878662109375,0.6672170162200928,0.42270565032958984,-0.299904465675354,2.0,1.0,2.0,-172443.5,52302.5,58.0,20.709896087646484,0.5799664258956909,0.0,1.0,1.0,1.0,0.0,core,,0.013215447,True
123,172.624174,-43.596896,exotic_pine,3,train,main,4-class · CORE model (main 176),1569665.2206909175,5172828.84096042,136,49,0.03850749880075455,0.06056249886751175,0.06504499912261963,0.16819749772548676,0.12876249849796295,0.08074750006198883,0.1166900023818016,0.13090750575065613,0.12840500473976135,0.182607501745224,0.2192925065755844,0.21217000484466553,0.35128241777420044,-0.07488395273685455,342.5244140625,0.44225430488586426,0.13279566168785095,-0.03220248967409134,2.0,1.0,2.0,-172427.5,52322.5,123.0,21.335071563720703,-0.12905730307102203,0.0,1.0,1.0,1.0,0.0,core,,0.016807029,True
124,172.617898,-43.593905,exotic_pine,3,train,main,4-class · CORE model (main 176),1569157.125642165,5173158.7110185195,119,38,0.02871749922633171,0.04626249894499779,0.04276999831199646,0.21343499422073364,0.08795250207185745,0.052230000495910645,0.03308999910950661,0.050827499479055405,0.04837999865412712,0.13937750458717346,0.10904499888420105,0.0979899987578392,0.6067980527877808,0.17436043918132782,348.795654296875,0.6661267280578613,0.4163493812084198,-0.29884010553359985,2.0,1.0,2.0,-172438.5,52305.5,90.0,18.70908546447754,0.9827868342399597,0.0,1.0,1.0,1.0,0.0,core,,0.068963006,True
126,172.636587,-43.604872,exotic_pine,3,train,main,4-class · CORE model (main 176),1570671.0108913917,5171947.482534332,169,78,0.031165000051259995,0.057454999536275864,0.054044999182224274,0.2554824948310852,0.13409750163555145,0.07769499719142914,0.03427249938249588,0.05200999975204468,0.05143250152468681,0.16112999618053436,0.10547000169754028,0.08578000217676163,0.5336119532585144,0.305171936750412,144.798095703125,0.6507903337478638,0.3115791380405426,-0.20747067034244537,1.0,1.0,2.0,-172398.5,52355.5,255.0,24.27333641052246,0.8552291989326477,0.0,1.0,1.0,1.0,0.0,core,,0.044187423,True
128,172.606782,-43.595264,exotic_pine,3,train,main,4-class · CORE model (main 176),1568260.56729333,5173003.594245714,89,43,0.0371600016951561,0.06394500285387039,0.06435749679803848,0.2097499966621399,0.13052250444889069,0.07783249765634537,0.01675499975681305,0.03160500153899193,0.024015000090003014,0.09656000137329102,0.08671499788761139,0.06699749827384949,0.4587118625640869,0.18074683845043182,194.3230743408203,0.5304214358329773,0.23283544182777405,-0.11777088791131973,1.0,1.0,2.0,-172433.5,52275.5,68.0,21.612022399902344,-0.04470675066113472,0.0,1.0,1.0,1.0,0.0,core,,0.03928072,True
131,172.606639,-43.604208,exotic_pine,3,train,main,4-class · CORE model (main 176),1568253.7277106524,5172010.217891747,89,76,0.028552500531077385,0.049287501722574234,0.04505249857902527,0.25336501002311707,0.09955749660730362,0.05781250074505806,0.030615000054240227,0.04696375131607056,0.05327500030398369,0.11884874850511551,0.1308249980211258,0.11205624788999557,0.6284275054931641,0.02941685914993286,515.3687133789062,0.698057234287262,0.43581098318099976,-0.32191944122314453,2.0,1.0,2.0,-172400.5,52275.5,120.0,29.352638244628906,0.48341628909111023,0.0,1.0,1.0,1.0,0.0,core,,0.010229602,True
136,172.593581,-43.633338,exotic_pine,3,train,main,4-class · CORE model (main 176),1567215.7098676376,5168769.952769466,54,184,0.021402500569820404,0.040047500282526016,0.03633499890565872,0.20840249955654144,0.07378999888896942,0.046069998294115067,0.007982499897480011,0.02053624950349331,0.021044999361038208,0.11932999640703201,0.05983375012874603,0.039566248655319214,0.6379176378250122,0.5019863843917847,52.28935623168945,0.7030696272850037,0.4770236611366272,-0.35207247734069824,0.0,1.0,2.0,-172292.5,52240.5,265.0,9.26987361907959,-0.5550372004508972,1.0,1.0,1.0,1.0,0.0,core,,0.020752879,True
139,172.623072,-43.610477,exotic_pine,3,train,main,4-class · CORE model (main 176),1569583.1161308216,5171320.1296394775,133,99,0.021265000104904175,0.03726999834179878,0.03427249938249588,0.19247999787330627,0.0625699982047081,0.037709999829530716,0.023286249488592148,0.04616624861955643,0.047224998474121094,0.12792375683784485,0.09368625283241272,0.07847875356674194,0.6723576188087463,0.2395562082529068,349.15948486328125,0.6977100372314453,0.5093511343002319,-0.37639153003692627,2.0,1.0,2.0,-172377.5,52319.5,319.0,22.47386932373047,-0.45848047733306885,0.0,1.0,1.0,1.0,0.0,core,,0.018243909,True
141,172.64007,-43.605057,exotic_pine,3,train,main,4-class · CORE model (main 176),1570952.1931489704,5171928.160157047,179,79,0.008945000357925892,0.014252499677240849,0.008807499893009663,0.15117500722408295,0.04134000092744827,0.01815750077366829,0.021815000101923943,0.04255000129342079,0.039717499166727066,0.14292499423027039,0.066942498087883,0.046537499874830246,0.7855402827262878,0.5087418556213379,193.15650939941406,0.8898941874504089,0.5705269575119019,-0.5230123400688171,1.0,1.0,1.0,-172397.5,52365.5,204.0,17.287294387817383,0.24581187963485718,0.0,1.0,1.0,1.0,0.0,core,,0.081338786,True
143,172.622657,-43.605056,exotic_pine,3,train,main,4-class · CORE model (main 176),1569546.8921094532,5171922.0352941435,132,79,0.02456500008702278,0.04645499959588051,0.04177999868988991,0.1979524940252304,0.07486250251531601,0.04670250043272972,-0.02303750067949295,0.014115000143647194,0.014527499675750732,0.1078762486577034,0.08239749819040298,0.07295124977827072,0.6182174682617188,0.19313986599445343,341.4356689453125,0.6514448523521423,0.45118486881256104,-0.31216830015182495,2.0,1.0,2.0,-172397.5,52318.5,289.0,18.241220474243164,-0.02769291028380394,0.0,1.0,1.0,1.0,1.0,core,,0.00832377,True
144,172.620029,-43.593263,exotic_pine,3,train,main,4-class · CORE model (main 176),1569328.811814309,5173230.800340544,124,35,0.023685000836849213,0.03622499853372574,0.031907498836517334,0.1694899946451187,0.0682625025510788,0.04329250007867813,0.0394974984228611,0.06507249921560287,0.06094750016927719,0.1712224930524826,0.12667250633239746,0.10651499778032303,0.5930821299552917,0.23298078775405884,276.45941162109375,0.6831390857696533,0.4257684051990509,-0.31704989075660706,2.0,1.0,2.0,-172441.5,52310.5,45.0,22.622146606445312,-0.19424375891685486,0.0,1.0,1.0,1.0,0.0,core,,0.029036947,True
148,172.636053,-43.609591,exotic_pine,3,train,main,4-class · CORE model (main 176),1570630.2109032283,5171423.200564025,168,96,0.027094999328255653,0.05553000047802925,0.04348500072956085,0.30591750144958496,0.10767000168561935,0.06127750128507614,0.023685000836849213,0.0454925000667572,0.04103749990463257,0.17749249935150146,0.0970275029540062,0.06691499799489975,0.6662400364875793,0.4524308741092682,130.1671905517578,0.751089334487915,0.47933629155158997,-0.3756086528301239,1.0,1.0,2.0,-172380.5,52354.5,414.0,23.194061279296875,0.846828818321228,0.0,1.0,1.0,1.0,0.0,core,,0.028416544,True
216,172.637796,-43.602203,exotic_pine,3,train,main,4-class · CORE model (main 176),1570767.2900942545,5172244.328259842,172,68,0.014087500050663948,0.020522499457001686,0.015957500785589218,0.13635249435901642,0.0478300005197525,0.027562500908970833,-0.019173750653862953,0.011681250296533108,0.012602499686181545,0.07127375155687332,0.07655374705791473,0.06747875362634659,0.6636976599693298,0.027350857853889465,552.704833984375,0.7904602289199829,0.48062384128570557,-0.404488205909729,2.0,1.0,1.0,-172408.5,52358.5,140.0,12.223666191101074,0.3342399299144745,0.0,1.0,1.0,1.0,1.0,core,,0.11428983,True
217,172.639882,-43.600266,exotic_pine,3,train,main,4-class · CORE model (main 176),1570934.7143332437,5172460.183611076,178,61,0.006579999811947346,0.013427499681711197,0.007679999805986881,0.1578574925661087,0.03960749879479408,0.01400499977171421,0.002785000018775463,0.016067499294877052,0.015545000322163105,0.08242499828338623,0.04430999979376793,0.029075000435113907,0.8370208740234375,0.47847533226013184,274.9035949707031,0.9072113633155823,0.5988402962684631,-0.5533120632171631,2.0,1.0,1.0,-172415.5,52364.5,213.0,34.07225036621094,-0.4193919599056244,0.0,1.0,1.0,1.0,0.0,core,,0.008581944,True
218,172.625942,-43.596796,exotic_pine,3,train,main,4-class · CORE model (main 176),1569807.8748381564,5172840.590940795,140,48,0.042192500084638596,0.06603500247001648,0.07084749639034271,0.17971999943256378,0.13756249845027924,0.08839250355958939,0.0959549993276596,0.1288450062274933,0.1398725062608719,0.21547000110149384,0.2433824986219406,0.22385750710964203,0.34063127636909485,-0.019091680645942688,276.08099365234375,0.4345036745071411,0.13287055492401123,-0.031377628445625305,2.0,1.0,2.0,-172428.5,52326.5,181.0,23.611251831054688,-0.6600988507270813,0.0,1.0,1.0,1.0,0.0,core,,0.025707899,True
219,172.639049,-43.598311,exotic_pine,3,train,main,4-class · CORE model (main 176),1570866.5392049442,5172677.014335033,176,54,0.01026500016450882,0.01680999994277954,0.010897500440478325,0.23141999542713165,0.06312000006437302,0.022612499073147774,0.01768999919295311,0.03086250089108944,0.03425874933600426,0.11532875150442123,0.06921125203371048,0.042838748544454575,0.821971595287323,0.4583115875720978,280.01806640625,0.9100559949874878,0.571399450302124,-0.5310933589935303,2.0,1.0,1.0,-172422.5,52362.5,242.0,18.12996482849121,-0.9410286545753479,0.0,1.0,1.0,1.0,0.0,core,,0.061527602,True
220,172.598862,-43.606316,exotic_pine,3,train,main,4-class · CORE model (main 176),1567627.2134431028,5171773.101652938,68,84,0.041587501764297485,0.06443999707698822,0.06980250030755997,0.20738500356674194,0.1341799944639206,0.08382750302553177,0.057042498141527176,0.08536750078201294,0.08963000029325485,0.20416750013828278,0.14732499420642853,0.11946749687194824,0.4242863953113556,0.2617145776748657,78.92986297607422,0.4963517487049103,0.2143223136663437,-0.09932553768157959,0.0,1.0,2.0,-172392.5,52254.5,204.0,6.950181484222412,-0.8746835589408875,0.0,1.0,1.0,1.0,0.0,core,,0.020151192,True
222,172.598427,-43.605858,exotic_pine,3,train,main,4-class · CORE model (main 176),1567591.8619994596,5171823.797637988,67,82,0.039799999445676804,0.059379998594522476,0.06207500025629997,0.21948499977588654,0.14493249356746674,0.09188500046730042,0.02750750072300434,0.06566374748945236,0.06507249921560287,0.1679224967956543,0.13950124382972717,0.11809249967336655,0.4098018407821655,0.17422163486480713,151.9382781982422,0.5590637922286987,0.2045799046754837,-0.1121131032705307,1.0,1.0,2.0,-172394.5,52253.5,208.0,3.6406993865966797,-0.7993399500846863,0.0,1.0,1.0,1.0,0.0,core,,0.043157298,True
274,172.641668,-43.604595,exotic_pine,3,train,main,4-class · CORE model (main 176),1571080.936979558,5171980.027485086,183,77,0.007707499898970127,0.016122499480843544,0.010045000351965427,0.15112000703811646,0.049754999577999115,0.018927499651908875,0.020412499085068703,0.03501499816775322,0.02778249979019165,0.12109000235795975,0.062267500907182693,0.04678500071167946,0.7773857116699219,0.44262099266052246,251.12278747558594,0.8753451704978943,0.5046172738075256,-0.4529508054256439,1.0,1.0,1.0,-172399.5,52369.5,246.0,23.23274040222168,-0.10301387310028076,0.0,1.0,1.0,1.0,0.0,core,,0.0081911525,True
275,172.577283,-43.632703,exotic_pine,3,train,main,4-class · CORE model (main 176),1565900.651389272,5168833.91216599,10,182,0.04785750061273575,0.08085750043392181,0.09391999989748001,0.238817498087883,0.19822749495506287,0.12719500064849854,0.0698850005865097,0.09037250280380249,0.10934749990701675,0.18593500554561615,0.21912750601768494,0.1950100064277649,0.30496910214424133,-0.02382233738899231,245.1494903564453,0.43547090888023376,0.09287372976541519,0.00945453904569149,1.0,1.0,2.0,-172294.5,52196.5,52.0,19.944759368896484,0.8034343123435974,0.0,1.0,1.0,1.0,0.0,core,,0.02049255,True
276,172.638579,-43.602612,exotic_pine,3,train,main,4-class · CORE model (main 176),1570830.6820005511,5172199.17987249,175,70,0.01169500034302473,0.020907500758767128,0.013042500242590904,0.20551499724388123,0.060864999890327454,0.024675000458955765,-0.010167500004172325,0.01731874980032444,0.018982499837875366,0.08657749742269516,0.06345000118017197,0.04502499848604202,0.7856118679046631,0.31574249267578125,386.22747802734375,0.8806492686271667,0.5430212616920471,-0.4922496974468231,2.0,1.0,1.0,-172406.5,52361.5,161.0,24.628890991210938,-0.45140331983566284,0.0,1.0,1.0,1.0,1.0,core,,0.0181515,True
102,172.578485,-43.632788,exotic_pine,3,valid,main,4-class · CORE model (main 176),1565997.6612369232,5168824.9649327835,13,182,0.04216499999165535,0.07590749859809875,0.08586250245571136,0.24316249787807465,0.18431249260902405,0.11828500032424927,0.06372500211000443,0.08184749633073807,0.09290249645709991,0.15579499304294586,0.20169250667095184,0.20240749418735504,0.34549278020858765,-0.1301289051771164,391.979736328125,0.4780791699886322,0.13766886293888092,-0.027277104556560516,2.0,1.0,2.0,-172294.5,52199.5,66.0,20.140907287597656,0.9837388396263123,0.0,1.0,1.0,1.0,0.0,core,,0.014248922,True
107,172.629483,-43.596917,exotic_pine,3,valid,main,4-class · CORE model (main 176),1570093.7471020308,5172828.43331458,150,49,0.06960999965667725,0.10181249678134918,0.11451750248670578,0.2717350125312805,0.2475074976682663,0.16500750184059143,0.07673250138759613,0.09950249642133713,0.11256500333547592,0.16992999613285065,0.19074749946594238,0.1893724948167801,0.2443716824054718,-0.0541117861866951,214.84153747558594,0.40703296661376953,0.04665931686758995,0.02940131165087223,1.0,1.0,2.0,-172427.5,52336.5,190.0,22.970184326171875,0.5698496103286743,0.0,1.0,1.0,1.0,0.0,core,,0.018242063,True
108,172.634365,-43.60117,exotic_pine,3,valid,main,4-class · CORE model (main 176),1570489.8763271202,5172357.840408108,163,65,0.021870000287890434,0.037379998713731766,0.03281499817967415,0.2413475066423416,0.08822750300168991,0.04978249967098236,0.03608750179409981,0.05860999971628189,0.06383500248193741,0.1424575001001358,0.11028250306844711,0.0846249982714653,0.6580049991607666,0.2546761631965637,319.6869201660156,0.7606164216995239,0.4645983576774597,-0.3699968755245209,2.0,1.0,2.0,-172411.5,52349.5,152.0,25.346145629882812,0.9371880292892456,0.0,1.0,1.0,1.0,0.0,core,,0.02025242,True
109,172.62569,-43.605598,exotic_pine,3,valid,main,4-class · CORE model (main 176),1569791.9388880245,5171862.948016822,140,81,0.020797500386834145,0.03955249860882759,0.033914998173713684,0.20609250664710999,0.06652999669313431,0.039662498980760574,0.04758249968290329,0.07194750010967255,0.07772249728441238,0.17485250532627106,0.11182250082492828,0.07940000295639038,0.6772191524505615,0.37542402744293213,218.15321350097656,0.717383861541748,0.5119258165359497,-0.3862862288951874,1.0,1.0,2.0,-172395.5,52326.5,363.0,7.858602046966553,0.031199686229228973,0.0,1.0,1.0,1.0,0.0,core,,0.012114792,True
115,172.638648,-43.599936,exotic_pine,3,valid,main,4-class · CORE model (main 176),1570834.9581688775,5172496.401003946,175,60,0.007679999805986881,0.01557250041514635,0.009302499704062939,0.1694899946451187,0.04697750136256218,0.020549999549984932,0.020604999735951424,0.037985000759363174,0.03850749880075455,0.12227249890565872,0.06476999819278717,0.04450250044465065,0.7837297320365906,0.46631690859794617,233.77090454101562,0.8959408402442932,0.565962553024292,-0.517841100692749,1.0,1.0,1.0,-172416.5,52361.5,166.0,28.960756301879883,-0.3577444851398468,0.0,1.0,1.0,1.0,0.0,core,,0.008846967,True
132,172.576746,-43.632386,exotic_pine,3,valid,main,4-class · CORE model (main 176),1565857.1536621007,5168868.897758416,9,181,0.04458500072360039,0.07986749708652496,0.09303999692201614,0.24874499440193176,0.1872825026512146,0.1193849965929985,0.07266250252723694,0.0997224971652031,0.12117250263690948,0.23609499633312225,0.2514125108718872,0.1947074979543686,0.3513976037502289,0.09607070684432983,171.68496704101562,0.4555641710758209,0.14096014201641083,-0.02267487719655037,1.0,1.0,2.0,-172295.5,52195.5,42.0,10.98422622680664,0.36874905228614807,0.0,1.0,1.0,1.0,0.0,core,,0.016159592,True
142,172.618185,-43.61564,exotic_pine,3,valid,main,4-class · CORE model (main 176),1569191.3863661182,5170744.923830099,120,118,0.016782499849796295,0.03339250013232231,0.027232499793171883,0.24321749806404114,0.0722775012254715,0.040157500654459,0.029212500900030136,0.0414775013923645,0.046812500804662704,0.16940750181674957,0.08924499899148941,0.057977501302957535,0.7165769934654236,0.49004992842674255,142.88511657714844,0.798613429069519,0.5418152213096619,-0.44641315937042236,1.0,1.0,2.0,-172358.5,52306.5,328.0,8.670913696289062,0.8359295129776001,0.0,1.0,1.0,1.0,0.0,core,,0.019897988,True
145,172.632979,-43.599274,exotic_pine,3,valid,main,4-class · CORE model (main 176),1570377.0830282643,5172567.917141252,159,58,0.02657249942421913,0.04502499848604202,0.04002000018954277,0.25713250041007996,0.0902625024318695,0.05440250039100647,0.03748999908566475,0.06783624738454819,0.07260750234127045,0.21283000707626343,0.16152875125408173,0.13320374488830566,0.6507455110549927,0.230111226439476,336.9923400878906,0.7306433320045471,0.48034659028053284,-0.3705969452857971,2.0,1.0,2.0,-172418.5,52345.5,109.0,23.450162887573242,0.22562263906002045,0.0,1.0,1.0,1.0,0.0,core,,0.045942754,True
146,172.618448,-43.6151,exotic_pine,3,valid,main,4-class · CORE model (main 176),1569212.3323246255,5170804.993975559,121,116,0.01895499974489212,0.031824998557567596,0.026215000078082085,0.25617000460624695,0.07612749934196472,0.04260500147938728,0.02758999913930893,0.05099250003695488,0.047472499310970306,0.24195249378681183,0.0879800021648407,0.059709999710321426,0.714802086353302,0.6041271090507507,27.03304100036621,0.8143314719200134,0.5418111681938171,-0.4577414095401764,0.0,1.0,2.0,-172360.5,52307.5,312.0,18.47565460205078,0.9165610074996948,1.0,1.0,1.0,1.0,0.0,core,,0.028242644,True
225,172.622118,-43.609175,exotic_pine,3,valid,main,4-class · CORE model (main 176),1569505.4735208866,5171464.380382917,130,94,0.018377499654889107,0.03633499890565872,0.03215499967336655,0.2099975049495697,0.06463249772787094,0.03726999834179878,-0.033473748713731766,0.006896249949932098,0.00539750000461936,0.046537499874830246,0.06509999930858612,0.06529249995946884,0.6985450983047485,-0.16770991683006287,782.6130981445312,0.7344235777854919,0.5293121933937073,-0.4046822786331177,3.0,1.0,2.0,-172382.5,52316.5,323.0,14.436107635498047,-0.1411740481853485,0.0,1.0,1.0,1.0,1.0,core,,0.015048701,True
52,172.612668,-43.61665,gorse_broom,2,train,main,4-class · CORE model (main 176),1568746.7429596772,5170630.691592248,105,122,0.041120000183582306,0.07500000298023224,0.08041749894618988,0.3212350010871887,0.1692975014448166,0.09477250277996063,0.047005001455545425,0.07469750195741653,0.08242499828338623,0.15920500457286835,0.14116500318050385,0.11561749875545502,0.5443711876869202,0.15860237181186676,302.12689208984375,0.5995668172836304,0.3097399175167084,-0.18403123319149017,2.0,1.0,2.0,-172354.5,52291.5,306.0,6.168870449066162,-0.8995416164398193,0.0,1.0,1.0,1.0,0.0,core,,0.024810832,True
53,172.596842,-43.621044,gorse_broom,2,train,main,4-class · CORE model (main 176),1567472.1338069274,5170136.614946143,63,139,0.03694000095129013,0.06955499947071075,0.0675475001335144,0.2701125144958496,0.15320999920368195,0.08567000180482864,0.07178249955177307,0.07560499757528305,0.08203999698162079,0.12254749983549118,0.19396500289440155,0.2316949963569641,0.5184136629104614,-0.3081152141094208,742.8869018554688,0.599908173084259,0.27615469694137573,-0.16349633038043976,3.0,1.0,2.0,-172337.5,52249.5,108.0,23.862462997436523,0.8913841247558594,0.0,1.0,1.0,1.0,0.0,core,,0.032170758,True
54,172.626681,-43.633092,gorse_broom,2,train,main,4-class · CORE model (main 176),1569885.6413271495,5168809.810832966,143,183,0.02162249945104122,0.05759250000119209,0.03204499930143356,0.504687488079071,0.14504249393939972,0.05663000047206879,0.03589500114321709,0.049150001257658005,0.058115001767873764,0.1585174947977066,0.13998250663280487,0.10412249714136124,0.798224687576294,0.20710858702659607,507.47418212890625,0.8805922865867615,0.5535299181938171,-0.4964796006679535,2.0,1.0,2.0,-172293.5,52329.5,440.0,29.296361923217773,0.34992268681526184,0.0,1.0,1.0,1.0,0.0,core,,0.0049903733,True
55,172.611905,-43.620839,gorse_broom,2,train,main,4-class · CORE model (main 176),1568687.3515056286,5170165.171824362,103,138,0.034575000405311584,0.06435749679803848,0.06168999895453453,0.291810005903244,0.15494249761104584,0.08445999771356583,0.01675499975681305,0.027163749560713768,0.027713749557733536,0.051858749240636826,0.09206374734640121,0.10661125183105469,0.551067054271698,-0.34550702571868896,812.93212890625,0.6509759426116943,0.3063609004020691,-0.2021159529685974,3.0,1.0,2.0,-172338.5,52289.5,266.0,15.998454093933105,0.7583208084106445,0.0,1.0,1.0,1.0,0.0,core,,0.051613815,True
57,172.62821,-43.630351,gorse_broom,2,train,main,4-class · CORE model (main 176),1570007.6175271196,5169114.78169819,147,173,0.024757500737905502,0.06015000119805336,0.038177501410245895,0.4830450117588043,0.16225750744342804,0.06685999780893326,0.04840749874711037,0.05759250000119209,0.06779500097036362,0.11077749729156494,0.13151249289512634,0.11784499883651733,0.7568307518959045,-0.030913405120372772,704.1021728515625,0.8535078763961792,0.49711182713508606,-0.4339893162250519,3.0,1.0,2.0,-172303.5,52333.5,339.0,35.022029876708984,0.01159296091645956,0.0,1.0,1.0,1.0,0.0,core,,0.0043132775,True
58,172.619414,-43.614013,gorse_broom,2,train,main,4-class · CORE model (main 176),1569289.7263617094,5170926.074246879,123,112,0.05385249853134155,0.08855749666690826,0.09447000175714493,0.3514299988746643,0.2301824986934662,0.1325024962425232,0.056382499635219574,0.07807999849319458,0.08663249760866165,0.15573999285697937,0.16335749626159668,0.14858999848365784,0.4523926377296448,0.023494232445955276,345.2564697265625,0.57627272605896,0.20846784114837646,-0.11046189069747925,2.0,1.0,2.0,-172364.5,52309.5,247.0,33.680667877197266,0.852677583694458,0.0,1.0,1.0,1.0,0.0,core,,0.033296388,True
60,172.619204,-43.629912,gorse_broom,2,train,main,4-class · CORE model (main 176),1569280.877378819,5169160.244994146,123,171,0.015902500599622726,0.03339250013232231,0.02483999915421009,0.2367275059223175,0.0916924998164177,0.04002000018954277,0.033461250364780426,0.0578950010240078,0.052889999002218246,0.19329124689102173,0.11552125215530396,0.08531250059604645,0.7107833027839661,0.3875710666179657,239.57029724121094,0.8100681304931641,0.44161438941955566,-0.36866554617881775,1.0,1.0,2.0,-172305.5,52309.5,292.0,17.69126319885254,0.11550122499465942,0.0,1.0,1.0,1.0,0.0,core,,0.013121409,True
62,172.628039,-43.629586,gorse_broom,2,train,main,4-class · CORE model (main 176),1569993.4423250975,5169199.681349793,147,170,0.02544499933719635,0.058032501488924026,0.03468500077724457,0.4706425070762634,0.1512575000524521,0.061854999512434006,0.036307498812675476,0.05124000087380409,0.060177501291036606,0.1498274952173233,0.13627000153064728,0.09722000360488892,0.7676796317100525,0.2129448801279068,471.09283447265625,0.8627226948738098,0.5135632753372192,-0.454738050699234,2.0,1.0,2.0,-172306.5,52333.5,350.0,29.79543685913086,-0.4741404056549072,0.0,1.0,1.0,1.0,0.0,core,,0.011014928,True
63,172.605217,-43.613828,gorse_broom,2,train,main,4-class · CORE model (main 176),1568144.042439911,5170941.273406039,85,112,0.06298249959945679,0.09689000248908997,0.10802750289440155,0.26378750801086426,0.2571600079536438,0.16206499934196472,0.0498649999499321,0.07462874799966812,0.0774337500333786,0.19905249774456024,0.1872825026512146,0.12427999824285507,0.23886792361736298,0.23125575482845306,-76.02976989746094,0.41891801357269287,0.012722011655569077,0.05552002787590027,0.0,1.0,2.0,-172364.5,52271.5,224.0,18.673917770385742,0.9704919457435608,0.0,1.0,1.0,1.0,0.0,core,,0.012861461,True
64,172.605109,-43.629133,gorse_broom,2,train,main,4-class · CORE model (main 176),1568143.4099649005,5169241.450357283,85,168,0.03099999949336052,0.065870001912117,0.058720000088214874,0.31226998567581177,0.1374250054359436,0.0755774974822998,0.06471499800682068,0.07136999815702438,0.07846499979496002,0.10736750066280365,0.1599474996328354,0.19325000047683716,0.6102720499038696,-0.2856869697570801,812.3170776367188,0.6834415793418884,0.3888079822063446,-0.2727491855621338,3.0,1.0,2.0,-172308.5,52271.5,265.0,16.897907257080078,0.9838805198669434,0.0,1.0,1.0,1.0,0.0,core,,0.0208081,True
65,172.602649,-43.612563,gorse_broom,2,train,main,4-class · CORE model (main 176),1567936.152303784,5171080.776694205,78,107,0.05366000160574913,0.08602750301361084,0.0936724990606308,0.2619450092315674,0.22382999956607819,0.13734249770641327,0.05799125134944916,0.09114249795675278,0.08727875351905823,0.2179725021123886,0.1902800053358078,0.14519375562667847,0.3120621144771576,0.20040063560009003,28.019529342651367,0.4731839597225189,0.07846225053071976,0.0029971213079988956,0.0,1.0,2.0,-172369.5,52264.5,181.0,12.79391860961914,0.5467866063117981,0.0,1.0,1.0,1.0,0.0,core,,0.008097505,True
66,172.602066,-43.611893,gorse_broom,2,train,main,4-class · CORE model (main 176),1567888.7511739917,5171154.961924754,76,105,0.05706999823451042,0.09064749628305435,0.09928250312805176,0.271432489156723,0.2513299882411957,0.16129499673843384,0.03509749844670296,0.059324998408555984,0.06103000044822693,0.19260375201702118,0.17312000691890717,0.10852249711751938,0.2545193135738373,0.2792225778102875,-108.34522247314453,0.4643729031085968,0.038454364985227585,0.03255707770586014,0.0,1.0,2.0,-172371.5,52262.5,166.0,10.920608520507812,0.20174720883369446,0.0,1.0,1.0,1.0,0.0,core,,0.018478502,True
67,172.621788,-43.630349,gorse_broom,2,train,main,4-class · CORE model (main 176),1569489.5519684707,5169112.664169466,130,173,0.014554999768733978,0.0314675010740757,0.0210999995470047,0.2295224964618683,0.08517500013113022,0.03622499853372574,0.014417500235140324,0.03204499930143356,0.023520000278949738,0.20589999854564667,0.083965003490448,0.03944249823689461,0.7273727655410767,0.6784698963165283,-34.739044189453125,0.8316192626953125,0.4586865305900574,-0.3933252990245819,0.0,1.0,2.0,-172303.5,52316.5,354.0,18.703189849853516,-0.12161271274089813,0.0,1.0,1.0,1.0,0.0,core,,0.016939837,True
68,172.603357,-43.628854,gorse_broom,2,train,main,4-class · CORE model (main 176),1568001.92475136,5169271.762659544,80,167,0.030697500333189964,0.06655749678611755,0.05883000046014786,0.3284125030040741,0.14097249507904053,0.08124250173568726,0.05616249889135361,0.05902250111103058,0.06845500320196152,0.10051999986171722,0.13967999815940857,0.1589300036430359,0.6033613681793213,-0.2251300811767578,744.8494873046875,0.6961593627929688,0.3993310332298279,-0.28503119945526123,3.0,1.0,2.0,-172309.5,52266.5,267.0,17.301767349243164,0.9418142437934875,0.0,1.0,1.0,1.0,0.0,core,,0.04121111,True
74,172.58154,-43.626275,gorse_broom,2,train,main,4-class · CORE model (main 176),1566240.4538230523,5169549.549897172,22,158,0.030202500522136688,0.06116750091314316,0.05995750054717064,0.22828499972820282,0.14105500280857086,0.08272749930620193,0.05212000012397766,0.0662275031208992,0.07434000074863434,0.11831250041723251,0.21912750601768494,0.26546499133110046,0.468011736869812,-0.3834317922592163,767.8015747070312,0.5839787721633911,0.23617804050445557,-0.1250816136598587,3.0,1.0,2.0,-172318.5,52208.5,153.0,11.36686897277832,0.7539041042327881,0.0,1.0,1.0,1.0,0.0,core,,0.06722134,True
76,172.625619,-43.63019,gorse_broom,2,train,main,4-class · CORE model (main 176),1569798.520211994,5169131.7233449835,140,172,0.029542500153183937,0.06160749867558479,0.05553000047802925,0.3526400029659271,0.16206499934196472,0.08814500272274017,0.031550001353025436,0.05632749944925308,0.0532200001180172,0.3112249970436096,0.15026749670505524,0.08297500014305115,0.6000544428825378,0.5790207982063293,-62.60829162597656,0.7279074788093567,0.370260626077652,-0.2744142711162567,0.0,1.0,2.0,-172304.5,52326.5,446.0,6.956863880157471,0.5334644913673401,0.0,1.0,1.0,1.0,0.0,core,,0.05428473,True
82,172.615915,-43.61262,gorse_broom,2,train,main,4-class · CORE model (main 176),1569006.6692033615,5171079.48170877,114,107,0.03452000021934509,0.06705249845981598,0.06204750016331673,0.32156500220298767,0.1485075056552887,0.08316750079393387,0.050030000507831573,0.08171000331640244,0.08102250099182129,0.20086750388145447,0.14999249577522278,0.13057750463485718,0.5890248417854309,0.21207138895988464,293.3115234375,0.6765094995498657,0.36815065145492554,-0.25682973861694336,2.0,1.0,2.0,-172369.5,52300.5,251.0,20.57126235961914,0.793618381023407,0.0,1.0,1.0,1.0,0.0,core,,0.024548776,True
83,172.61673,-43.624787,gorse_broom,2,train,main,4-class · CORE model (main 176),1569078.6705823336,5169728.512601716,116,152,0.024922499433159828,0.04290749877691269,0.04939749836921692,0.15315499901771545,0.1130324974656105,0.061442501842975616,0.009440000168979168,0.024523749947547913,0.020811250433325768,0.04990625008940697,0.07106749713420868,0.07765375077724457,0.4273698329925537,-0.21752507984638214,561.2529907226562,0.5122498869895935,0.1507302224636078,-0.04595346748828888,2.0,1.0,2.0,-172324.5,52302.5,382.0,15.506475448608398,-0.3103066384792328,0.0,1.0,1.0,1.0,0.0,core,,0.08413926,True
88,172.629464,-43.630857,gorse_broom,2,train,main,4-class · CORE model (main 176),1570109.028829065,5169059.037160221,150,175,0.028277499601244926,0.06157999858260155,0.0411750003695488,0.45493999123573303,0.17138749361038208,0.07260750234127045,0.04365000128746033,0.057702500373125076,0.06840000301599503,0.1200449988245964,0.13467499613761902,0.11575499922037125,0.724735677242279,0.018193384632468224,622.900390625,0.8340102434158325,0.452722430229187,-0.38899508118629456,2.0,1.0,2.0,-172301.5,52336.5,287.0,27.756607055664062,0.3654416501522064,0.0,1.0,1.0,1.0,0.0,core,,0.010111949,True
89,172.621939,-43.62905,gorse_broom,2,train,main,4-class · CORE model (main 176),1569501.076339527,5169256.987480875,130,168,0.015324999578297138,0.030780000612139702,0.022144999355077744,0.22482000291347504,0.08407499641180038,0.03743499889969826,0.015957500785589218,0.034437499940395355,0.027342500165104866,0.19844749569892883,0.08649499714374542,0.04244000092148781,0.7145144939422607,0.647636353969574,-16.763784408569336,0.8206628561019897,0.4556402564048767,-0.38665857911109924,0.0,1.0,2.0,-172308.5,52316.5,333.0,21.86119270324707,0.16178464889526367,0.0,1.0,1.0,1.0,0.0,core,,0.019346572,True
90,172.635129,-43.635653,gorse_broom,2,train,main,4-class · CORE model (main 176),1570568.3627703905,5168528.413487115,166,192,0.026544999331235886,0.052834998816251755,0.028552500531077385,0.5401074886322021,0.15832500159740448,0.062267500907182693,0.03501499816775322,0.05305499956011772,0.056341249495744705,0.10412249714136124,0.11580999940633774,0.10711999982595444,0.7932600378990173,-0.014189853332936764,723.8079223632812,0.8995797038078308,0.5466276407241821,-0.5039945244789124,3.0,1.0,2.0,-172284.5,52352.5,184.0,20.520973205566406,0.23864296078681946,0.0,1.0,1.0,1.0,0.0,core,,0.011909504,True
91,172.627379,-43.631355,gorse_broom,2,train,main,4-class · CORE model (main 176),1569941.0809044563,5169002.976252688,145,176,0.026462500914931297,0.0619099996984005,0.04056999832391739,0.5044400095939636,0.1705625057220459,0.06908749788999557,0.049617499113082886,0.059379998594522476,0.06930749863386154,0.10618499666452408,0.127360001206398,0.12392249703407288,0.7590786814689636,-0.0770835354924202,752.520263671875,0.8511220216751099,0.49463149905204773,-0.4309365451335907,3.0,1.0,2.0,-172300.5,52331.5,380.0,30.855918884277344,0.2283058762550354,0.0,1.0,1.0,1.0,0.0,core,,0.009863366,True
92,172.620146,-43.630927,gorse_broom,2,train,main,4-class · CORE model (main 176),1569357.385017185,5169047.866435798,125,175,0.014224999584257603,0.02517000027000904,0.01735999993979931,0.21637749671936035,0.07486250251531601,0.03133000060915947,0.01601249910891056,0.03306249901652336,0.026215000078082085,0.1776300072669983,0.07362499833106995,0.04007500037550926,0.747040331363678,0.631841242313385,31.55716896057129,0.8514572978019714,0.48590508103370667,-0.4286532998085022,0.0,1.0,2.0,-172301.5,52311.5,301.0,14.80836009979248,-0.31672343611717224,0.0,1.0,1.0,1.0,0.0,core,,0.018913947,True
94,172.646243,-43.601409,gorse_broom,2,train,main,4-class · CORE model (main 176),1571448.6543523553,5172335.447576769,195,65,0.02203500084578991,0.03721499815583229,0.03944249823689461,0.16913250088691711,0.12282250076532364,0.06182749941945076,0.02745250053703785,0.04334750026464462,0.04571250081062317,0.10321500152349472,0.08938249945640564,0.0662275031208992,0.4646042585372925,0.21828939020633698,162.6729278564453,0.6217907071113586,0.15862034261226654,-0.08177657425403595,1.0,1.0,1.0,-172411.5,52381.5,409.0,22.090906143188477,-0.10373839735984802,0.0,1.0,1.0,1.0,0.0,core,,0.14470737,True
98,172.604616,-43.622831,gorse_broom,2,train,main,4-class · CORE model (main 176),1568100.3063001116,5169941.165203637,84,145,0.04370500147342682,0.07645750045776367,0.08231499791145325,0.2871350049972534,0.18634749948978424,0.11009000241756439,0.04413124918937683,0.054705001413822174,0.05606624856591225,0.11816125363111496,0.14262250065803528,0.12146124988794327,0.4457045793533325,-0.013771661557257175,375.83428955078125,0.5543916821479797,0.2128642499446869,-0.10371516644954681,2.0,1.0,2.0,-172331.5,52270.5,150.0,15.102775573730469,-0.22482852637767792,0.0,1.0,1.0,1.0,0.0,core,,0.083064064,True
99,172.600212,-43.612338,gorse_broom,2,train,main,4-class · CORE model (main 176),1567739.3805564875,5171104.821662024,71,106,0.042137499898672104,0.06807000190019608,0.07835499942302704,0.18774999678134918,0.16632750630378723,0.10238999873399734,0.0011350000277161598,0.02772749960422516,0.029872499406337738,0.07084749639034271,0.10214249789714813,0.11058499664068222,0.2942028045654297,-0.21902084350585938,429.5816955566406,0.41109710931777954,0.06050229072570801,0.03117559105157852,2.0,1.0,2.0,-172370.5,52257.5,153.0,14.720046043395996,0.6716406941413879,0.0,1.0,1.0,1.0,0.0,core,,0.013608001,True
100,172.618916,-43.614173,gorse_broom,2,train,main,4-class · CORE model (main 176),1569249.6232069216,5170908.120336495,122,113,0.040460001677274704,0.07208500057458878,0.07134249806404114,0.36177000403404236,0.17746500670909882,0.09273750334978104,0.050964999943971634,0.07447750121355057,0.08160000294446945,0.1703149974346161,0.15656499564647675,0.1344825029373169,0.5919209122657776,0.11756166070699692,390.7173156738281,0.6705590486526489,0.34178975224494934,-0.2356584668159485,2.0,1.0,2.0,-172363.5,52308.5,272.0,25.670827865600586,0.9161813259124756,0.0,1.0,1.0,1.0,0.0,core,,0.05601928,True
265,172.636062,-43.613583,gorse_broom,2,train,main,4-class · CORE model (main 176),1570632.8796895402,5170979.850901775,168,111,0.045602500438690186,0.08201249688863754,0.0776124969124794,0.4375874996185303,0.1813424974679947,0.09471750259399414,0.04114750027656555,0.056905001401901245,0.060397498309612274,0.11880750209093094,0.11671750247478485,0.10280250012874603,0.6441231966018677,0.07222147285938263,488.2597961425781,0.69870924949646,0.4140128791332245,-0.30214446783065796,2.0,1.0,2.0,-172365.5,52354.5,428.0,13.760696411132812,-0.7518036961555481,0.0,1.0,0.95686274766922,1.0,0.0,edge,,,False
266,172.603084,-43.626646,gorse_broom,2,train,main,4-class · CORE model (main 176),1567978.7290936077,5169516.879376975,79,159,0.03226500004529953,0.07068250328302383,0.05883000046014786,0.43018999695777893,0.16701500117778778,0.08547750115394592,0.10280250012874603,0.11574125289916992,0.12305624783039093,0.1780562549829483,0.26664748787879944,0.2881937623023987,0.66847825050354,-0.2362198382616043,821.05615234375,0.7593963146209717,0.44067782163619995,-0.3437599837779999,3.0,1.0,2.0,-172317.5,52265.5,199.0,19.805063247680664,0.4297010898590088,0.0,1.0,1.0,1.0,0.0,core,,0.043254394,True
267,172.602165,-43.62766,gorse_broom,2,train,main,4-class · CORE model (main 176),1567905.1280657551,5169403.909088934,77,163,0.036444999277591705,0.07579749822616577,0.06977500021457672,0.3715600073337555,0.15909500420093536,0.0863024964928627,0.05674000084400177,0.06504499912261963,0.0692799985408783,0.09444250166416168,0.1373700052499771,0.16346749663352966,0.6230199933052063,-0.2676321268081665,807.0101928710938,0.6838002800941467,0.40038254857063293,-0.2812718451023102,3.0,1.0,2.0,-172313.5,52263.5,234.0,17.989168167114258,0.8423290848731995,0.0,1.0,1.0,1.0,0.0,core,,0.042744514,True
268,172.600819,-43.622608,gorse_broom,2,train,main,4-class · CORE model (main 176),1567793.8439683495,5169964.466219126,73,144,0.05245000123977661,0.08932749927043915,0.10398499667644501,0.2776474952697754,0.2150299996137619,0.12590250372886658,0.10663875192403793,0.11945375055074692,0.12401875108480453,0.18036624789237976,0.24214500188827515,0.24467499554157257,0.3760252892971039,-0.15130002796649933,443.683349609375,0.4550516605377197,0.12709632515907288,-0.017073310911655426,2.0,1.0,2.0,-172332.5,52259.5,88.0,25.015262603759766,0.975965142250061,0.0,1.0,1.0,1.0,0.0,core,,0.02181321,True
269,172.589761,-43.621745,gorse_broom,2,train,main,4-class · CORE model (main 176),1566901.2038699675,5170055.963744789,44,141,0.028030000627040863,0.05674000084400177,0.05701500177383423,0.20031750202178955,0.11985249817371368,0.07046250253915787,0.0017399999778717756,0.04586375132203102,0.04305874928832054,0.10463125258684158,0.13566499948501587,0.14002375304698944,0.479559063911438,-0.14466288685798645,540.5800170898438,0.5568767786026001,0.25131961703300476,-0.12704366445541382,2.0,1.0,2.0,-172335.5,52230.5,138.0,23.218130111694336,0.6933139562606812,0.0,1.0,1.0,1.0,0.0,core,,0.03940277,True
270,172.590903,-43.611319,gorse_broom,2,train,main,4-class · CORE model (main 176),1566987.639153305,5171214.33458107,46,103,0.031027499586343765,0.06441249698400497,0.05814250186085701,0.265547513961792,0.13308000564575195,0.0762374997138977,0.08447375148534775,0.09221500158309937,0.09284750372171402,0.16922874748706818,0.21696874499320984,0.22847749292850494,0.5538862347602844,-0.1489761620759964,619.220458984375,0.6407519578933716,0.33230897784233093,-0.21597589552402496,2.0,1.0,2.0,-172373.5,52232.5,72.0,16.06781768798828,0.9853094816207886,0.0,1.0,1.0,1.0,0.0,core,,0.014006491,True
61,172.600936,-43.624802,gorse_broom,2,valid,main,4-class · CORE model (main 176),1567804.454509472,5169720.844651749,74,152,0.037792500108480453,0.0702425017952919,0.07098499685525894,0.2769325077533722,0.16082750260829926,0.09111499786376953,0.16132250428199768,0.17540250718593597,0.18013249337673187,0.23038874566555023,0.2994549870491028,0.32042375206947327,0.5048736929893494,-0.16345852613449097,584.6903076171875,0.5919435024261475,0.26522523164749146,-0.1517050564289093,2.0,1.0,2.0,-172324.5,52260.5,180.0,17.955110549926758,0.8449932336807251,0.0,1.0,1.0,1.0,0.0,core,,0.01960648,True
70,172.621078,-43.619085,gorse_broom,2,valid,main,4-class · CORE model (main 176),1569426.5679546187,5170363.389599198,128,131,0.03105499967932701,0.0608924999833107,0.05294499918818474,0.3411175012588501,0.14429999887943268,0.07417500019073486,0.04843499884009361,0.05874750018119812,0.06356000155210495,0.10651499778032303,0.1361600011587143,0.13450999557971954,0.6427819132804871,-0.11614977568387985,675.2897338867188,0.7312862873077393,0.4054602384567261,-0.30720430612564087,3.0,1.0,2.0,-172345.5,52314.5,370.0,12.561197280883789,0.7253498435020447,0.0,1.0,1.0,1.0,0.0,core,,0.046477832,True
72,172.619648,-43.618602,gorse_broom,2,valid,main,4-class · CORE model (main 176),1569310.9422423828,5170416.504407262,124,129,0.032705001533031464,0.047142498195171356,0.05374249815940857,0.15505249798297882,0.15128499269485474,0.08561500161886215,0.04100999981164932,0.050882499665021896,0.05547500029206276,0.08676999807357788,0.10244499891996384,0.10593750327825546,0.2885204553604126,-0.09946421533823013,304.3427429199219,0.4852127730846405,0.012298527173697948,0.0439680740237236,2.0,1.0,2.0,-172347.5,52310.5,350.0,16.532745361328125,0.5787938833236694,0.0,1.0,1.0,1.0,0.0,core,,0.07802086,True
73,172.616049,-43.60218,gorse_broom,2,valid,main,4-class · CORE model (main 176),1569012.1231546132,5172239.000847256,114,69,0.03666500002145767,0.061387501657009125,0.059187501668930054,0.25946998596191406,0.13297000527381897,0.0773100033402443,-0.09635250270366669,-0.027822500094771385,-0.033900000154972076,0.04565750062465668,0.15970000624656677,0.17114000022411346,0.5408872365951538,-0.5788004994392395,1036.0457763671875,0.6285196542739868,0.32234227657318115,-0.2129410207271576,3.0,1.0,2.0,-172407.5,52300.5,154.0,19.430599212646484,0.7784550189971924,0.0,1.0,1.0,1.0,1.0,core,,0.043471217,True
75,172.590599,-43.621841,gorse_broom,2,valid,main,4-class · CORE model (main 176),1566968.8677842536,5170045.63557265,46,142,0.029349999502301216,0.05756499990820885,0.059379998594522476,0.21332499384880066,0.12526999413967133,0.0722775012254715,0.06097500026226044,0.0675475001335144,0.07252500206232071,0.11636000126600266,0.1461700052022934,0.16311000287532806,0.4938594698905945,-0.16728092730045319,577.4984741210938,0.5645111203193665,0.2600599527359009,-0.13578657805919647,2.0,1.0,2.0,-172334.5,52232.5,168.0,19.39797592163086,0.4914741516113281,0.0,1.0,1.0,1.0,0.0,core,,0.02752898,True
85,172.61363,-43.621967,gorse_broom,2,valid,main,4-class · CORE model (main 176),1568827.112517864,5170040.544475794,108,142,0.032760001718997955,0.06405500322580338,0.05976499989628792,0.31735751032829285,0.14025749266147614,0.07620999962091446,0.0088900001719594,0.029789999127388,0.028456250205636024,0.06116750091314316,0.09478624910116196,0.10537374764680862,0.6127220988273621,-0.2654372453689575,794.5173950195312,0.6830472946166992,0.387006551027298,-0.2728305459022522,3.0,1.0,2.0,-172334.5,52294.5,306.0,15.403200149536133,0.8818752765655518,0.0,1.0,1.0,1.0,0.0,core,,0.033033837,True
86,172.601218,-43.626538,gorse_broom,2,valid,main,4-class · CORE model (main 176),1567828.1314812582,5169528.152692755,74,159,0.040130000561475754,0.07194750010967255,0.0719200000166893,0.28680500388145447,0.1489199995994568,0.0869624987244606,0.10083624720573425,0.11814749985933304,0.12196999788284302,0.17107124626636505,0.2575312554836273,0.28314751386642456,0.5346705913543701,-0.24674509465694427,697.7738037109375,0.5990242958068848,0.3164495825767517,-0.19368353486061096,3.0,1.0,2.0,-172317.5,52260.5,244.0,20.4676570892334,0.8219692707061768,0.0,1.0,1.0,1.0,0.0,core,,0.051492933,True
87,172.591117,-43.616041,gorse_broom,2,valid,main,4-class · CORE model (main 176),1567007.4896349567,5170689.992391252,47,120,0.025004999712109566,0.050085000693798065,0.048215001821517944,0.16674000024795532,0.1020599976181984,0.0635875016450882,0.026159999892115593,0.03944249823689461,0.04244000092148781,0.08303000032901764,0.09114249795675278,0.08976750075817108,0.44785141944885254,-0.038990724831819534,403.2002258300781,0.5513944625854492,0.24062499403953552,-0.121250219643116,2.0,1.0,2.0,-172356.5,52233.5,58.0,23.73273468017578,-0.29739856719970703,0.0,1.0,1.0,1.0,0.0,core,,0.041589808,True
95,172.601002,-43.628171,gorse_broom,2,valid,main,4-class · CORE model (main 176),1567811.577018974,5169346.706928782,74,165,0.03936000168323517,0.08118750154972076,0.07909750193357468,0.3486250042915344,0.16607999801635742,0.09282000362873077,0.05217500030994415,0.05982000008225441,0.06339500099420547,0.08866749703884125,0.12430749833583832,0.1494700014591217,0.5794719457626343,-0.25532516837120056,751.1552124023438,0.6301457285881042,0.35465946793556213,-0.22554636001586914,3.0,1.0,2.0,-172311.5,52260.5,262.0,15.759842872619629,0.8689817786216736,0.0,1.0,1.0,1.0,0.0,core,,0.05233015,True
271,172.614114,-43.620407,gorse_broom,2,valid,main,4-class · CORE model (main 176),1568865.3573459077,5170213.9804653935,109,136,0.02431749925017357,0.052092500030994415,0.044667501002550125,0.2435474991798401,0.10615749657154083,0.05814250186085701,-0.06398499757051468,0.00501250009983778,0.003060000017285347,0.0613737516105175,0.09574875235557556,0.09447000175714493,0.6145547032356262,-0.2123681604862213,743.2808837890625,0.6900404095649719,0.39287400245666504,-0.2795385718345642,3.0,1.0,2.0,-172340.5,52295.5,307.0,23.105819702148438,-0.7002937197685242,0.0,1.0,1.0,1.0,1.0,core,,0.031681284,True
272,172.591074,-43.616434,gorse_broom,2,valid,main,4-class · CORE model (main 176),1567004.2348812388,5170646.328552175,47,122,0.023217499256134033,0.04876499995589256,0.047885000705718994,0.15686750411987305,0.1033800020813942,0.06328500062227249,0.02572000026702881,0.039524998515844345,0.0418349988758564,0.08261749893426895,0.08924499899148941,0.09160999953746796,0.4250803291797638,-0.05161355063319206,393.05194091796875,0.5322645902633667,0.2055255025625229,-0.086977519094944,2.0,1.0,2.0,-172354.5,52233.5,52.0,25.090951919555664,-0.3834798038005829,0.0,1.0,1.0,1.0,0.0,core,,0.039646704,True
273,172.619408,-43.614912,gorse_broom,2,valid,main,4-class · CORE model (main 176),1569289.6997046038,5170826.228730552,123,116,0.0348225012421608,0.06639250367879868,0.06094750016927719,0.3272024989128113,0.15274250507354736,0.08613750338554382,0.045079998672008514,0.06375250220298767,0.06718999892473221,0.1838725060224533,0.14102749526500702,0.12686499953269958,0.5832123756408691,0.18345870077610016,316.1117248535156,0.6859590411186218,0.3634999990463257,-0.25765353441238403,2.0,1.0,2.0,-172360.5,52309.5,301.0,26.109756469726562,0.6963230967521667,0.0,1.0,1.0,1.0,0.0,core,,0.038464796,True
1,172.586937,-43.618966,pasture,1,train,main,4-class · CORE model (main 176),1566671.8233963987,5170363.471597862,36,131,0.04488750174641609,0.0819299966096878,0.08910749852657318,0.26785749197006226,0.18312999606132507,0.11234500259160995,0.05107500031590462,0.08087124675512314,0.07829999923706055,0.1803937554359436,0.18480749428272247,0.15997500717639923,0.4090254604816437,0.059990085661411285,265.3934326171875,0.5007493495941162,0.187871053814888,-0.06924565881490707,1.0,1.0,2.0,-172345.5,52222.5,85.0,20.998624801635742,0.5742607116699219,0.0,1.0,1.0,1.0,0.0,core,,0.0645469,True
3,172.583723,-43.61998,pasture,1,train,main,4-class · CORE model (main 176),1566413.0645681215,5170249.561470167,27,135,0.027672499418258667,0.05954499915242195,0.06160749867558479,0.2633199989795685,0.13811250030994415,0.07986749708652496,0.04488750174641609,0.059654999524354935,0.06565000116825104,0.13373999297618866,0.14650000631809235,0.13357500731945038,0.5345547199249268,0.0006172492867335677,450.2955322265625,0.6207923293113708,0.3119017481803894,-0.18599994480609894,2.0,1.0,2.0,-172341.5,52213.5,133.0,8.939200401306152,-0.07403364032506943,0.0,1.0,1.0,1.0,0.0,core,,0.044737108,True
4,172.583703,-43.622719,pasture,1,train,main,4-class · CORE model (main 176),1566412.9757084127,5169945.358519159,27,145,0.05781250074505806,0.0987050011754036,0.12595750391483307,0.2840000092983246,0.22842249274253845,0.13555499911308289,0.051569998264312744,0.05618999898433685,0.060397498309612274,0.09477250277996063,0.13558250665664673,0.14691250026226044,0.35381534695625305,-0.21573536098003387,485.9087829589844,0.3855094611644745,0.10846030712127686,0.018051760271191597,2.0,1.0,2.0,-172331.5,52213.5,159.0,12.673013687133789,0.9947779178619385,0.0,1.0,1.0,1.0,0.0,core,,0.015123347,True
6,172.586081,-43.61326,pasture,1,train,main,4-class · CORE model (main 176),1566599.5984608564,5170996.838681105,33,110,0.039992500096559525,0.07189249992370605,0.08470749855041504,0.2514125108718872,0.16272500157356262,0.09719250351190567,0.036912500858306885,0.052862498909235,0.05973749980330467,0.1304125040769577,0.14028500020503998,0.12158499658107758,0.4423918128013611,0.03503010794520378,323.7197570800781,0.49596869945526123,0.21414989233016968,-0.08160623908042908,2.0,1.0,2.0,-172366.5,52219.5,31.0,6.415524959564209,0.7252734303474426,0.0,1.0,1.0,1.0,0.0,core,,0.063036926,True
11,172.603396,-43.604239,pasture,1,train,main,4-class · CORE model (main 176),1567992.0170215098,5172005.5306426445,80,76,0.06270749866962433,0.10172999650239944,0.11930249631404877,0.36300748586654663,0.2451149970293045,0.1377274990081787,0.05319250002503395,0.09961249679327011,0.09545999765396118,0.21069875359535217,0.1908162534236908,0.1721162497997284,0.4498986601829529,0.10078628361225128,265.4704284667969,0.5052870512008667,0.19386307895183563,-0.07757876068353653,1.0,1.0,2.0,-172400.5,52266.5,161.0,8.246315002441406,0.3400167226791382,0.0,1.0,1.0,1.0,0.0,core,,0.019866202,True
16,172.598929,-43.600431,pasture,1,train,main,4-class · CORE model (main 176),1567629.4651595843,5172426.717016653,68,62,0.07117749750614166,0.10414999723434448,0.1277174949645996,0.31045499444007874,0.26659250259399414,0.15505249798297882,0.07996375113725662,0.12469249963760376,0.12444499880075455,0.2689025104045868,0.24226875603199005,0.2086775004863739,0.33383458852767944,0.12610453367233276,124.0881118774414,0.41704466938972473,0.07601194083690643,0.016338195651769638,1.0,1.0,2.0,-172414.5,52254.5,167.0,18.401416778564453,0.8205865621566772,0.0,1.0,1.0,1.0,0.0,core,,0.03143424,True
17,172.617222,-43.597428,pasture,1,train,main,4-class · CORE model (main 176),1569104.3620913716,5172767.195368084,117,51,0.047609999775886536,0.07120499759912491,0.07337749749422073,0.25012001395225525,0.14278750121593475,0.08954750001430511,0.038314998149871826,0.0518449991941452,0.047554999589920044,0.19630250334739685,0.13954250514507294,0.09284750372171402,0.47273436188697815,0.3577900826931,31.302352905273438,0.5463488698005676,0.2731749713420868,-0.15871919691562653,0.0,1.0,2.0,-172425.5,52303.5,196.0,6.032711505889893,0.9702929854393005,1.0,1.0,1.0,1.0,0.0,core,,0.026757222,True
18,172.576479,-43.627533,pasture,1,train,main,4-class · CORE model (main 176),1565832.8663906122,5169407.765646613,8,163,0.033502500504255295,0.0686199963092804,0.07681500166654587,0.2535575032234192,0.1555750072002411,0.0886949971318245,0.03941499814391136,0.053962498903274536,0.06691499799489975,0.12433499842882156,0.12881749868392944,0.10684499889612198,0.4816984534263611,0.07565533369779587,322.40118408203125,0.5349794626235962,0.239488422870636,-0.1052459329366684,2.0,1.0,2.0,-172313.5,52194.5,101.0,15.180240631103516,-0.5076071619987488,0.0,1.0,1.0,1.0,0.0,core,,0.030460186,True
19,172.608944,-43.604239,pasture,1,train,main,4-class · CORE model (main 176),1568439.7695149751,5172007.653272916,95,76,0.041669998317956924,0.07400999963283539,0.0686199963092804,0.3318774998188019,0.1703149974346161,0.09386499971151352,0.05929749831557274,0.08003249764442444,0.08539500087499619,0.19649499654769897,0.16621750593185425,0.1425675004720688,0.5590527057647705,0.15904885530471802,316.3619384765625,0.6573262214660645,0.32171428203582764,-0.2197817862033844,2.0,1.0,2.0,-172400.5,52281.5,39.0,7.991959095001221,0.5636960864067078,0.0,1.0,0.8627451062202454,1.0,0.0,edge,,,False
20,172.625097,-43.589162,pasture,1,train,main,4-class · CORE model (main 176),1569735.8452339494,5173688.115403852,138,20,0.0635325014591217,0.09205000102519989,0.10654249787330627,0.30753999948501587,0.20686249434947968,0.11930249631404877,0.09250374883413315,0.11220750212669373,0.10797250270843506,0.2131187468767166,0.19769124686717987,0.1801462471485138,0.4409998953342438,0.08384295552968979,273.5150146484375,0.48540449142456055,0.19571736454963684,-0.08425039798021317,2.0,1.0,2.0,-172456.5,52324.5,115.0,12.00268268585205,0.4048864245414734,0.0,1.0,1.0,1.0,0.0,core,,0.030693224,True
23,172.592943,-43.603093,pasture,1,train,main,4-class · CORE model (main 176),1567147.7818193946,5172128.725140229,52,72,0.06573250144720078,0.09419500082731247,0.1096775010228157,0.2756125032901764,0.20914499461650848,0.12865249812602997,0.05412749946117401,0.08855749666690826,0.08857125043869019,0.22990749776363373,0.1917787492275238,0.1432412564754486,0.363523930311203,0.23225657641887665,47.62541580200195,0.43067559599876404,0.13711494207382202,-0.034116342663764954,0.0,1.0,2.0,-172404.5,52238.5,170.0,7.611325263977051,0.25174084305763245,1.0,1.0,1.0,1.0,0.0,core,,0.04467639,True
25,172.624865,-43.624768,pasture,1,train,main,4-class · CORE model (main 176),1569734.9743432484,5169733.619657551,138,152,0.037792500108480453,0.07203000038862228,0.07565999776124954,0.3448300063610077,0.17482499778270721,0.0923525020480156,0.04191749915480614,0.05121250078082085,0.05420999974012375,0.08998750150203705,0.0993650034070015,0.10569000244140625,0.5775105357170105,-0.08024683594703674,574.1154174804688,0.6401341557502747,0.32714974880218506,-0.20871257781982422,2.0,1.0,2.0,-172324.5,52324.5,470.0,9.598323822021484,0.9803117513656616,0.0,1.0,1.0,1.0,0.0,core,,0.0368734,True
27,172.605637,-43.61533,pasture,1,train,main,4-class · CORE model (main 176),1568178.7252609525,5170774.621666322,86,117,0.05674000084400177,0.08443249762058258,0.0959549993276596,0.2519899904727936,0.22663499414920807,0.14025749266147614,0.0441724993288517,0.07147999852895737,0.07454624772071838,0.171827495098114,0.16432000696659088,0.1276487559080124,0.2848520278930664,0.147520050406456,53.69005584716797,0.4484473168849945,0.05297466740012169,0.021954001858830452,0.0,1.0,2.0,-172359.5,52272.5,270.0,11.211784362792969,0.2961086630821228,0.0,1.0,1.0,1.0,0.0,core,,0.019279223,True
29,172.589707,-43.625806,pasture,1,train,main,4-class · CORE model (main 176),1566899.0753369562,5169604.925130217,43,156,0.046537499874830246,0.08831000328063965,0.10299500077962875,0.3008575141429901,0.2113174945116043,0.12455499917268753,0.01656249910593033,0.044901251792907715,0.0510062500834465,0.1617487519979477,0.15693624317646027,0.10229375213384628,0.41442716121673584,0.22517208755016327,105.61315155029297,0.48993754386901855,0.17482306063175201,-0.049995653331279755,0.0,1.0,2.0,-172320.5,52229.5,247.0,8.020922660827637,0.912827730178833,1.0,1.0,1.0,1.0,0.0,core,,0.021692712,True
30,172.615151,-43.596901,pasture,1,train,main,4-class · CORE model (main 176),1568936.9316590312,5172824.951832911,111,49,0.05486999824643135,0.08038999885320663,0.09034500271081924,0.23315249383449554,0.16723500192165375,0.10585500299930573,0.02162249945104122,0.04395249858498573,0.043127499520778656,0.11292249709367752,0.10634999722242355,0.08748500049114227,0.37550053000450134,0.1269288808107376,164.92971801757812,0.44144853949546814,0.16463425755500793,-0.05579611659049988,1.0,1.0,2.0,-172427.5,52297.5,190.0,1.5013593435287476,0.90593421459198,0.0,1.0,1.0,1.0,0.0,core,,0.04317966,True
33,172.622457,-43.621938,pasture,1,train,main,4-class · CORE model (main 176),1569539.2734563951,5170047.040667849,131,142,0.043209999799728394,0.07513750344514847,0.07667750120162964,0.3498624861240387,0.19506500661373138,0.10585500299930573,0.06100250035524368,0.08910749852657318,0.10335250198841095,0.2642275094985962,0.24173249304294586,0.1522199958562851,0.5354358553886414,0.2689594626426697,182.83447265625,0.6404674649238586,0.28406989574432373,-0.1825018972158432,1.0,1.0,2.0,-172334.5,52317.5,428.0,5.038273334503174,0.8143783807754517,0.0,1.0,1.0,1.0,0.0,core,,0.011792191,True
38,172.646997,-43.603067,pasture,1,train,main,4-class · CORE model (main 176),1571510.2913222169,5172151.5687033925,197,71,0.029625000432133675,0.05693250149488449,0.0646049976348877,0.25449249148368835,0.15442000329494476,0.07934500277042389,0.03823250159621239,0.06345000118017197,0.06534750014543533,0.1123725026845932,0.10360000282526016,0.08567000180482864,0.5246489644050598,0.13483217358589172,306.17486572265625,0.5950767397880554,0.24472840130329132,-0.12937189638614655,2.0,1.0,1.0,-172405.5,52383.5,397.0,29.30704689025879,0.06720202416181564,0.0,1.0,1.0,1.0,0.0,core,,0.057650287,True
39,172.583383,-43.622524,pasture,1,train,main,4-class · CORE model (main 176),1566387.0493014615,5169966.885863901,26,144,0.05869249999523163,0.09980499744415283,0.1271674931049347,0.28147000074386597,0.231502503156662,0.13643500208854675,0.05627249926328659,0.058582499623298645,0.06342250108718872,0.09471750259399414,0.1344275027513504,0.14721499383449554,0.34705257415771484,-0.2169923484325409,480.4029541015625,0.37760239839553833,0.0974077582359314,0.026483455672860146,2.0,1.0,2.0,-172332.5,52212.5,153.0,12.383118629455566,0.948540985584259,0.0,1.0,1.0,1.0,0.0,core,,0.022515858,True
40,172.622396,-43.622207,pasture,1,train,main,4-class · CORE model (main 176),1569534.4877196243,5170017.143005991,131,143,0.04442000016570091,0.07645750045776367,0.07956500351428986,0.34485751390457153,0.2026824951171875,0.10854999721050262,0.06047999858856201,0.08759500086307526,0.10280250012874603,0.2506974935531616,0.24057750403881073,0.15532749891281128,0.5211812853813171,0.2348870187997818,202.65232849121094,0.6250669956207275,0.25966140627861023,-0.15938349068164825,1.0,1.0,2.0,-172333.5,52317.5,430.0,5.333040714263916,0.8498772978782654,0.0,1.0,1.0,1.0,0.0,core,,0.020231664,True
41,172.616798,-43.619125,pasture,1,train,main,4-class · CORE model (main 176),1569081.2551477626,5170357.3627267005,116,131,0.04598750174045563,0.079647496342659,0.08806250244379044,0.29032498598098755,0.20438750088214874,0.1144075021147728,0.057179998606443405,0.0809675008058548,0.09444250166416168,0.20581750571727753,0.20251749455928802,0.1390475034713745,0.43465128540992737,0.1936119943857193,157.39735412597656,0.5345380306243896,0.17371200025081635,-0.0697600468993187,1.0,1.0,2.0,-172345.5,52302.5,354.0,7.512417793273926,0.6420567631721497,0.0,1.0,1.0,1.0,0.0,core,,0.026516423,True
46,172.580284,-43.620809,pasture,1,train,main,4-class · CORE model (main 176),1566136.0569917124,5170156.095763769,18,138,0.05401749908924103,0.0919400006532669,0.12048500031232834,0.260019987821579,0.20089499652385712,0.11927500367164612,0.03977249935269356,0.04563000053167343,0.04766499996185303,0.07332249730825424,0.09567999839782715,0.11006250232458115,0.371069997549057,-0.2003435343503952,487.7716064453125,0.36671003699302673,0.12827745079994202,0.01155539508908987,2.0,1.0,2.0,-172338.5,52204.5,119.0,13.765555381774902,0.9290124773979187,0.0,1.0,1.0,1.0,0.0,core,,0.026647741,True
49,172.622364,-43.585905,pasture,1,train,main,4-class · CORE model (main 176),1569513.5790690195,5174048.838434082,131,8,0.06394500285387039,0.08921749889850616,0.1050025001168251,0.26664748787879944,0.20309500396251678,0.12056750059127808,0.046111248433589935,0.08135250210762024,0.0821087509393692,0.21199125051498413,0.17808374762535095,0.14280125498771667,0.3772581219673157,0.19501540064811707,98.60077667236328,0.43493878841400146,0.1352922022342682,-0.03522052988409996,0.0,1.0,2.0,-172468.5,52317.5,88.0,18.47978401184082,0.7419378161430359,1.0,1.0,1.0,1.0,0.0,core,,0.0694689,True
50,172.592073,-43.603067,pasture,1,train,main,4-class · CORE model (main 176),1567077.5527711005,5172131.268302181,49,72,0.05371500179171562,0.08553250133991241,0.10252749919891357,0.26216500997543335,0.20163750648498535,0.12054000049829483,0.04769250005483627,0.0731162503361702,0.0687437504529953,0.19451500475406647,0.18473875522613525,0.1425675004720688,0.37006309628486633,0.1541091501712799,132.31201171875,0.4377318024635315,0.13050274550914764,-0.018893789499998093,1.0,1.0,2.0,-172404.5,52235.5,158.0,8.577817916870117,0.4921901524066925,0.0,1.0,1.0,1.0,0.0,core,,0.02813811,True
256,172.596248,-43.603995,pasture,1,train,main,4-class · CORE model (main 176),1567415.0044717486,5172029.850471793,61,76,0.05940749868750572,0.09284750372171402,0.11077749729156494,0.27522748708724976,0.21549749374389648,0.12936750054359436,0.06277625262737274,0.0946900025010109,0.09658750146627426,0.214796245098114,0.18209874629974365,0.1425125002861023,0.36050865054130554,0.2023005336523056,74.5661849975586,0.4260307550430298,0.12171786278486252,-0.012649226002395153,0.0,1.0,2.0,-172400.5,52247.5,211.0,8.606328964233398,-0.9857751131057739,1.0,1.0,1.0,1.0,0.0,core,,0.037540838,True
257,172.57922,-43.617335,pasture,1,train,main,4-class · CORE model (main 176),1566048.255460811,5170541.485592251,15,125,0.0368025004863739,0.06696999818086624,0.07112249732017517,0.22253750264644623,0.15169750154018402,0.09177500009536743,0.053164999932050705,0.06767124682664871,0.06668125092983246,0.1667812466621399,0.15992000699043274,0.14284250140190125,0.4160270392894745,0.07731561362743378,255.06948852539062,0.515613317489624,0.1892928183078766,-0.07574249058961868,1.0,1.0,2.0,-172351.5,52201.5,27.0,16.220197677612305,0.8996965289115906,0.0,1.0,1.0,1.0,0.0,core,,0.050089814,True
258,172.607652,-43.602611,pasture,1,train,main,4-class · CORE model (main 176),1568334.6444911174,5172187.967624657,91,70,0.03265000134706497,0.0558600015938282,0.04992000013589859,0.2797924876213074,0.11371999979019165,0.06576000154018402,0.046482499688863754,0.06064499914646149,0.06289999932050705,0.16704249382019043,0.14031249284744263,0.11017250269651413,0.6193921566009521,0.2051476240158081,330.6025695800781,0.6971907615661621,0.42202597856521606,-0.31255611777305603,2.0,1.0,2.0,-172406.5,52277.5,54.0,25.788707733154297,0.38715046644210815,0.0,1.0,0.9529411792755127,1.0,0.0,edge,,,False
259,172.619069,-43.619396,pasture,1,train,main,4-class · CORE model (main 176),1569264.6295057354,5170328.1082723765,122,132,0.04021250084042549,0.06188249960541725,0.08003249764442444,0.18686999380588531,0.17155249416828156,0.09444250166416168,0.04370500147342682,0.05333000048995018,0.05613499879837036,0.08622000366449356,0.11190500110387802,0.12917500734329224,0.328558087348938,-0.19942431151866913,444.3404846191406,0.40028661489486694,0.04273587837815285,0.05118897929787636,2.0,1.0,2.0,-172344.5,52308.5,364.0,14.599008560180664,0.9007822275161743,0.0,1.0,1.0,1.0,0.0,core,,0.012960887,True
260,172.595368,-43.602102,pasture,1,train,main,4-class · CORE model (main 176),1567342.9596260777,5172239.741875362,58,69,0.0655675008893013,0.09562499821186066,0.1190825030207634,0.2536124885082245,0.2371399998664856,0.14625249803066254,0.052642498165369034,0.0707237496972084,0.06646125018596649,0.1518625020980835,0.1446162462234497,0.1229187473654747,0.26849061250686646,0.10533379018306732,79.514892578125,0.36096540093421936,0.03356580063700676,0.05484507232904434,0.0,1.0,2.0,-172407.5,52244.5,186.0,17.42693519592285,0.8192958831787109,1.0,1.0,1.0,1.0,0.0,core,,0.029191643,True
261,172.583268,-43.621716,pasture,1,train,main,4-class · CORE model (main 176),1566377.3207162577,5170056.576253349,26,141,0.041120000183582306,0.07472500205039978,0.08344250172376633,0.2435474991798401,0.1651725023984909,0.10065750032663345,0.02254375070333481,0.05730374902486801,0.060081250965595245,0.12667250633239746,0.153952494263649,0.1479025036096573,0.41513052582740784,-0.07731949537992477,408.8080749511719,0.4896326959133148,0.1917571872472763,-0.06760488450527191,2.0,1.0,2.0,-172335.5,52212.5,138.0,10.354975700378418,0.8565504550933838,0.0,1.0,1.0,1.0,0.0,core,,0.034831904,True
2,172.625292,-43.587933,pasture,1,valid,main,4-class · CORE model (main 176),1569750.9712116711,5173824.679009832,139,16,0.06345000118017197,0.0916924998164177,0.10832999646663666,0.28097501397132874,0.20983250439167023,0.118367500603199,0.05654750019311905,0.06438499689102173,0.06329874694347382,0.12212125211954117,0.15142250061035156,0.15188999474048615,0.4071880578994751,-0.10864061117172241,432.1867370605469,0.443469762802124,0.14494989812374115,-0.0396362729370594,2.0,1.0,2.0,-172460.5,52325.5,76.0,27.693788528442383,0.6189127564430237,0.0,1.0,1.0,1.0,0.0,core,,0.03473888,True
9,172.602462,-43.608053,pasture,1,valid,main,4-class · CORE model (main 176),1567918.665388877,5171581.586573777,77,90,0.05547500029206276,0.08974000066518784,0.09125249832868576,0.2881524860858917,0.2020774930715561,0.12285000085830688,0.017937500029802322,0.0428524985909462,0.027562500908970833,0.17413750290870667,0.10417749732732773,0.06265249848365784,0.40219342708587646,0.47081801295280457,-152.26654052734375,0.5189704895019531,0.17558084428310394,-0.07896523922681808,0.0,1.0,2.0,-172386.5,52263.5,203.0,14.61971664428711,0.010554581880569458,0.0,1.0,1.0,1.0,0.0,core,,0.030004915,True
10,172.578001,-43.634412,pasture,1,valid,main,4-class · CORE model (main 176),1565959.5350729215,5168644.403880758,12,188,0.042054999619722366,0.08179250359535217,0.09306749701499939,0.291067510843277,0.2170100063085556,0.12296000123023987,0.06628250330686569,0.08402000367641449,0.0963675007224083,0.1645675003528595,0.2403849959373474,0.23496749997138977,0.4060297906398773,-0.1762048453092575,498.5926818847656,0.5154438018798828,0.14576023817062378,-0.035828668624162674,2.0,1.0,2.0,-172288.5,52198.5,117.0,14.275827407836914,0.03991607576608658,0.0,1.0,1.0,1.0,0.0,core,,0.054421727,True
13,172.591468,-43.625438,pasture,1,valid,main,4-class · CORE model (main 176),1567040.945373401,5169646.495876165,48,155,0.048544999212026596,0.08572500199079514,0.1006850004196167,0.2916175127029419,0.22278499603271484,0.13129250705242157,0.05095124989748001,0.08139374852180481,0.09200874716043472,0.17987124621868134,0.19727875292301178,0.15777499973773956,0.379099577665329,0.06544201076030731,230.015625,0.48669713735580444,0.13381057977676392,-0.025153229013085365,1.0,1.0,2.0,-172321.5,52234.5,239.0,13.17684555053711,0.9576617479324341,0.0,1.0,1.0,1.0,0.0,core,,0.015621597,True
26,172.625925,-43.587991,pasture,1,valid,main,4-class · CORE model (main 176),1569802.1003955966,5173818.467758158,140,16,0.04958999902009964,0.07552249729633331,0.07434000074863434,0.26837998628616333,0.16682249307632446,0.0963675007224083,0.047651249915361404,0.05415499955415726,0.0540587492287159,0.10096000134944916,0.12847374379634857,0.12770375609397888,0.47159335017204285,-0.1169566661119461,504.9080810546875,0.5661764740943909,0.23335687816143036,-0.1373690515756607,2.0,1.0,2.0,-172460.5,52326.5,61.0,27.816116333007812,0.6561577916145325,0.0,1.0,1.0,1.0,0.0,core,,0.054864798,True
31,172.596671,-43.602393,pasture,1,valid,main,4-class · CORE model (main 176),1567448.279141054,5172207.934731063,62,70,0.06295499950647354,0.09545999765396118,0.11512249708175659,0.290957510471344,0.22256499528884888,0.13079750537872314,0.04967249929904938,0.06943125277757645,0.06254249811172485,0.1835012435913086,0.146417498588562,0.12018249928951263,0.37974652647972107,0.20850226283073425,87.60233306884766,0.43300580978393555,0.1331830620765686,-0.023460092023015022,0.0,1.0,2.0,-172406.5,52248.5,201.0,9.989727020263672,0.9878910183906555,1.0,1.0,1.0,1.0,0.0,core,,0.020864982,True
32,172.596206,-43.602525,pasture,1,valid,main,4-class · CORE model (main 176),1567410.821323017,5172193.092485513,61,70,0.06350500136613846,0.09678000211715698,0.11748749762773514,0.28991249203681946,0.2381024956703186,0.13934999704360962,0.05221625044941902,0.06849624961614609,0.06382124871015549,0.16603875160217285,0.15099625289440155,0.12631499767303467,0.35074692964553833,0.1358756273984909,131.22935485839844,0.42323270440101624,0.09812220931053162,0.0030641425400972366,1.0,1.0,2.0,-172406.5,52247.5,202.0,10.163286209106445,0.9867380857467651,0.0,1.0,1.0,1.0,0.0,core,,0.030586554,True
34,172.610423,-43.615804,pasture,1,valid,main,4-class · CORE model (main 176),1568565.1563249887,5170723.801505639,99,119,0.0682075023651123,0.10926499962806702,0.11355499923229218,0.39683249592781067,0.3023425042629242,0.1739725023508072,0.06548500061035156,0.10423249751329422,0.11223500221967697,0.33382999897003174,0.282432496547699,0.1729550063610077,0.3904310464859009,0.31744229793548584,-10.653188705444336,0.5550243854522705,0.13514499366283417,-0.05578432232141495,0.0,1.0,2.0,-172357.5,52285.5,309.0,2.638781785964966,0.5347110033035278,0.0,1.0,1.0,1.0,0.0,core,,0.019058768,True
44,172.600578,-43.606738,pasture,1,valid,main,4-class · CORE model (main 176),1567765.924165905,5171726.901510816,72,86,0.04939749836921692,0.08206749707460403,0.09144499897956848,0.2606799900531769,0.21552500128746033,0.12890000641345978,0.07968875020742416,0.10926499962806702,0.11792749911546707,0.24983124434947968,0.2209562510251999,0.1731337457895279,0.3382617235183716,0.18133297562599182,73.28681182861328,0.48061057925224304,0.09482260793447495,-0.005036078859120607,0.0,1.0,2.0,-172390.5,52258.5,191.0,12.282355308532715,-0.9946943521499634,0.0,1.0,1.0,1.0,0.0,core,,0.052077215,True
45,172.608178,-43.603981,pasture,1,valid,main,4-class · CORE model (main 176),1568377.8141836494,5172036.015518159,93,75,0.04188999906182289,0.07216750085353851,0.07194750010967255,0.30434998869895935,0.16572250425815582,0.0929574966430664,0.04337500035762787,0.07528875023126602,0.08225999772548676,0.2053775042295456,0.20085375010967255,0.18425750732421875,0.5320627093315125,0.05420457571744919,394.2161865234375,0.617603063583374,0.2949066460132599,-0.18593618273735046,2.0,1.0,2.0,-172401.5,52279.5,53.0,22.71769905090332,0.41937509179115295,0.0,1.0,1.0,1.0,0.0,core,,0.02955626,True
47,172.611221,-43.594485,pasture,1,valid,main,4-class · CORE model (main 176),1568618.4661533546,5173091.7961,101,40,0.06075499951839447,0.09012500196695328,0.10547000169754028,0.27847251296043396,0.2060375064611435,0.12257499992847443,0.044667501002550125,0.05547500029206276,0.05715249851346016,0.13852499425411224,0.1642100065946579,0.12483000010251999,0.38872578740119934,0.05200204998254776,253.081787109375,0.45059481263160706,0.14950156211853027,-0.04259798675775528,1.0,1.0,2.0,-172436.5,52287.5,163.0,2.9968087673187256,-0.7964624166488647,0.0,1.0,1.0,1.0,0.0,core,,0.023203867,True
48,172.589552,-43.626716,pasture,1,valid,main,4-class · CORE model (main 176),1566887.070030199,5169503.7981462665,43,160,0.030009999871253967,0.061057500541210175,0.06127750128507614,0.25875499844551086,0.12326250225305557,0.07431250065565109,0.016356250271201134,0.02540374919772148,0.02380874939262867,0.06076874956488609,0.06631000339984894,0.05812875181436539,0.5537691116333008,0.022203998640179634,447.9231872558594,0.6170545220375061,0.35467615723609924,-0.2202068418264389,2.0,1.0,2.0,-172316.5,52229.5,239.0,15.710880279541016,-0.9006030559539795,0.0,1.0,1.0,1.0,0.0,core,,0.057976,True
262,172.596896,-43.598796,pasture,1,valid,main,4-class · CORE model (main 176),1567464.5000975046,5172607.5062039625,62,56,0.06598000228404999,0.10140000283718109,0.11935749650001526,0.31562501192092896,0.24275000393390656,0.14248499274253845,0.06446749716997147,0.08146250247955322,0.05907750129699707,0.2719550132751465,0.19883249700069427,0.13649000227451324,0.3779441714286804,0.33166033029556274,-37.358097076416016,0.45120781660079956,0.13051265478134155,-0.026216447353363037,0.0,1.0,2.0,-172420.5,52248.5,166.0,6.092928409576416,0.1778433620929718,1.0,1.0,1.0,1.0,0.0,core,,0.01664842,True
263,172.62603,-43.625788,pasture,1,valid,main,4-class · CORE model (main 176),1569829.474062157,5169620.761760273,141,156,0.03460250049829483,0.06543000042438507,0.06894999742507935,0.3236275017261505,0.16701500117778778,0.0860000029206276,0.038920000195503235,0.045740000903606415,0.04799500107765198,0.07865750044584274,0.09100499749183655,0.09405750036239624,0.5801063179969788,-0.08916422724723816,585.6286010742188,0.6487317681312561,0.3191988170146942,-0.20576578378677368,2.0,1.0,2.0,-172320.5,52327.5,490.0,6.589126110076904,0.9679202437400818,0.0,1.0,1.0,1.0,0.0,core,,0.045975875,True
264,172.622315,-43.62309,pasture,1,valid,main,4-class · CORE model (main 176),1569528.3985330488,5169919.046818368,131,146,0.04535499960184097,0.07139749825000763,0.07777749747037888,0.24098999798297882,0.17383499443531036,0.1013450026512146,0.0438150018453598,0.05649250000715256,0.0615524984896183,0.10797250270843506,0.11946749687194824,0.11149249970912933,0.40791913866996765,-0.016039004549384117,340.31622314453125,0.5120111107826233,0.1618875414133072,-0.06456364691257477,2.0,1.0,2.0,-172330.5,52317.5,443.0,8.505044937133789,0.91825270652771,0.0,1.0,1.0,1.0,0.0,core,,0.030956179,True
10067,172.620093,-43.633482,broadleaf_scrub,4,train,expansion,4-class · extra-sample test (expansion 88),1569354.4078426575,5168764.086679345,125,184,0.028415000066161156,0.05913250148296356,0.04134000092744827,0.511507511138916,0.18475249409675598,0.07851999998092651,0.003953749779611826,0.023588750511407852,0.02600874938070774,0.06302375346422195,0.11234500259160995,0.11759749799966812,0.7338429093360901,-0.3021446764469147,952.3456420898438,0.8504469990730286,0.4693002700805664,-0.409691721200943,3.0,1.0,2.0,-172292.5,52311.5,376.0,30.40644073486328,0.9257539510726929,0.0,1.0,1.0,1.0,0.0,core,43.5,0.017704178,True
10068,172.643735,-43.603546,broadleaf_scrub,4,train,expansion,4-class · extra-sample test (expansion 88),1571247.2540143207,5172097.2470783405,188,73,0.042385000735521317,0.0806099995970726,0.09578999876976013,0.3417224884033203,0.2066424936056137,0.11218000203371048,0.03259500116109848,0.051487501710653305,0.05553000047802925,0.10148250311613083,0.09873250126838684,0.09438750147819519,0.5057088136672974,0.03622300550341606,385.8438720703125,0.5621153712272644,0.24633227288722992,-0.11896611750125885,2.0,1.0,1.0,-172403.5,52374.5,297.0,18.971200942993164,0.6827983856201172,0.0,1.0,1.0,1.0,0.0,core,145.3,0.0557997,True
10070,172.628524,-43.624863,broadleaf_scrub,4,train,expansion,4-class · extra-sample test (expansion 88),1570030.2214181046,5169724.395900594,148,152,0.022915000095963478,0.061195001006126404,0.035702500492334366,0.49726250767707825,0.14014750719070435,0.059242501854896545,0.03674750030040741,0.05434750020503998,0.06716249883174896,0.1597824990749359,0.14435499906539917,0.09955749660730362,0.7870908379554749,0.23222410678863525,471.2248229980469,0.8660231232643127,0.5602594614028931,-0.49470385909080505,2.0,1.0,2.0,-172324.5,52334.5,410.0,25.38953971862793,-0.4193194508552551,0.0,1.0,1.0,1.0,0.0,core,225.9,0.007506564,True
10072,172.618556,-43.624832,broadleaf_scrub,4,train,expansion,4-class · extra-sample test (expansion 88),1569226.0110667974,5169724.1931626685,121,152,0.020797500386834145,0.048682499676942825,0.03468500077724457,0.34870749711990356,0.10863249748945236,0.050689999014139175,0.022859999909996986,0.04329250007867813,0.03674750030040741,0.26857250928878784,0.10258249938488007,0.061717499047517776,0.7461676597595215,0.6262829899787903,36.24276351928711,0.8190627098083496,0.5249376893043518,-0.44106391072273254,0.0,1.0,2.0,-172324.5,52307.5,395.0,21.200557708740234,-0.9520415663719177,0.0,1.0,1.0,1.0,0.0,core,147.4,0.09555057,True
10074,172.622096,-43.617728,broadleaf_scrub,4,train,expansion,4-class · extra-sample test (expansion 88),1569508.0198993483,5170514.472903999,130,126,0.030339999124407768,0.07136999815702438,0.046207498759031296,0.5722824931144714,0.16635499894618988,0.07307499647140503,0.04964499920606613,0.07236000150442123,0.08682499825954437,0.20799000561237335,0.17375250160694122,0.11954999715089798,0.7735363841056824,0.27001282572746277,419.8816223144531,0.8505796194076538,0.5495625138282776,-0.4784926176071167,2.0,1.0,2.0,-172350.5,52316.5,314.0,24.359140396118164,0.7638822793960571,0.0,1.0,1.0,1.0,0.0,core,100.5,0.011631155,True
10075,172.608724,-43.621509,broadleaf_scrub,4,train,expansion,4-class · extra-sample test (expansion 88),1568431.049425452,5170089.557007804,95,140,0.028332499787211418,0.05401749908924103,0.04532749950885773,0.3300899863243103,0.13863499462604523,0.0709574967622757,0.020797500386834145,0.026531249284744263,0.023891249671578407,0.04729374870657921,0.08235625177621841,0.09243500232696533,0.6461391448974609,-0.3230634331703186,885.5606689453125,0.7585221529006958,0.4084591269493103,-0.32165342569351196,3.0,1.0,2.0,-172336.5,52281.5,204.0,16.427576065063477,0.09751462191343307,0.0,1.0,1.0,1.0,0.0,core,105.6,0.026978645,True
10076,172.614406,-43.630985,broadleaf_scrub,4,train,expansion,4-class · extra-sample test (expansion 88),1568894.3719168478,5169039.29065804,110,175,0.022722499445080757,0.05355000123381615,0.03542749956250191,0.4556275010108948,0.13445499539375305,0.057840000838041306,0.049892500042915344,0.05935249850153923,0.06498999893665314,0.08987750113010406,0.13764500617980957,0.1639624983072281,0.7747082114219666,-0.2918570637702942,982.9234008789062,0.8557085990905762,0.5442840456962585,-0.4758593440055847,3.0,1.0,2.0,-172301.5,52296.5,288.0,18.43546485900879,0.98326575756073,0.0,1.0,1.0,1.0,0.0,core,98.1,0.021858789,True
10077,172.619693,-43.625079,broadleaf_scrub,4,train,expansion,4-class · extra-sample test (expansion 88),1569317.86719966,5169697.181908816,124,153,0.020330000668764114,0.047885000705718994,0.030367499217391014,0.3510724902153015,0.10940250009298325,0.05030500143766403,0.019532499834895134,0.043072499334812164,0.03058749996125698,0.32569000124931335,0.10227999836206436,0.04810500144958496,0.7493382096290588,0.7426129579544067,-76.9166488647461,0.840774416923523,0.5248275995254517,-0.45313960313796997,0.0,1.0,2.0,-172323.5,52310.5,371.0,21.633127212524414,-0.9983992576599121,0.0,1.0,1.0,1.0,0.0,core,176.0,0.007728295,True
10078,172.627652,-43.613499,broadleaf_scrub,4,train,expansion,4-class · extra-sample test (expansion 88),1569954.2122393984,5170986.172181034,145,110,0.02175999991595745,0.050689999014139175,0.0384799987077713,0.2995924949645996,0.09933750331401825,0.05200999975204468,0.03479500114917755,0.04857249930500984,0.04917750135064125,0.08729249984025955,0.0830025002360344,0.08561500161886215,0.7041545510292053,0.009701719507575035,610.8109130859375,0.7723565101623535,0.5019803047180176,-0.39971035718917847,2.0,1.0,2.0,-172366.5,52331.5,387.0,20.192710876464844,0.08560441434383392,0.0,1.0,1.0,1.0,0.0,core,499.2,0.03776434,True
10079,172.639579,-43.596794,broadleaf_scrub,4,train,expansion,4-class · extra-sample test (expansion 88),1570908.5863094772,5172845.678148508,177,48,0.02423500083386898,0.04524499922990799,0.046537499874830246,0.25515249371528625,0.15035000443458557,0.07445000112056732,0.02363000065088272,0.03937375172972679,0.041298750787973404,0.10486499965190887,0.09523999691009521,0.07534375041723251,0.5482437014579773,0.16381695866584778,300.7848205566406,0.6914879679679871,0.2584509253501892,-0.1732192486524582,2.0,1.0,1.0,-172428.5,52363.5,253.0,19.636743545532227,0.2764480412006378,0.0,1.0,1.0,1.0,0.0,core,173.8,0.07894223,True
10081,172.610835,-43.627616,broadleaf_scrub,4,train,expansion,4-class · extra-sample test (expansion 88),1568604.5477846465,5169412.110201924,100,163,0.035234998911619186,0.07021500170230865,0.0652649998664856,0.37992000579833984,0.17875750362873077,0.09224250167608261,0.028085000813007355,0.03489125147461891,0.03489125147461891,0.06237750127911568,0.10475499927997589,0.11680000275373459,0.6092764735221863,-0.3037351369857788,829.36962890625,0.7067960500717163,0.3600690960884094,-0.2596152126789093,3.0,1.0,2.0,-172313.5,52286.5,185.0,15.842390060424805,0.9675374031066895,0.0,1.0,1.0,1.0,0.0,core,61.0,0.051380776,True
10082,172.620563,-43.626045,broadleaf_scrub,4,train,expansion,4-class · extra-sample test (expansion 88),1569388.546681225,5169590.218427639,126,157,0.022447500377893448,0.04582250118255615,0.03652749955654144,0.30374500155448914,0.10695499926805496,0.05066249892115593,0.017194999381899834,0.04613874852657318,0.03589500114321709,0.21427375078201294,0.0939750000834465,0.06347750127315521,0.7141003012657166,0.54291832447052,87.54000854492188,0.7853044271469116,0.47915753722190857,-0.3890136778354645,0.0,1.0,2.0,-172319.5,52312.5,364.0,24.658889770507812,0.2548263370990753,0.0,1.0,1.0,1.0,0.0,core,251.2,0.02054349,True
10083,172.620684,-43.625177,broadleaf_scrub,4,train,expansion,4-class · extra-sample test (expansion 88),1569397.8681526321,5169686.663636918,127,154,0.018542500212788582,0.04692250117659569,0.028552500531077385,0.3478825092315674,0.09911750257015228,0.04604249820113182,0.017580000683665276,0.04062499850988388,0.026875000447034836,0.3199149966239929,0.09378249943256378,0.04411749914288521,0.766237199306488,0.7576177716255188,-75.02250671386719,0.8483005166053772,0.5565212368965149,-0.483216792345047,0.0,1.0,2.0,-172322.5,52313.5,377.0,21.129179000854492,-0.21180255711078644,0.0,1.0,1.0,1.0,0.0,core,154.4,0.004011743,True
10084,172.622348,-43.628135,broadleaf_scrub,4,train,expansion,4-class · extra-sample test (expansion 88),1569533.6090352072,5169358.758134883,131,165,0.015104999765753746,0.03515249863266945,0.02115499973297119,0.28619998693466187,0.08231499791145325,0.03595000132918358,0.016397500410676003,0.037105001509189606,0.025335000827908516,0.2512750029563904,0.07907000184059143,0.03908500075340271,0.7768120169639587,0.7307824492454529,-37.612369537353516,0.862341582775116,0.5532610416412354,-0.4887530207633972,0.0,1.0,2.0,-172311.5,52317.5,353.0,22.10431671142578,-0.8206466436386108,0.0,1.0,1.0,1.0,0.0,core,106.8,0.013857496,True
10069,172.624572,-43.620701,broadleaf_scrub,4,valid,expansion,4-class · extra-sample test (expansion 88),1569709.2938616367,5170185.196112589,137,137,0.023822499439120293,0.058444999158382416,0.039717499166727066,0.48934251070022583,0.14050500094890594,0.06207500025629997,0.044144999235868454,0.065870001912117,0.07587999850511551,0.21513999998569489,0.159232497215271,0.10943000018596649,0.774852991104126,0.32569244503974915,365.5185852050781,0.8498563766479492,0.5538443922996521,-0.48016801476478577,2.0,1.0,2.0,-172339.5,52323.5,361.0,17.950634002685547,0.574085533618927,0.0,1.0,1.0,1.0,0.0,core,167.9,0.024944931,True
10071,172.601832,-43.622175,broadleaf_scrub,4,valid,expansion,4-class · extra-sample test (expansion 88),1567875.3429040324,5170012.94779091,76,143,0.032099999487400055,0.06449499726295471,0.058444999158382416,0.26678499579429626,0.13154000043869019,0.07846499979496002,-0.026282500475645065,-0.005506250075995922,-0.011061250232160091,0.047788750380277634,0.08334624767303467,0.07598999887704849,0.5454598069190979,-0.22783595323562622,689.65380859375,0.6405928134918213,0.33953431248664856,-0.22275860607624054,3.0,1.0,2.0,-172333.5,52262.5,72.0,10.37268352508545,-0.2007623165845871,0.0,1.0,1.0,1.0,1.0,core,25.8,0.051520772,True
10073,172.61376,-43.624862,broadleaf_scrub,4,valid,expansion,4-class · extra-sample test (expansion 88),1568839.0964721972,5169719.072897751,108,153,0.019065000116825104,0.04763749986886978,0.03218249976634979,0.3663350045681,0.10313250124454498,0.050085000693798065,0.018789999186992645,0.04444750025868416,0.03413499891757965,0.23459625244140625,0.09730249643325806,0.06823500245809555,0.7594496011734009,0.5493530035018921,126.45467376708984,0.8384888768196106,0.5606405138969421,-0.4802723228931427,1.0,1.0,2.0,-172323.5,52294.5,318.0,14.546601295471191,-0.6290070414543152,0.0,1.0,1.0,1.0,0.0,core,110.5,0.02000688,True
10080,172.630682,-43.630487,broadleaf_scrub,4,valid,expansion,4-class · extra-sample test (expansion 88),1570207.1016368452,5169100.5673568025,154,173,0.013867500238120556,0.03762749955058098,0.02203500084578991,0.31059250235557556,0.08990500122308731,0.03726999834179878,0.024675000458955765,0.03198999911546707,0.03589500114321709,0.08412999659776688,0.07244250178337097,0.048682499676942825,0.7857199311256409,0.2668988108634949,435.1791687011719,0.8675094246864319,0.5510333776473999,-0.4869844317436218,2.0,1.0,2.0,-172303.5,52340.5,281.0,29.084686279296875,-0.9517763257026672,0.0,1.0,1.0,1.0,0.0,core,62.6,0.009024402,True
10085,172.612997,-43.628613,broadleaf_scrub,4,valid,expansion,4-class · extra-sample test (expansion 88),1568779.4808992676,5169302.197848756,106,166,0.029789999127388,0.06097500026226044,0.057509999722242355,0.33754250407218933,0.15169750154018402,0.07656750082969666,0.037201251834630966,0.05042875185608864,0.052326250821352005,0.08499625325202942,0.14737999439239502,0.16760624945163727,0.6302069425582886,-0.3270355463027954,873.6005859375,0.7088488340377808,0.3798646926879883,-0.27426543831825256,3.0,1.0,2.0,-172310.5,52292.5,206.0,16.1214599609375,0.9773299694061279,0.0,1.0,1.0,1.0,0.0,core,94.7,0.044973873,True
10086,172.600856,-43.620415,broadleaf_scrub,4,valid,expansion,4-class · extra-sample test (expansion 88),1567795.6585936472,5170208.036347279,73,136,0.02805750072002411,0.05696000158786774,0.0541824996471405,0.23183250427246094,0.11479250341653824,0.06669499725103378,-0.0062350002117455006,0.029680000618100166,0.03043624944984913,0.09088125079870224,0.1232212483882904,0.11509499698877335,0.5531734824180603,-0.11755602806806564,587.0875854492188,0.6211212873458862,0.3376559615135193,-0.21198979020118713,2.0,1.0,2.0,-172340.5,52259.5,92.0,23.332897186279297,-0.5127747654914856,0.0,1.0,1.0,1.0,1.0,core,52.9,0.058809813,True
10087,172.623575,-43.632338,broadleaf_scrub,4,valid,expansion,4-class · extra-sample test (expansion 88),1569634.7111880307,5168892.41945064,135,180,0.015627499669790268,0.047940000891685486,0.02657249942421913,0.284467488527298,0.09743999689817429,0.040322501212358475,0.020137500017881393,0.04870999976992607,0.029680000618100166,0.2886199951171875,0.09771499782800674,0.042797498404979706,0.7517011165618896,0.7417305707931519,-73.67143249511719,0.8291377425193787,0.48971936106681824,-0.4151836633682251,0.0,1.0,2.0,-172296.5,52321.5,417.0,24.639873504638672,0.6099514961242676,0.0,1.0,1.0,1.0,0.0,core,106.4,0.009578282,True
10088,172.614219,-43.606577,broadleaf_scrub,4,valid,expansion,4-class · extra-sample test (expansion 88),1568866.695287197,5171749.984915241,109,85,0.029294999316334724,0.057840000838041306,0.05245000123977661,0.24165000021457672,0.10772500187158585,0.06215750053524971,,,,,,,0.5908099412918091,,,0.6433185935020447,0.3833273649215698,-0.2569354176521301,,0.0,2.0,-172391.5,52295.5,109.0,32.87408447265625,-0.5153866410255432,,1.0,1.0,1.0,,core,322.9,0.032932144,True
10045,172.581244,-43.628622,exotic_pine,3,train,expansion,4-class · extra-sample test (expansion 88),1566217.888260279,5169288.770113047,21,167,0.01735999993979931,0.03325499966740608,0.028415000066161156,0.19446000456809998,0.07117749750614166,0.0418349988758564,0.017194999381899834,0.03067000024020672,0.028139999136328697,0.17617249488830566,0.06732749938964844,0.04142250120639801,0.6459087133407593,0.6192697286605835,-57.002967834472656,0.7450140118598938,0.46410050988197327,-0.3603821396827698,0.0,1.0,2.0,-172309.5,52207.5,131.0,19.171003341674805,-0.9394789934158325,1.0,1.0,1.0,1.0,0.0,core,261.8,0.015174733,True
10046,172.6395,-43.607725,exotic_pine,3,train,expansion,4-class · extra-sample test (expansion 88),1570907.477671382,5171631.652002629,177,89,0.022804999724030495,0.042934998869895935,0.034905001521110535,0.24789249897003174,0.09752249717712402,0.05696000158786774,0.029817499220371246,0.054567500948905945,0.05275249853730202,0.1930299997329712,0.09705500304698944,0.0638900026679039,0.6263110637664795,0.5026467442512512,40.02240753173828,0.7531449198722839,0.43533140420913696,-0.3429953455924988,0.0,1.0,2.0,-172387.5,52363.5,275.0,24.202289581298828,0.9912326335906982,1.0,1.0,1.0,1.0,0.0,core,299.9,0.011249652,True
10047,172.619995,-43.591063,exotic_pine,3,train,expansion,4-class · extra-sample test (expansion 88),1569324.9499597054,5173475.119712232,124,27,0.032622501254081726,0.05500749871134758,0.05165249854326248,0.1672074943780899,0.1083574965596199,0.06636500358581543,,,,,,,0.43173959851264954,,,0.5279859304428101,0.21356122195720673,-0.11066029220819473,,0.0,2.0,-172449.5,52310.5,102.0,22.222389221191406,-0.615027129650116,,1.0,1.0,1.0,,core,244.3,0.01936683,True
10051,172.63986,-43.60476,exotic_pine,3,train,expansion,4-class · extra-sample test (expansion 88),1570935.1022942232,5171961.07158622,178,78,0.009027499705553055,0.015930000692605972,0.00982499960809946,0.16297249495983124,0.05030500143766403,0.02096249908208847,0.021925000473856926,0.03919500112533569,0.034630000591278076,0.16099250316619873,0.06966499984264374,0.047747500240802765,0.7720662355422974,0.5425170063972473,145.9072723388672,0.8862830996513367,0.5282671451568604,-0.4819282293319702,1.0,1.0,1.0,-172398.5,52364.5,195.0,13.270283699035645,0.6008661389350891,0.0,1.0,1.0,1.0,0.0,core,37.1,0.005072253,True
10055,172.626328,-43.607149,exotic_pine,3,train,expansion,4-class · extra-sample test (expansion 88),1569844.2024725545,5171690.925388698,142,87,0.01620499975979328,0.03113749995827675,0.025802500545978546,0.20194000005722046,0.06328500062227249,0.037379998713731766,0.03526249900460243,0.055364999920129776,0.06243250146508217,0.1729550063610077,0.09771499782800674,0.07189249992370605,0.687614917755127,0.41275691986083984,191.21604919433594,0.7734063863754272,0.522782564163208,-0.4200645983219147,1.0,1.0,2.0,-172389.5,52328.5,380.0,8.195341110229492,0.44916999340057373,0.0,1.0,1.0,1.0,0.0,core,179.8,0.013921233,True
10057,172.634989,-43.60772,exotic_pine,3,train,expansion,4-class · extra-sample test (expansion 88),1570543.4351282232,5171630.617595481,165,89,0.018377499654889107,0.034299999475479126,0.02670999988913536,0.2656024992465973,0.08179250359535217,0.044942498207092285,0.026325000450015068,0.045079998672008514,0.04491500183939934,0.2053775042295456,0.083965003490448,0.05327500030398369,0.710557222366333,0.5880573391914368,38.85797119140625,0.8172503709793091,0.529109537601471,-0.4470963776111603,0.0,1.0,2.0,-172387.5,52351.5,410.0,23.682676315307617,0.41165807843208313,1.0,1.0,1.0,1.0,0.0,core,224.8,0.017064773,True
10058,172.618332,-43.608166,exotic_pine,3,train,expansion,4-class · extra-sample test (expansion 88),1569199.433743467,5171575.043395413,120,91,0.027617499232292175,0.05217500030994415,0.044007498770952225,0.25875499844551086,0.10063000023365021,0.05486999824643135,,,,,,,0.6500916481018066,,,0.7092936038970947,0.43998774886131287,-0.328843891620636,,0.0,2.0,-172385.5,52306.5,231.0,30.284616470336914,-0.5164453983306885,,1.0,1.0,1.0,,core,277.3,0.02315034,True
10059,172.587184,-43.632154,exotic_pine,3,train,expansion,4-class · extra-sample test (expansion 88),1566699.0337619768,5168898.903030345,37,180,0.031907498836517334,0.06413750350475311,0.06804250180721283,0.2340874969959259,0.13126499950885773,0.08118750154972076,-0.024096250534057617,0.013262500055134296,0.01872125081717968,0.07083375006914139,0.08220499753952026,0.0702425017952919,0.4849734306335449,0.0041909958235919476,397.1405029296875,0.5495812892913818,0.28143367171287537,-0.1433207392692566,2.0,1.0,2.0,-172296.5,52223.5,186.0,22.155662536621094,-0.9310947060585022,0.0,1.0,1.0,1.0,1.0,core,205.9,0.017480012,True
10060,172.625613,-43.590627,exotic_pine,3,train,expansion,4-class · extra-sample test (expansion 88),1569778.232557034,5173525.60042146,139,26,0.05816999822854996,0.08184749633073807,0.09125249832868576,0.2777850031852722,0.18046249449253082,0.11503999680280685,0.07332249730825424,0.087677501142025,0.08690749853849411,0.153416246175766,0.17120875418186188,0.15674374997615814,0.41429388523101807,-0.010728334076702595,341.3802795410156,0.5054567456245422,0.21237976849079132,-0.10571527481079102,2.0,1.0,2.0,-172450.5,52325.5,133.0,21.60030174255371,0.0760926753282547,0.0,1.0,1.0,1.0,0.0,core,168.0,0.051977355,True
10061,172.618667,-43.590288,exotic_pine,3,train,expansion,4-class · extra-sample test (expansion 88),1569217.3550752625,5173560.700069801,121,24,0.03306249901652336,0.05448500066995621,0.05170749872922897,0.17023250460624695,0.10745000094175339,0.06548500061035156,0.013647500425577164,0.056767500936985016,0.051954999566078186,0.1585724949836731,0.1457574963569641,0.11468250304460526,0.44437727332115173,0.16061919927597046,200.1161346435547,0.5340407490730286,0.2260945439338684,-0.1217745766043663,1.0,1.0,2.0,-172452.5,52307.5,85.0,25.544965744018555,-0.5647147297859192,0.0,1.0,1.0,1.0,0.0,core,161.5,0.012301441,True
10062,172.606329,-43.604906,exotic_pine,3,train,expansion,4-class · extra-sample test (expansion 88),1568229.076431185,5171932.579352575,88,79,0.026957500725984573,0.05030500143766403,0.045740000903606415,0.25231999158859253,0.09578999876976013,0.056437499821186066,0.05701500177383423,0.056877501308918,0.06339500099420547,0.13690249621868134,0.15243999660015106,0.12683750689029694,0.6344218254089355,0.038162585347890854,512.6173095703125,0.6930819153785706,0.44965672492980957,-0.32734090089797974,2.0,1.0,2.0,-172397.5,52274.5,149.0,21.855545043945312,0.035067956894636154,0.0,1.0,1.0,1.0,0.0,core,81.5,0.042245604,True
10065,172.626822,-43.590728,exotic_pine,3,train,expansion,4-class · extra-sample test (expansion 88),1569875.8775151323,5173514.822367032,143,26,0.046482499688863754,0.0729375034570694,0.07134249806404114,0.2993449866771698,0.15519000589847565,0.0959549993276596,0.06512749940156937,0.08133874833583832,0.08319500088691711,0.14531749486923218,0.15927374362945557,0.15259124338626862,0.5145206451416016,-0.024416033178567886,455.2947082519531,0.6150800585746765,0.3171482980251312,-0.20842652022838593,2.0,1.0,2.0,-172450.5,52329.5,75.0,22.095792770385742,0.1720908135175705,0.0,1.0,1.0,1.0,0.0,core,222.8,0.038633134,True
10066,172.60791,-43.597772,exotic_pine,3,train,expansion,4-class · extra-sample test (expansion 88),1568352.9307299014,5172725.4858922,92,52,0.05151500180363655,0.07953750342130661,0.09356249868869781,0.24167749285697937,0.17204749584197998,0.09914500266313553,0.052642498165369034,0.07315749675035477,0.07310249656438828,0.17474250495433807,0.1705625057220459,0.14193500578403473,0.4182015657424927,0.10359908640384674,230.9605255126953,0.4418177902698517,0.16830019652843475,-0.049360014498233795,1.0,1.0,2.0,-172424.5,52278.5,43.0,20.685497283935547,-0.2529478371143341,0.0,1.0,1.0,1.0,0.0,core,293.0,0.03731205,True
10048,172.632125,-43.604041,exotic_pine,3,valid,expansion,4-class · extra-sample test (expansion 88),1570310.499404596,5172038.188603232,157,75,0.030917499214410782,0.05192749947309494,0.04697750136256218,0.2280925065279007,0.11036500334739685,0.06674999743700027,0.04623499885201454,0.06853750348091125,0.07439500093460083,0.14432750642299652,0.1297525018453598,0.10629499703645706,0.5472158789634705,0.15175214409828186,311.8218078613281,0.6584324240684509,0.34783539175987244,-0.24418611824512482,2.0,1.0,2.0,-172401.5,52343.5,323.0,21.785451889038086,0.9820016026496887,0.0,1.0,1.0,1.0,0.0,core,74.7,0.039535172,True
10049,172.632225,-43.600663,exotic_pine,3,valid,expansion,4-class · extra-sample test (expansion 88),1570316.9091719126,5172413.385538968,157,63,0.03506999835371971,0.05739999935030937,0.05371500179171562,0.26648250222206116,0.12818500399589539,0.07670500129461288,,,,,,,0.552984893321991,,,0.6644883155822754,0.3504152297973633,-0.2474958747625351,,0.0,2.0,-172413.5,52343.5,155.0,25.941743850708008,0.626452624797821,,1.0,1.0,1.0,,core,165.8,0.07821321,True
10050,172.608811,-43.606201,exotic_pine,3,valid,expansion,4-class · extra-sample test (expansion 88),1568430.0617983066,5171789.702575077,95,84,0.0291300006210804,0.05393499881029129,0.04766499996185303,0.2810024917125702,0.11333499848842621,0.06509999930858612,,,,,,,0.623810887336731,,,0.7099500298500061,0.4251878261566162,-0.3165404498577118,,0.0,2.0,-172392.5,52281.5,91.0,30.42472267150879,0.5939509868621826,,1.0,1.0,1.0,,core,230.3,0.009489572,True
10052,172.614424,-43.613196,exotic_pine,3,valid,expansion,4-class · extra-sample test (expansion 88),1568886.651405276,5171014.953515303,110,109,0.021072499454021454,0.04076249897480011,0.036032501608133316,0.24365749955177307,0.07673250138759613,0.044337499886751175,0.03828750178217888,0.058252498507499695,0.05525499954819679,0.22762499749660492,0.11363749951124191,0.08316750079393387,0.6920953392982483,0.46480369567871094,143.64971923828125,0.7423397302627563,0.5210056304931641,-0.40256163477897644,1.0,1.0,2.0,-172367.5,52296.5,280.0,15.597250938415527,0.956063985824585,0.0,1.0,1.0,1.0,0.0,core,136.3,0.0118994955,True
10053,172.628925,-43.603331,exotic_pine,3,valid,expansion,4-class · extra-sample test (expansion 88),1570051.8897199119,5172115.892748079,149,73,0.02418000064790249,0.04290749877691269,0.037654999643564224,0.23741500079631805,0.09350749850273132,0.05506249889731407,-0.026337500661611557,0.015104999765753746,0.019862499088048935,0.09455250203609467,0.0963675007224083,0.08451499789953232,0.6234753131866455,0.05605428293347359,483.7790832519531,0.726215124130249,0.4348676800727844,-0.3320942223072052,2.0,1.0,2.0,-172403.5,52335.5,276.0,24.09349822998047,0.5177440047264099,0.0,1.0,1.0,1.0,1.0,core,223.8,0.020367628,True
10054,172.625718,-43.600086,exotic_pine,3,valid,expansion,4-class · extra-sample test (expansion 88),1569791.4406590674,5172475.121846339,140,61,0.03286999836564064,0.05066249892115593,0.04810500144958496,0.2281475067138672,0.12001749873161316,0.07312999665737152,,,,,,,0.5145339369773865,,,0.6517316699028015,0.3105711340904236,-0.21646781265735626,,0.0,2.0,-172415.5,52326.5,227.0,13.543832778930664,0.4872652292251587,,1.0,1.0,1.0,,core,365.8,0.059376363,True
10056,172.631922,-43.60676,exotic_pine,3,valid,expansion,4-class · extra-sample test (expansion 88),1570295.4541572584,5171736.143313115,157,85,0.01815750077366829,0.03386000171303749,0.028277499601244926,0.2211350053548813,0.06743749976158142,0.039057500660419464,0.03031250089406967,0.050085000693798065,0.05200999975204468,0.10137250274419785,0.09188500046730042,0.08165500313043594,0.6997799873352051,0.1077297106385231,508.4083251953125,0.7732471227645874,0.5326130986213684,-0.4285799562931061,2.0,1.0,2.0,-172391.5,52343.5,405.0,10.921784400939941,0.9442554712295532,0.0,1.0,1.0,1.0,0.0,core,41.5,0.027040409,True
10063,172.594765,-43.631856,exotic_pine,3,valid,expansion,4-class · extra-sample test (expansion 88),1567310.4154831883,5168935.011639772,57,179,0.02123750001192093,0.044667501002550125,0.040322501212358475,0.21585500240325928,0.07912500202655792,0.04909500107169151,-0.029541250318288803,-0.0021237500477582216,-0.007871249690651894,0.12708500027656555,0.04168374836444855,0.0242762491106987,0.6294018030166626,0.6792276501655579,-133.46783447265625,0.6851987242698669,0.46352294087409973,-0.32996296882629395,0.0,1.0,2.0,-172297.5,52243.5,267.0,13.680887222290039,0.6589477062225342,1.0,1.0,1.0,1.0,1.0,core,190.3,0.012113774,True
10064,172.630026,-43.604948,exotic_pine,3,valid,expansion,4-class · extra-sample test (expansion 88),1570141.5472490028,5171936.704726524,152,79,0.017387500032782555,0.0354824997484684,0.029239999130368233,0.21420499682426453,0.07098499685525894,0.04114750027656555,0.0351249985396862,0.06114000082015991,0.05948999896645546,0.11031000316143036,0.1090174987912178,0.10167499631643295,0.6777200102806091,0.04073401540517807,553.3440551757812,0.7597814798355103,0.5021915435791016,-0.3959028720855713,2.0,1.0,2.0,-172397.5,52338.5,331.0,27.220321655273438,0.9635613560676575,0.0,1.0,1.0,1.0,0.0,core,214.4,0.02210564,True
10023,172.622827,-43.630078,gorse_broom,2,train,expansion,4-class · extra-sample test (expansion 88),1569573.231683731,5169143.142862933,133,172,0.01648000068962574,0.037050001323223114,0.022749999538064003,0.2894724905490875,0.09831999987363815,0.04227500036358833,0.0197525005787611,0.039250001311302185,0.026462500914931297,0.27300000190734863,0.09977749735116959,0.04563000053167343,0.7451375126838684,0.7135862708091736,-52.090736389160156,0.8542705774307251,0.49292469024658203,-0.4329572916030884,0.0,1.0,2.0,-172304.5,52319.5,379.0,16.871355056762695,0.47802212834358215,0.0,1.0,1.0,1.0,0.0,core,89.1,0.016891856,True
10026,172.611584,-43.620541,gorse_broom,2,train,expansion,4-class · extra-sample test (expansion 88),1568661.2974738015,5170198.146782855,102,137,0.036444999277591705,0.07087499648332596,0.07208500057458878,0.2803424894809723,0.15337499976158142,0.08748500049114227,0.012698750011622906,0.026297500357031822,0.026930000633001328,0.055928751826286316,0.08697625249624252,0.09138999879360199,0.5243150591850281,-0.24071104824543,681.3841552734375,0.5909229516983032,0.29274240136146545,-0.16842401027679443,3.0,1.0,2.0,-172339.5,52288.5,251.0,19.43804168701172,0.414169579744339,0.0,1.0,1.0,1.0,0.0,core,42.0,0.045046963,True
10027,172.58381,-43.609927,gorse_broom,2,train,expansion,4-class · extra-sample test (expansion 88),1566414.4896038824,5171366.087170431,27,98,0.04425499960780144,0.07692500203847885,0.08891499787569046,0.2798199951648712,0.17333999276161194,0.10252749919891357,0.0428524985909462,0.06952749937772751,0.0803074985742569,0.1471325010061264,0.13602249324321747,0.1100350022315979,0.46369466185569763,0.14425423741340637,235.7985076904297,0.5177295207977295,0.23497219383716583,-0.10543550550937653,1.0,1.0,2.0,-172378.5,52213.5,49.0,17.19280242919922,-0.9946219325065613,0.0,1.0,1.0,1.0,0.0,core,413.0,0.01683826,True
10028,172.602926,-43.623283,gorse_broom,2,train,expansion,4-class · extra-sample test (expansion 88),1567964.196530096,5169890.315279964,79,147,0.047609999775886536,0.07887750118970871,0.08707249909639359,0.24981750547885895,0.18849250674247742,0.11325249820947647,0.03974499925971031,0.04556125029921532,0.047885000705718994,0.09543249756097794,0.14962124824523926,0.14896124601364136,0.3761395812034607,-0.21902666985988617,511.5243225097656,0.48308053612709045,0.13991239666938782,-0.03815494850277901,2.0,1.0,2.0,-172329.5,52265.5,117.0,23.370399475097656,0.9862799048423767,0.0,1.0,1.0,1.0,0.0,core,145.3,0.04454505,True
10029,172.611178,-43.616538,gorse_broom,2,train,expansion,4-class · extra-sample test (expansion 88),1568626.4586984885,5170642.568612817,101,122,0.05294499918818474,0.0879250019788742,0.0949925035238266,0.32076749205589294,0.21607500314712524,0.12430749833583832,0.030738750472664833,0.06235000118613243,0.06448125094175339,0.1753612458705902,0.14912624657154083,0.11473750323057175,0.44140875339508057,0.20897625386714935,148.79055786132812,0.5430416464805603,0.1950152963399887,-0.09148193895816803,1.0,1.0,2.0,-172354.5,52287.5,305.0,5.138822078704834,-0.868358314037323,0.0,1.0,1.0,1.0,0.0,core,101.8,0.021694679,True
10030,172.625914,-43.628919,gorse_broom,2,train,expansion,4-class · extra-sample test (expansion 88),1569821.682083831,5169272.98873204,141,167,0.01722249947488308,0.0384799987077713,0.02563749998807907,0.29260748624801636,0.09502000361680984,0.04128500074148178,0.02143000066280365,0.026077499613165855,0.02758999913930893,0.0562174990773201,0.06317500025033951,0.057042498141527176,0.7527048587799072,-0.007284124847501516,676.3470458984375,0.8388819694519043,0.5097355246543884,-0.4394378364086151,3.0,1.0,2.0,-172309.5,52327.5,457.0,17.157636642456055,-0.6471979022026062,0.0,1.0,1.0,1.0,0.0,core,107.0,0.028674861,True
10032,172.588263,-43.607699,gorse_broom,2,train,expansion,4-class · extra-sample test (expansion 88),1566772.6096011058,5171615.320347626,39,89,0.0431549996137619,0.07123249769210815,0.0826449990272522,0.2291100025177002,0.17567749321460724,0.10802750289440155,0.02735625021159649,0.04278374835848808,0.04389749839901924,0.10674875229597092,0.11411874741315842,0.09352125227451324,0.35914871096611023,0.06604833155870438,209.45843505859375,0.46980801224708557,0.1320013552904129,-0.02627747505903244,1.0,1.0,2.0,-172387.5,52225.5,103.0,16.10365104675293,-0.9898562431335449,0.0,1.0,1.0,1.0,0.0,core,413.5,0.029136168,True
10035,172.597517,-43.622552,gorse_broom,2,train,expansion,4-class · extra-sample test (expansion 88),1567527.4063218273,5169969.399783367,64,144,0.027342500165104866,0.05085499957203865,0.046482499688863754,0.25479501485824585,0.12496750056743622,0.06955499947071075,0.06641999632120132,0.07145249843597412,0.07590749859809875,0.10709249973297119,0.15934249758720398,0.19055500626564026,0.5711114406585693,-0.280407190322876,767.876708984375,0.6914306282997131,0.3418649733066559,-0.244026780128479,3.0,1.0,2.0,-172332.5,52250.5,148.0,20.046249389648438,0.05059399828314781,0.0,1.0,1.0,1.0,0.0,core,176.1,0.02323362,True
10036,172.600672,-43.625325,gorse_broom,2,train,expansion,4-class · extra-sample test (expansion 88),1567783.434901856,5169662.657564743,73,154,0.03595000132918358,0.06916999816894531,0.065870001912117,0.304735004901886,0.14757250249385834,0.08278249949216843,0.0592150017619133,0.06380750238895416,0.06785000115633011,0.09650500118732452,0.14344750344753265,0.17248749732971191,0.5727548003196716,-0.282470703125,771.5835571289062,0.6445271968841553,0.3474682569503784,-0.22962675988674164,3.0,1.0,2.0,-172322.5,52259.5,202.0,17.314538955688477,0.9249573349952698,0.0,1.0,1.0,1.0,0.0,core,61.9,0.026549809,True
10039,172.614437,-43.597988,gorse_broom,2,train,expansion,4-class · extra-sample test (expansion 88),1568879.8613562246,5172703.962349352,109,53,0.03702250123023987,0.05896750092506409,0.057372499257326126,0.20815500617027283,0.12298750132322311,0.07142499834299088,-0.04665999859571457,-0.013302500359714031,-0.013522500172257423,0.024785000830888748,0.06691499799489975,0.06933499872684479,0.48905500769615173,-0.47333192825317383,878.7449951171875,0.5678601861000061,0.2571929097175598,-0.15231911838054657,3.0,1.0,2.0,-172423.5,52295.5,172.0,12.72317123413086,-0.7990733981132507,0.0,1.0,1.0,1.0,1.0,core,133.8,0.026312737,True
10040,172.593132,-43.624292,gorse_broom,2,train,expansion,4-class · extra-sample test (expansion 88),1567174.5681045353,5169774.430426334,53,151,0.037050001323223114,0.06985750049352646,0.0716174989938736,0.28762999176979065,0.1557675004005432,0.08918999880552292,0.05360500141978264,0.06248750165104866,0.06633750349283218,0.10398499667644501,0.16046999394893646,0.18755750358104706,0.5266174674034119,-0.28665632009506226,729.6318359375,0.6012915968894958,0.2973911762237549,-0.1762382984161377,3.0,1.0,2.0,-172325.5,52239.5,215.0,15.596869468688965,0.9651716947555542,0.0,1.0,1.0,1.0,0.0,core,185.0,0.05770117,True
10041,172.631371,-43.633932,gorse_broom,2,train,expansion,4-class · extra-sample test (expansion 88),1570264.381923064,5168718.210104352,156,186,0.0331449992954731,0.07114999741315842,0.04552000015974045,0.5621899962425232,0.2062849998474121,0.08476249873638153,0.05393499881029129,0.06518249958753586,0.06870249658823013,0.09312249720096588,0.11385750025510788,0.12018249928951263,0.7379637360572815,-0.1268606036901474,781.1824340820312,0.8501917123794556,0.46313151717185974,-0.4055173993110657,3.0,1.0,2.0,-172290.5,52342.5,250.0,26.24816131591797,0.6065652966499329,0.0,1.0,1.0,1.0,0.0,core,358.4,0.015480333,True
10042,172.611123,-43.617103,gorse_broom,2,train,expansion,4-class · extra-sample test (expansion 88),1568622.3146138033,5170579.798681973,101,124,0.03485000133514404,0.06801500171422958,0.06168999895453453,0.2885099947452545,0.12920249998569489,0.07472500205039978,-0.004818750079721212,0.023561250418424606,0.02250250056385994,0.06412374973297119,0.07454624772071838,0.07644374668598175,0.5885583758354187,-0.08764472603797913,592.5611572265625,0.6476870179176331,0.38138073682785034,-0.2575923204421997,2.0,1.0,2.0,-172352.5,52287.5,298.0,10.881190299987793,-0.996173620223999,0.0,1.0,1.0,1.0,1.0,core,134.4,0.042257298,True
10043,172.611469,-43.59575,gorse_broom,2,train,expansion,4-class · extra-sample test (expansion 88),1568639.1412225424,5172951.398799726,101,45,0.05575000122189522,0.08657749742269516,0.10071250051259995,0.25765499472618103,0.18483500182628632,0.11316999793052673,0.014940000139176846,0.04684000089764595,0.041120000183582306,0.17160749435424805,0.14086249470710754,0.11795499920845032,0.3896312415599823,0.18528814613819122,120.70114135742188,0.43793731927871704,0.164568692445755,-0.04651036486029625,1.0,1.0,2.0,-172431.5,52287.5,141.0,19.766069412231445,-0.6782380938529968,0.0,1.0,1.0,1.0,0.0,core,141.9,0.058531117,True
10024,172.598151,-43.622229,gorse_broom,2,valid,expansion,4-class · extra-sample test (expansion 88),1567578.3843223786,5170005.520053024,66,143,0.038589999079704285,0.06842750310897827,0.07387249916791916,0.25231999158859253,0.16448499262332916,0.09334249794483185,0.0685650035738945,0.07200250029563904,0.07940000295639038,0.12276750057935715,0.17730000615119934,0.1912975013256073,0.4599211513996124,-0.21820323169231415,594.4824829101562,0.5470619201660156,0.2107340395450592,-0.09929288923740387,2.0,1.0,2.0,-172333.5,52252.5,131.0,20.91141700744629,-0.05536568909883499,0.0,1.0,1.0,1.0,0.0,core,168.7,0.038269024,True
10025,172.616139,-43.598412,gorse_broom,2,valid,expansion,4-class · extra-sample test (expansion 88),1569017.4533942917,5172657.508964556,114,55,0.033227499574422836,0.05599749833345413,0.053962498903274536,0.18887749314308167,0.1207050010561943,0.0712599977850914,-0.001257500029169023,0.005975000094622374,0.002675000112503767,0.030697500333189964,0.08083000034093857,0.0765950009226799,0.4521358907222748,-0.4277791976928711,796.2731323242188,0.5555715560913086,0.22020785510540009,-0.1195584386587143,3.0,1.0,2.0,-172421.5,52300.5,184.0,14.914236068725586,-0.5273690819740295,0.0,1.0,1.0,1.0,1.0,core,139.9,0.017393602,True
10031,172.610317,-43.618831,gorse_broom,2,valid,expansion,4-class · extra-sample test (expansion 88),1568558.180514076,5170387.58137152,99,130,0.030752500519156456,0.06567750126123428,0.056244999170303345,0.2978050112724304,0.1190275028347969,0.06609000265598297,0.01337250042706728,0.02353375032544136,0.023176249116659164,0.04688125103712082,0.06956875324249268,0.07992249727249146,0.636763334274292,-0.2605699896812439,813.69140625,0.6822764873504639,0.4288952946662903,-0.30423951148986816,3.0,1.0,2.0,-172346.5,52285.5,267.0,16.75343132019043,-0.9416945576667786,0.0,1.0,1.0,1.0,0.0,core,257.2,0.013171097,True
10033,172.58887,-43.621477,gorse_broom,2,valid,expansion,4-class · extra-sample test (expansion 88),1566829.1690319153,5170085.372482785,41,140,0.0351249985396862,0.07084749639034271,0.07068250328302383,0.25501498579978943,0.160194993019104,0.09491000324487686,0.04949374869465828,0.06905999779701233,0.07071000337600708,0.12296000123023987,0.16628624498844147,0.16980625689029694,0.457540899515152,-0.16001246869564056,533.9114379882812,0.5659622550010681,0.22836637496948242,-0.11374378204345703,2.0,1.0,2.0,-172336.5,52227.5,120.0,20.384414672851562,0.9481536149978638,0.0,1.0,1.0,1.0,0.0,core,77.8,0.02816048,True
10034,172.591879,-43.621077,gorse_broom,2,valid,expansion,4-class · extra-sample test (expansion 88),1567071.7233613576,5170130.994137382,49,139,0.038314998149871826,0.07002250105142593,0.07106749713420868,0.23326249420642853,0.15950749814510345,0.0959549993276596,0.061057500541210175,0.07172749936580658,0.0772550031542778,0.11889000236988068,0.17191000282764435,0.19696250557899475,0.4170722961425781,-0.2471802532672882,580.610595703125,0.5329576730728149,0.18778164684772491,-0.08165348321199417,2.0,1.0,2.0,-172337.5,52235.5,138.0,29.799436569213867,0.9827836751937866,0.0,1.0,1.0,1.0,0.0,core,133.7,0.018676702,True
10037,172.633401,-43.633901,gorse_broom,2,valid,expansion,4-class · extra-sample test (expansion 88),1570428.1176628014,5168722.377989282,161,186,0.032705001533031464,0.06661249697208405,0.04054249823093414,0.6130650043487549,0.20600999891757965,0.0809675008058548,0.04738999903202057,0.05698750168085098,0.06168999895453453,0.09149999916553497,0.132750004529953,0.14812250435352325,0.7666751742362976,-0.23629875481128693,919.33203125,0.8759423494338989,0.4969691336154938,-0.4473915100097656,3.0,1.0,2.0,-172290.5,52347.5,192.0,23.31727409362793,0.6737619042396545,0.0,1.0,1.0,1.0,0.0,core,239.4,0.011756655,True
10038,172.619619,-43.595036,gorse_broom,2,valid,expansion,4-class · extra-sample test (expansion 88),1569296.6180960992,5173033.739532327,123,42,0.04785750061273575,0.07676000148057938,0.07720000296831131,0.2972550094127655,0.17333999276161194,0.09878750145435333,0.030147500336170197,0.05385249853134155,0.056299999356269836,0.12474749982357025,0.1920125037431717,0.200592502951622,0.501126766204834,-0.23312534391880035,650.6101684570312,0.5876674056053162,0.2633155882358551,-0.15877126157283783,2.0,1.0,2.0,-172434.5,52309.5,108.0,28.348041534423828,0.6557998657226562,0.0,1.0,1.0,1.0,0.0,core,175.4,0.04774538,True
10044,172.618356,-43.613802,gorse_broom,2,valid,expansion,4-class · extra-sample test (expansion 88),1569204.2464118898,5170949.116266909,120,112,0.031907498836517334,0.05085499957203865,0.048875000327825546,0.2901324927806854,0.11702000349760056,0.06559500098228455,0.039992500096559525,0.0679050013422966,0.06941749900579453,0.21483750641345978,0.13189749419689178,0.10280250012874603,0.6312064528465271,0.3527106046676636,194.85391235351562,0.7116582989692688,0.42517852783203125,-0.3200118839740753,1.0,1.0,2.0,-172364.5,52306.5,270.0,23.392303466796875,0.9176186919212341,0.0,1.0,1.0,1.0,0.0,core,61.2,0.039157774,True
10001,172.591639,-43.624941,pasture,1,train,expansion,4-class · extra-sample test (expansion 88),1567054.4696893762,5169701.760860976,49,153,0.050882499665021896,0.08729249984025955,0.09939250349998474,0.291067510843277,0.22217999398708344,0.13129250705242157,0.026077499613165855,0.0677262470126152,0.0750962495803833,0.18084749579429626,0.19492749869823456,0.14801250398159027,0.3782910406589508,0.09984491765499115,194.80416870117188,0.4908953607082367,0.13421887159347534,-0.030711092054843903,1.0,1.0,2.0,-172323.5,52235.5,224.0,16.139514923095703,0.9804143905639648,0.0,1.0,1.0,1.0,0.0,core,56.9,0.028849727,True
10002,172.633232,-43.614031,pasture,1,train,expansion,4-class · extra-sample test (expansion 88),1570404.7390451324,5170929.091389213,160,112,0.03941499814391136,0.07472500205039978,0.07120499759912491,0.3325650095939636,0.14603249728679657,0.08363500237464905,0.03418999910354614,0.05110250040888786,0.05833499878644943,0.1207050010561943,0.10035499930381775,0.08402000367641449,0.5981018543243408,0.17919160425662994,335.2683410644531,0.6472992300987244,0.38974815607070923,-0.26262372732162476,2.0,1.0,2.0,-172364.5,52346.5,454.0,19.844024658203125,-0.9778109788894653,0.0,1.0,1.0,1.0,0.0,core,543.1,0.059796464,True
10003,172.619414,-43.586666,pasture,1,train,expansion,4-class · extra-sample test (expansion 88),1569275.8134925023,5173963.235454688,123,11,0.04202749952673912,0.06600750237703323,0.06416500359773636,0.22316999733448029,0.13024750351905823,0.07615499943494797,0.054237499833106995,0.08393750339746475,0.08451499789953232,0.13761749863624573,0.13030250370502472,0.12628750503063202,0.49115508794784546,0.042932115495204926,364.5810546875,0.5533784627914429,0.26292556524276733,-0.15401101112365723,2.0,1.0,2.0,-172465.5,52309.5,72.0,13.583097457885742,0.7000975608825684,0.0,1.0,1.0,1.0,0.0,core,252.7,0.020864295,True
10004,172.594026,-43.603674,pasture,1,train,expansion,4-class · extra-sample test (expansion 88),1567235.5025474147,5172064.626859095,55,74,0.04733499884605408,0.07843749970197678,0.09105999767780304,0.27217501401901245,0.17677749693393707,0.1020049974322319,0.05782625079154968,0.08831000328063965,0.08888749778270721,0.19535374641418457,0.16957250237464905,0.13962499797344208,0.45478111505508423,0.16636502742767334,204.77415466308594,0.49861660599708557,0.2124890685081482,-0.08797603100538254,1.0,1.0,2.0,-172402.5,52241.5,189.0,12.803903579711914,-0.04025808721780777,0.0,1.0,1.0,1.0,0.0,core,108.6,0.023695499,True
10006,172.620634,-43.620016,pasture,1,train,expansion,4-class · extra-sample test (expansion 88),1569391.2159574972,5170259.828736163,127,135,0.033227499574422836,0.05046999827027321,0.06267999857664108,0.15656499564647675,0.13019250333309174,0.07266250252723694,0.03669250011444092,-0.0474575012922287,-0.053933750838041306,0.023588750511407852,0.09343875199556351,0.10376500338315964,0.36602282524108887,-0.6295554637908936,911.9363403320312,0.42821958661079407,0.09196795523166656,0.00804881565272808,3.0,1.0,2.0,-172341.5,52313.5,385.0,11.594764709472656,0.523934543132782,0.0,1.0,1.0,1.0,1.0,core,109.4,0.066187665,True
10010,172.616665,-43.596644,pasture,1,train,expansion,4-class · extra-sample test (expansion 88),1569059.002503013,5172854.0591839105,115,48,0.03820500150322914,0.07211250066757202,0.06276249885559082,0.32659751176834106,0.1501300036907196,0.09149999916553497,0.04472250118851662,0.06631000339984894,0.06061749905347824,0.24112750589847565,0.14242999255657196,0.10285750031471252,0.5623030662536621,0.4019652009010315,76.69590759277344,0.6776120066642761,0.37016430497169495,-0.262958824634552,0.0,1.0,2.0,-172428.5,52301.5,177.0,12.87124252319336,0.9586043953895569,1.0,1.0,1.0,1.0,0.0,core,98.0,0.0522221,True
10011,172.636582,-43.612531,pasture,1,train,expansion,4-class · extra-sample test (expansion 88),1570674.328709084,5171096.870120075,169,107,0.0368025004863739,0.07203000038862228,0.0652099996805191,0.400160014629364,0.15634499490261078,0.08195749670267105,0.03886500000953674,0.053632501512765884,0.05814250186085701,0.10313250124454498,0.1027199998497963,0.09202250093221664,0.6600102782249451,0.05692910775542259,519.439208984375,0.7197498679161072,0.43811824917793274,-0.32710975408554077,2.0,1.0,2.0,-172369.5,52355.5,452.0,17.9061279296875,-0.7857305407524109,0.0,1.0,1.0,1.0,0.0,core,329.3,0.0417125,True
10012,172.592716,-43.614476,pasture,1,train,expansion,4-class · extra-sample test (expansion 88),1567135.6597528774,5170864.435888868,51,114,0.04992000013589859,0.08456999808549881,0.09988749772310257,0.27569499611854553,0.19616499543190002,0.11388500034809113,0.06952749937772751,0.10747750103473663,0.13505999743938446,0.26100999116897583,0.2551800012588501,0.16891250014305115,0.4153447449207306,0.2142188400030136,117.48394775390625,0.4680928885936737,0.16854575276374817,-0.04755355417728424,0.0,1.0,2.0,-172362.5,52237.5,118.0,6.517248153686523,0.7735118865966797,1.0,1.0,1.0,1.0,0.0,core,216.5,0.042353973,True
10013,172.595268,-43.614592,pasture,1,train,expansion,4-class · extra-sample test (expansion 88),1567341.6473051927,5170852.559470693,58,115,0.04436499997973442,0.08187499642372131,0.07785999774932861,0.3310525119304657,0.1846974939107895,0.10189499706029892,0.06449499726295471,0.09548749774694443,0.11251000314950943,0.28102999925613403,0.2569675147533417,0.1651725023984909,0.5292962789535522,0.2596522867679596,186.00204467773438,0.6191850304603577,0.28377121686935425,-0.17690348625183105,1.0,1.0,2.0,-172361.5,52244.5,133.0,2.617133378982544,-0.8029585480690002,0.0,1.0,1.0,1.0,0.0,core,371.6,0.030141486,True
10014,172.582957,-43.618613,pasture,1,train,expansion,4-class · extra-sample test (expansion 88),1566350.498137446,5170401.0711314855,25,130,0.052560001611709595,0.09680750221014023,0.11501249670982361,0.2770425081253052,0.20271000266075134,0.12089750170707703,0.05212000012397766,0.057317499071359634,0.061524998396635056,0.097632497549057,0.13629749417304993,0.14751750230789185,0.39238327741622925,-0.20348766446113586,512.22900390625,0.4132838547229767,0.15493926405906677,-0.01835245080292225,2.0,1.0,2.0,-172346.5,52211.5,113.0,11.00480842590332,0.5566411018371582,0.0,1.0,1.0,1.0,0.0,core,163.9,0.06154693,True
10016,172.618985,-43.585574,pasture,1,train,expansion,4-class · extra-sample test (expansion 88),1569240.6248457627,5174084.354111334,122,7,0.04021250084042549,0.06427499651908875,0.0629274994134903,0.20614750683307648,0.12007249891757965,0.0738999992609024,,,,,,,0.4722324013710022,,,0.5322679281234741,0.2638556659221649,-0.147568479180336,,0.0,2.0,-172469.5,52308.5,55.0,16.258190155029297,0.0011121872812509537,,1.0,1.0,1.0,,core,275.3,0.025086349,True
10017,172.622427,-43.586222,pasture,1,train,expansion,4-class · extra-sample test (expansion 88),1569518.8249961757,5174013.655572893,131,9,0.0641925036907196,0.09369999915361404,0.1066799983382225,0.2671700119972229,0.21054750680923462,0.12846000492572784,0.05401749908924103,0.07882250100374222,0.08327750116586685,0.17185500264167786,0.15406249463558197,0.13456499576568604,0.3506053686141968,0.12169571220874786,145.26771545410156,0.4292898178100586,0.11852716654539108,-0.0217934288084507,1.0,1.0,2.0,-172467.5,52317.5,97.0,21.418973922729492,0.8246591687202454,0.0,1.0,1.0,1.0,0.0,core,35.6,0.05763346,True
10018,172.615202,-43.619488,pasture,1,train,expansion,4-class · extra-sample test (expansion 88),1568952.6681968921,5170316.4523734385,112,133,0.04026750102639198,0.07337749749422073,0.08443249762058258,0.26497000455856323,0.15422749519348145,0.088639996945858,0.04040500149130821,0.05739999935030937,0.06509999930858612,0.11658000200986862,0.12933999300003052,0.109375,0.4986567199230194,0.03188687935471535,383.1278991699219,0.5167034864425659,0.2641773819923401,-0.1224081739783287,2.0,1.0,2.0,-172343.5,52298.5,341.0,8.081258773803711,0.1524481177330017,0.0,1.0,1.0,1.0,0.0,core,134.6,0.014446065,True
10019,172.592457,-43.62678,pasture,1,train,expansion,4-class · extra-sample test (expansion 88),1567121.4662520073,5169497.844544973,51,160,0.05679500102996826,0.09551499783992767,0.11259250342845917,0.279105007648468,0.21646000444889069,0.13445499539375305,-0.017317499965429306,0.041903749108314514,0.04425499960780144,0.16200999915599823,0.1619962453842163,0.11994875222444534,0.34976786375045776,0.14917519688606262,116.95074462890625,0.4251048266887665,0.12641127407550812,-0.010297727771103382,0.0,1.0,2.0,-172316.5,52237.5,265.0,4.84667444229126,0.047352470457553864,1.0,1.0,1.0,1.0,1.0,core,169.1,0.027267251,True
10020,172.638231,-43.609985,pasture,1,train,expansion,4-class · extra-sample test (expansion 88),1570806.1618009266,5171380.210569679,174,97,0.04826999828219414,0.08478999882936478,0.08709999918937683,0.334214985370636,0.19544999301433563,0.11253750324249268,0.04056999832391739,0.05800500139594078,0.06685999780893326,0.1266999989748001,0.13522499799728394,0.1087149977684021,0.49619755148887634,0.07639700174331665,336.15863037109375,0.5865326523780823,0.2619863450527191,-0.1502702832221985,2.0,1.0,2.0,-172379.5,52360.5,396.0,21.20539093017578,0.9409465193748474,0.0,1.0,1.0,1.0,0.0,core,181.1,0.043058928,True
10021,172.618788,-43.586029,pasture,1,train,expansion,4-class · extra-sample test (expansion 88),1569224.9528070842,5174033.748948415,121,9,0.040460001677274704,0.06584250181913376,0.06421999633312225,0.22094249725341797,0.12917500734329224,0.07673250138759613,,,,,,,0.48445451259613037,,,0.5495901703834534,0.262104868888855,-0.14953358471393585,,0.0,2.0,-172467.5,52307.5,47.0,19.777362823486328,0.5187926292419434,,1.0,1.0,1.0,,core,289.0,0.02107739,True
10005,172.599053,-43.596182,pasture,1,valid,expansion,4-class · extra-sample test (expansion 88),1567637.1959785747,5172898.659679457,68,47,0.0762924998998642,0.10750500112771988,0.13291500508785248,0.2588925063610077,0.26557499170303345,0.16872000694274902,0.07645750045776367,0.11487500369548798,0.10060250014066696,0.28782251477241516,0.23975250124931335,0.17677749693393707,0.21087433397769928,0.23901204764842987,-111.7796630859375,0.3215290606021881,-0.012741494923830032,0.08628480136394501,0.0,1.0,2.0,-172429.5,52254.5,82.0,29.324148178100586,0.7080233693122864,1.0,1.0,1.0,1.0,0.0,core,338.5,0.017804958,True
10007,172.597515,-43.609943,pasture,1,valid,expansion,4-class · extra-sample test (expansion 88),1567520.4589712226,5171369.760181521,64,98,0.05459500104188919,0.08971250057220459,0.0993650034070015,0.27858251333236694,0.21381999552249908,0.12846000492572784,0.04177999868988991,0.06196499988436699,0.06255625188350677,0.19485874474048615,0.1612125039100647,0.1075737476348877,0.36881282925605774,0.2886098623275757,-3.4389545917510986,0.4741862416267395,0.1315235048532486,-0.030930785462260246,0.0,1.0,2.0,-172378.5,52250.5,161.0,17.908239364624023,0.3771287798881531,0.0,1.0,1.0,1.0,0.0,core,343.7,0.034018435,True
10008,172.586833,-43.623048,pasture,1,valid,expansion,4-class · extra-sample test (expansion 88),1566665.6874835244,5169910.080705499,36,146,0.04758249968290329,0.08094000071287155,0.09518499672412872,0.27588748931884766,0.20413999259471893,0.12045750021934509,0.06456375122070312,0.08573874831199646,0.09294375032186508,0.1807512491941452,0.19730624556541443,0.16290375590324402,0.3921583592891693,0.05193435400724411,256.5820617675781,0.4869735836982727,0.1494653970003128,-0.03876877576112747,1.0,1.0,2.0,-172330.5,52222.5,175.0,12.121474266052246,0.9193584322929382,0.0,1.0,1.0,1.0,0.0,core,255.2,0.04619775,True
10009,172.601171,-43.604261,pasture,1,valid,expansion,4-class · extra-sample test (expansion 88),1567812.4596596085,5172002.227645794,74,76,0.07406499981880188,0.10887999832630157,0.13384999334812164,0.3303374946117401,0.265547513961792,0.1588200032711029,0.04832499846816063,0.07813499867916107,0.07618249952793121,0.17974750697612762,0.1598924994468689,0.1328050047159195,0.35063859820365906,0.15019077062606812,116.80589294433594,0.4232933819293976,0.1087290346622467,-0.006226673256605864,0.0,1.0,2.0,-172400.5,52260.5,186.0,11.985530853271484,0.9149181246757507,1.0,1.0,1.0,1.0,0.0,core,179.6,0.032432497,True
10015,172.591043,-43.626622,pasture,1,valid,expansion,4-class · extra-sample test (expansion 88),1567007.3052805748,5169514.831309877,47,159,0.03506999835371971,0.06405500322580338,0.06669499725103378,0.2140125036239624,0.1257925033569336,0.0815725028514862,0.033969998359680176,0.055131249129772186,0.05739999935030937,0.11895874887704849,0.11707500368356705,0.10006625205278397,0.44806063175201416,0.08625727891921997,278.1614074707031,0.524807870388031,0.25961947441101074,-0.12816767394542694,2.0,1.0,2.0,-172317.5,52233.5,256.0,4.693497657775879,0.15853582322597504,0.0,1.0,1.0,1.0,0.0,core,120.7,0.03418375,True
10022,172.596969,-43.598122,pasture,1,valid,expansion,4-class · extra-sample test (expansion 88),1567470.0289991335,5172682.389297213,63,54,0.06289999932050705,0.09474500268697739,0.10797250270843506,0.3106749951839447,0.2293574959039688,0.13467499613761902,0.05972374975681305,0.08685249835252762,0.08151750266551971,0.22466875612735748,0.19355249404907227,0.1498274952173233,0.39519479870796204,0.1998451203107834,111.70772552490234,0.4841841757297516,0.15057890117168427,-0.05098430812358856,0.0,1.0,2.0,-172422.5,52249.5,159.0,14.49161148071289,0.17932650446891785,1.0,1.0,1.0,1.0,0.0,core,75.1,0.048190977,True
340,172.631509,-43.59826,cleared_pine,6,train,main,excluded — few & scattered (19),1570257.9371677572,5172680.006896149,155,54,0.03072500042617321,0.053632501512765884,0.049947500228881836,0.25328248739242554,0.11347249895334244,0.07472500205039978,,,,,,,0.544370174407959,,,0.6705635786056519,0.3812081515789032,-0.26951295137405396,,0.0,2.0,-172422.5,52341.5,136.0,19.819202423095703,-0.1929924488067627,,1.0,1.0,1.0,,core,,,False
341,172.630621,-43.598249,cleared_pine,6,train,main,excluded — few & scattered (19),1570186.2584246686,5172680.910293774,153,54,0.04408999904990196,0.07299250364303589,0.0712599977850914,0.25688499212265015,0.15431000292301178,0.10926499962806702,,,,,,,0.40316811203956604,,,0.5656797885894775,0.24945585429668427,-0.1432071328163147,,0.0,2.0,-172422.5,52339.5,154.0,20.77997398376465,-0.0066340914927423,,1.0,1.0,1.0,,core,,,False
349,172.629889,-43.598052,cleared_pine,6,train,main,excluded — few & scattered (19),1570127.0788974934,5172702.526200356,151,53,0.03903000056743622,0.05808750167489052,0.05990250036120415,0.24387750029563904,0.12073250114917755,0.075934998691082,,,,,,,0.5251280069351196,,,0.6056191921234131,0.33774444460868835,-0.2206324189901352,,0.0,2.0,-172423.5,52337.5,181.0,17.847694396972656,-0.2149234414100647,,1.0,1.0,1.0,,core,,,False
351,172.632022,-43.598024,cleared_pine,6,train,main,excluded — few & scattered (19),1570299.2269501823,5172706.400585813,157,53,0.03449250012636185,0.05916000157594681,0.05728999897837639,0.25790250301361084,0.12933999300003052,0.07843749970197678,,,,,,,0.5335820913314819,,,0.6364760994911194,0.33199480175971985,-0.2207922339439392,,0.0,2.0,-172423.5,52343.5,109.0,29.626310348510742,0.15230369567871094,,1.0,1.0,1.0,,core,,,False
337,172.632306,-43.599119,cleared_pine,6,valid,main,excluded — few & scattered (19),1570322.6877809765,5172584.891280444,158,57,0.03988249972462654,0.06270749866962433,0.06457749754190445,0.27283498644828796,0.14396999776363373,0.087677501142025,,,,,,,0.5135952234268188,,,0.6172192692756653,0.3091733455657959,-0.19984076917171478,,0.0,2.0,-172419.5,52344.5,119.0,25.498815536499023,0.34884026646614075,,1.0,1.0,1.0,,core,,,False
338,172.630504,-43.59865,cleared_pine,6,valid,main,excluded — few & scattered (19),1570177.0130379708,5172636.333211232,153,55,0.05253250151872635,0.08443249762058258,0.09152749925851822,0.26370498538017273,0.151807501912117,0.1107499971985817,,,,,,,0.4084736406803131,,,0.4846895933151245,0.2692999541759491,-0.13028249144554138,,0.0,2.0,-172421.5,52339.5,160.0,24.322622299194336,0.5084724426269531,,1.0,1.0,1.0,,core,,,False
339,172.631001,-43.598564,cleared_pine,6,valid,main,excluded — few & scattered (19),1570217.084814558,5172646.062656404,154,55,0.024730000644922256,0.049562498927116394,0.04235750064253807,0.24778249859809875,0.10156500339508057,0.06600750237703323,,,,,,,0.5792887210845947,,,0.7080202698707581,0.41854456067085266,-0.30878767371177673,,0.0,2.0,-172421.5,52340.5,147.0,25.23646354675293,0.3347683846950531,,1.0,1.0,1.0,,core,,,False
342,172.627061,-43.601907,cleared_pine,6,valid,main,excluded — few & scattered (19),1569900.7430316552,5172273.368785508,144,67,0.038727499544620514,0.06595250219106674,0.06416500359773636,0.24797500669956207,0.12224499881267548,0.07824499905109406,,,,,,,0.5202930569648743,,,0.5888704061508179,0.3396088778972626,-0.21198447048664093,,0.0,2.0,-172409.5,52330.5,273.0,15.671774864196777,0.9476405382156372,,1.0,1.0,1.0,,core,,,False
343,172.632479,-43.600771,cleared_pine,6,valid,main,excluded — few & scattered (19),1570337.4625652838,5172401.481763258,158,63,0.042054999619722366,0.06578750163316727,0.06674999743700027,0.28859248757362366,0.14861750602722168,0.08924499899148941,,,,,,,0.5276011228561401,,,0.6243061423301697,0.3201550841331482,-0.21112972497940063,,0.0,2.0,-172413.5,52344.5,145.0,20.727195739746094,0.5975331664085388,,1.0,1.0,1.0,,core,,,False
344,172.629901,-43.601387,cleared_pine,6,valid,main,excluded — few & scattered (19),1570129.697378012,5172332.145064369,151,65,0.037709999829530716,0.07106749713420868,0.058912500739097595,0.3485425114631653,0.14548249542713165,0.08349750190973282,,,,,,,0.6134732961654663,,,0.7108269333839417,0.4110318422317505,-0.30789515376091003,,0.0,2.0,-172411.5,52337.5,201.0,12.933509826660156,0.8955707550048828,,1.0,1.0,1.0,,core,,,False
345,172.630651,-43.599171,cleared_pine,6,valid,main,excluded — few & scattered (19),1570189.135027396,5172578.523660035,153,57,0.04007500037550926,0.0642474964261055,0.06966499984264374,0.24761749804019928,0.12592999637126923,0.0792350023984909,,,,,,,0.5151635408401489,,,0.5608645081520081,0.3257617950439453,-0.1905646175146103,,0.0,2.0,-172419.5,52339.5,176.0,17.980863571166992,0.5967187881469727,,1.0,1.0,1.0,,core,,,False
346,172.627142,-43.602177,cleared_pine,6,valid,main,excluded — few & scattered (19),1569907.4149834497,5172243.411887325,144,68,0.03157750144600868,0.06157999858260155,0.0572349987924099,0.2246824949979782,0.10563500225543976,0.07197500020265579,,,,,,,0.5147603154182434,,,0.5939592123031616,0.36040323972702026,-0.22281870245933533,,0.0,2.0,-172408.5,52330.5,282.0,16.046018600463867,0.9595289826393127,,1.0,1.0,1.0,,core,,,False
347,172.632306,-43.600531,cleared_pine,6,valid,main,excluded — few & scattered (19),1570323.3817991654,5172428.074411309,158,62,0.03919500112533569,0.06515499949455261,0.06474249809980392,0.2634575068950653,0.15268750488758087,0.08806250244379044,0.048077501356601715,0.06897749751806259,0.07183749973773956,0.14157749712467194,0.12565499544143677,0.11322499811649323,0.4989616572856903,0.11127245426177979,304.0472717285156,0.6054692268371582,0.26618126034736633,-0.1638634204864502,2.0,1.0,2.0,-172414.5,52344.5,138.0,21.6837215423584,0.5682298541069031,0.0,1.0,1.0,1.0,0.0,core,,,False
348,172.627499,-43.601776,cleared_pine,6,valid,main,excluded — few & scattered (19),1569936.02804121,5172288.076257634,145,67,0.04002000018954277,0.06776750087738037,0.06647499650716782,0.23997250199317932,0.13954250514507294,0.09092249721288681,,,,,,,0.4504449963569641,,,0.566157341003418,0.26462721824645996,-0.15220880508422852,,0.0,2.0,-172409.5,52331.5,271.0,15.793689727783203,0.9073690176010132,,1.0,1.0,1.0,,core,,,False
350,172.627617,-43.601512,cleared_pine,6,valid,main,excluded — few & scattered (19),1569945.4202240764,5172317.438829655,145,66,0.05693250149488449,0.09268250316381454,0.0939750000834465,0.28174498677253723,0.1779875010251999,0.1261499971151352,,,,,,,0.38145846128463745,,,0.4997604489326477,0.225691020488739,-0.10925422608852386,,0.0,2.0,-172410.5,52331.5,263.0,14.966830253601074,0.8833190202713013,,1.0,1.0,1.0,,core,,,False
352,172.632337,-43.598794,cleared_pine,6,valid,main,excluded — few & scattered (19),1570325.0301281079,5172620.996881999,158,56,0.029157500714063644,0.050030000507831573,0.04439250007271767,0.22644250094890594,0.11022750288248062,0.07087499648332596,,,,,,,0.5232369303703308,,,0.6721804738044739,0.3451896607875824,-0.2461605966091156,,0.0,2.0,-172420.5,52344.5,112.0,25.94519805908203,0.5371406674385071,,1.0,1.0,1.0,,core,,,False
353,172.629945,-43.601076,cleared_pine,6,valid,main,excluded — few & scattered (19),1570133.0947279085,5172366.700584879,151,64,0.034630000591278076,0.06463249772787094,0.055832501500844955,0.3147450089454651,0.12851500511169434,0.07301999628543854,-0.034078750759363174,0.02180125005543232,0.025101250037550926,0.10815124958753586,0.15756875276565552,0.15021249651908875,0.6233801245689392,-0.16279856860637665,702.5368041992188,0.6986730098724365,0.4201371669769287,-0.3092009425163269,3.0,1.0,2.0,-172412.5,52337.5,197.0,6.573511123657227,0.7367613911628723,0.0,1.0,1.0,1.0,1.0,core,,,False
354,172.632775,-43.602354,cleared_pine,6,valid,main,excluded — few & scattered (19),1570362.1297750887,5172225.779202145,159,69,0.05715249851346016,0.08957500010728836,0.09380999952554703,0.2827349901199341,0.18145249783992767,0.11754249781370163,,,,,,,0.41269493103027344,,,0.5017328858375549,0.21819308400154114,-0.10505567491054535,,0.0,2.0,-172407.5,52345.5,211.0,32.76367950439453,0.9256842732429504,,1.0,1.0,1.0,,core,,,False
355,172.6324,-43.600186,cleared_pine,6,valid,main,excluded — few & scattered (19),1570330.7990227514,5172466.423723843,158,61,0.031165000051259995,0.052037499845027924,0.050085000693798065,0.2310349941253662,0.11215250194072723,0.066942498087883,0.04529999941587448,0.06441249698400497,0.06685999780893326,0.14270499348640442,0.11047500371932983,0.09664250165224075,0.5506875514984131,0.19245031476020813,274.5953063964844,0.6436753273010254,0.34640684723854065,-0.23551759123802185,2.0,1.0,2.0,-172415.5,52344.5,131.0,21.560405731201172,0.5084075927734375,0.0,1.0,1.0,1.0,0.0,core,,,False
206,172.624298,-43.636207,bare_rock,5,train,main,excluded — too few (7),1569694.9782048787,5168462.989443116,137,194,0.03641749918460846,0.06606250256299973,0.05973749980330467,0.3248099982738495,0.15777499973773956,0.08374500274658203,0.03573000058531761,0.05580500140786171,0.05613499879837036,0.17633749544620514,0.1351425051689148,0.10371000319719315,0.5900429487228394,0.25933992862701416,247.0610809326172,0.6893101334571838,0.3461255431175232,-0.2483239471912384,1.0,1.0,2.0,-172282.5,52323.5,496.0,38.87098693847656,-0.17153300344944,0.0,1.0,0.6235294342041016,1.0,0.0,edge,,,False
208,172.623876,-43.636305,bare_rock,5,train,main,excluded — too few (7),1569660.98795751,5168451.951365244,136,195,,,,,,,,,,,,,,,,,,,,,,,,,,,,,,,,outside_aoi,,,False
212,172.649325,-43.606879,bare_rock,5,train,main,excluded — too few (7),1571699.9637453556,5171729.002947328,203,86,,,,,,,,,,,,,,,,,,,,,,,,,,,,,,,,outside_raster,,,False
213,172.650354,-43.606873,bare_rock,5,train,main,excluded — too few (7),1571783.0029469936,5171730.019344224,206,85,,,,,,,,,,,,,,,,,,,,,,,,,,,,,,,,outside_raster,,,False
207,172.623802,-43.636322,bare_rock,5,valid,main,excluded — too few (7),1569655.0275007703,5168450.036288103,135,195,,,,,,,,,,,,,,,,,,,,,,,,,,,,,,,,outside_aoi,,,False
211,172.649758,-43.607024,bare_rock,5,valid,main,excluded — too few (7),1571734.9754591654,5171713.0466327,205,86,,,,,,,,,,,,,,,,,,,,,,,,,,,,,,,,outside_raster,,,False
215,172.650229,-43.607098,bare_rock,5,valid,main,excluded — too few (7),1571773.0204525688,5171704.988325205,206,86,,,,,,,,,,,,,,,,,,,,,,,,,,,,,,,,outside_raster,,,False
