OID,FuelClass,class_id,split,PortHills2017_stack_pre_B2,PortHills2017_stack_pre_B3,PortHills2017_stack_pre_B4,PortHills2017_stack_pre_B5,PortHills2017_stack_pre_B6,PortHills2017_stack_pre_B7,PortHills2017_stack_post_B2,PortHills2017_stack_post_B3,PortHills2017_stack_post_B4,PortHills2017_stack_post_B5,PortHills2017_stack_post_B6,PortHills2017_stack_post_B7,PortHills2017_stack_NBR_pre,PortHills2017_stack_NBR_post,PortHills2017_stack_dNBR,PortHills2017_stack_NDVI,PortHills2017_stack_BSI,PortHills2017_stack_severity,PortHills2017_stack_valid_data,PortHills2017_stack_elev,PortHills2017_stack_slope,PortHills2017_stack_northness,source
1,pasture,1,train,0.04488750174641609,0.07489000260829926,0.08910749852657318,0.35679250955581665,0.24934999644756317,0.13156749308109283,0.05107500031590462,0.08087124675512314,0.07829999923706055,0.1803937554359436,0.18480749428272247,0.15997500717639923,0.46118640899658203,0.059990085661411285,280.73675537109375,0.6003251671791077,-0.08541993796825409,2.0,1.0,85.0,20.666749954223633,0.5578949451446533,original_202
2,pasture,1,valid,0.052697498351335526,0.0852850005030632,0.10819250345230103,0.3480199873447418,0.2609274983406067,0.12961499392986298,0.05654750019311905,0.06438499689102173,0.06329874694347382,0.12212125211954117,0.15142250061035156,0.15188999474048615,0.45726338028907776,-0.10864061117172241,445.44439697265625,0.5256925225257874,-0.04104437679052353,2.0,1.0,74.0,29.690284729003906,0.5678273439407349,original_202
3,pasture,1,train,0.03157750144600868,0.05954499915242195,0.06160749867558479,0.37716999650001526,0.1778775006532669,0.08855749666690826,0.04488750174641609,0.059654999524354935,0.06565000116825104,0.13373999297618866,0.14650000631809235,0.13357500731945038,0.6197025179862976,0.0006172492867335677,498.62567138671875,0.7191857099533081,-0.26111388206481934,2.0,1.0,133.0,8.942805290222168,-0.10287006944417953,original_202
4,pasture,1,train,0.05781250074505806,0.0987050011754036,0.12595750391483307,0.38946250081062317,0.2911224961280823,0.1555200070142746,0.051569998264312744,0.05618999898433685,0.060397498309612274,0.09477250277996063,0.13558250665664673,0.14691250026226044,0.4292660653591156,-0.21573536098003387,524.5418701171875,0.5112432837486267,-0.03493356332182884,2.0,1.0,160.0,12.829142570495605,0.9951671361923218,original_202
6,pasture,1,train,0.039992500096559525,0.07189249992370605,0.08470749855041504,0.3545374870300293,0.21214249730110168,0.10299500077962875,0.036912500858306885,0.052862498909235,0.05973749980330467,0.1304125040769577,0.14028500020503998,0.12158499658107758,0.5497806072235107,0.03503010794520378,394.2909240722656,0.6143040657043457,-0.14128264784812927,2.0,1.0,32.0,5.283116340637207,0.8752986192703247,original_202
9,pasture,1,valid,0.05355000123381615,0.08861249685287476,0.08847499638795853,0.32010748982429504,0.22561749815940857,0.13247500360012054,0.017937500029802322,0.0428524985909462,0.027562500908970833,0.17413750290870667,0.10417749732732773,0.06265249848365784,0.41458186507225037,0.47081801295280457,-176.69573974609375,0.566917359828949,-0.08660850673913956,0.0,1.0,201.0,16.418333053588867,-0.16480927169322968,original_202
10,pasture,1,valid,0.037558749318122864,0.07355625182390213,0.0725800022482872,0.3476487398147583,0.2340324968099594,0.12588874995708466,0.06628250330686569,0.08402000367641449,0.0963675007224083,0.1645675003528595,0.2403849959373474,0.23496749997138977,0.4683050513267517,-0.1762048453092575,524.05029296875,0.6545690894126892,-0.11360614001750946,2.0,1.0,119.0,12.639369010925293,-0.0721868947148323,original_202
11,pasture,1,train,0.04670250043272972,0.07467000186443329,0.10145500302314758,0.4161374866962433,0.22388499975204468,0.1080550029873848,0.05319250002503395,0.09961249679327011,0.09545999765396118,0.21069875359535217,0.1908162534236908,0.1721162497997284,0.5877277851104736,0.10078628361225128,366.4819030761719,0.6079734563827515,-0.174452543258667,2.0,1.0,162.0,8.471453666687012,0.43474116921424866,original_202
13,pasture,1,valid,0.04376000165939331,0.08080250024795532,0.0863574966788292,0.3611375093460083,0.2524299919605255,0.13129250705242157,0.05095124989748001,0.08139374852180481,0.09200874716043472,0.17987124621868134,0.19727875292301178,0.15777499973773956,0.4667567014694214,0.06544201076030731,280.8551025390625,0.6140403747558594,-0.08889516443014145,2.0,1.0,241.0,14.139426231384277,0.9638856053352356,original_202
16,pasture,1,train,0.059462498873472214,0.09878750145435333,0.1277174949645996,0.3912774920463562,0.3167800009250641,0.1648699939250946,0.07996375113725662,0.12469249963760376,0.12444499880075455,0.2689025104045868,0.24226875603199005,0.2086775004863739,0.40709972381591797,0.12610453367233276,160.53561401367188,0.507827639579773,-0.0069730100221931934,1.0,1.0,166.0,18.548614501953125,0.9166374206542969,original_202
17,pasture,1,train,0.04109250009059906,0.06114000082015991,0.057702500373125076,0.29739248752593994,0.15202750265598297,0.09202250093221664,0.038314998149871826,0.0518449991941452,0.047554999589920044,0.19630250334739685,0.13954250514507294,0.09284750372171402,0.5273808240890503,0.3577900826931,49.13114929199219,0.6750024557113647,-0.23486223816871643,0.0,1.0,197.0,4.799789905548096,0.9639174342155457,original_202
18,pasture,1,train,0.033502500504255295,0.0686199963092804,0.07681500166654587,0.3345724940299988,0.1752375066280365,0.0886949971318245,0.03941499814391136,0.053962498903274536,0.06691499799489975,0.12433499842882156,0.12881749868392944,0.10684499889612198,0.5809033513069153,0.07565533369779587,384.78839111328125,0.6265564560890198,-0.187094584107399,2.0,1.0,99.0,15.53624153137207,-0.4658253490924835,original_202
19,pasture,1,train,0.031824998557567596,0.06028750166296959,0.049205001443624496,0.3568750023841858,0.1776849925518036,0.09386499971151352,0.05929749831557274,0.08003249764442444,0.08539500087499619,0.19649499654769897,0.16621750593185425,0.1425675004720688,0.5835071206092834,0.15904885530471802,303.9986877441406,0.7576586008071899,-0.2628535330295563,2.0,1.0,40.0,12.236007690429688,0.3732213079929352,original_202
20,pasture,1,train,0.045547500252723694,0.08027999848127365,0.09752249717712402,0.3975200057029724,0.22119000554084778,0.11930249631404877,0.09250374883413315,0.11220750212669373,0.10797250270843506,0.2131187468767166,0.19769124686717987,0.1801462471485138,0.5383231043815613,0.08384295552968979,334.02056884765625,0.6060035228729248,-0.1632426679134369,2.0,1.0,116.0,9.609990119934082,0.38242587447166443,original_202
23,pasture,1,train,0.05883000046014786,0.09119749814271927,0.10890749841928482,0.3218950033187866,0.23064999282360077,0.12865249812602997,0.05412749946117401,0.08855749666690826,0.08857125043869019,0.22990749776363373,0.1917787492275238,0.1432412564754486,0.4289059340953827,0.23225657641887665,76.18977355957031,0.4943970739841461,-0.05715465918183327,0.0,1.0,170.0,7.856057167053223,0.23463965952396393,original_202
25,pasture,1,train,0.031027499586343765,0.061016250401735306,0.058871250599622726,0.36159124970436096,0.18831375241279602,0.09148625284433365,0.04191749915480614,0.05121250078082085,0.05420999974012375,0.08998750150203705,0.0993650034070015,0.10569000244140625,0.5961562991142273,-0.08024683594703674,555.9435424804688,0.7199690937995911,-0.2273099422454834,2.0,1.0,469.0,11.273324966430664,0.9745035171508789,original_202
26,pasture,1,valid,0.039717499166727066,0.062130000442266464,0.06584250181913376,0.32491999864578247,0.20295749604701996,0.10057500004768372,0.047651249915361404,0.05415499955415726,0.0540587492287159,0.10096000134944916,0.12847374379634857,0.12770375609397888,0.5272564888000488,-0.1169566661119461,523.7535400390625,0.663004994392395,-0.15129747986793518,2.0,1.0,62.0,28.72872543334961,0.6792454123497009,original_202
27,pasture,1,train,0.04967249929904938,0.07497250288724899,0.09180250018835068,0.2663725018501282,0.2620824873447418,0.15469500422477722,0.0441724993288517,0.07147999852895737,0.07454624772071838,0.171827495098114,0.16432000696659088,0.1276487559080124,0.2652246952056885,0.147520050406456,-2.75494122505188,0.48738744854927063,0.05648351460695267,0.0,1.0,270.0,10.302712440490723,0.17810317873954773,original_202
29,pasture,1,train,0.0456712506711483,0.08556000143289566,0.09843000024557114,0.40097126364707947,0.24441374838352203,0.13261249661445618,0.01656249910593033,0.044901251792907715,0.0510062500834465,0.1617487519979477,0.15693624317646027,0.10229375213384628,0.5029364824295044,0.22517208755016327,157.30484008789062,0.6058079600334167,-0.13147632777690887,1.0,1.0,249.0,6.732308387756348,0.8227952122688293,original_202
30,pasture,1,train,0.04917750135064125,0.07251124829053879,0.08228749781847,0.250986248254776,0.18575625121593475,0.12254749983549118,0.02162249945104122,0.04395249858498573,0.043127499520778656,0.11292249709367752,0.10634999722242355,0.08748500049114227,0.34384778141975403,0.1269288808107376,96.45930480957031,0.5061867237091064,-0.05652864649891853,0.0,1.0,190.0,0.9274099469184875,1.0,original_202
31,pasture,1,valid,0.047609999775886536,0.07849249988794327,0.106734998524189,0.3503299951553345,0.22226250171661377,0.10981500148773193,0.04967249929904938,0.06943125277757645,0.06254249811172485,0.1835012435913086,0.146417498588562,0.12018249928951263,0.522693932056427,0.20850226283073425,193.73207092285156,0.5329548120498657,-0.0948396548628807,1.0,1.0,201.0,10.174179077148438,0.9922117590904236,original_202
32,pasture,1,valid,0.051954999566078186,0.08880499750375748,0.11748749762773514,0.36512500047683716,0.26612499356269836,0.13934999704360962,0.05221625044941902,0.06849624961614609,0.06382124871015549,0.16603875160217285,0.15099625289440155,0.12631499767303467,0.44754448533058167,0.1358756273984909,191.20925903320312,0.5131186842918396,-0.041798193007707596,1.0,1.0,202.0,10.174179077148438,0.9922117590904236,original_202
33,pasture,1,train,0.03365375101566315,0.06822124868631363,0.06578750163316727,0.4276599884033203,0.2035900056362152,0.10267875343561172,0.06100250035524368,0.08910749852657318,0.10335250198841095,0.2642275094985962,0.24173249304294586,0.1522199958562851,0.6127805113792419,0.2689594626426697,223.3614501953125,0.7333556413650513,-0.2626776397228241,1.0,1.0,428.0,5.283292293548584,0.8752692937850952,original_202
34,pasture,1,valid,0.047279998660087585,0.08932749927043915,0.08891499787569046,0.4153675138950348,0.3023425042629242,0.1739725023508072,0.06548500061035156,0.10423249751329422,0.11223500221967697,0.33382999897003174,0.282432496547699,0.1729550063610077,0.40960225462913513,0.31744229793548584,-28.299633026123047,0.6473603844642639,-0.08360414952039719,0.0,1.0,309.0,2.7228498458862305,0.34037595987319946,original_202
38,pasture,1,train,0.02698500081896782,0.0538799986243248,0.04873749986290932,0.2566649913787842,0.1452074944972992,0.07178249955177307,0.03823250159621239,0.06345000118017197,0.06534750014543533,0.1123725026845932,0.10360000282526016,0.08567000180482864,0.5628981590270996,0.13483217358589172,307.6064147949219,0.6808310151100159,-0.1878264993429184,2.0,1.0,398.0,28.386980056762695,0.11981969326734543,original_202
39,pasture,1,train,0.05869249999523163,0.09980499744415283,0.1271674931049347,0.3804149925708771,0.2992900013923645,0.1571425050497055,0.05627249926328659,0.058582499623298645,0.06342250108718872,0.09471750259399414,0.1344275027513504,0.14721499383449554,0.41534626483917236,-0.2169923484325409,511.8790283203125,0.4989287555217743,-0.014614731073379517,2.0,1.0,154.0,11.948966026306152,0.9944015741348267,original_202
40,pasture,1,train,0.031247500330209732,0.06672249734401703,0.0578950010240078,0.39281749725341797,0.20320500433444977,0.10854999721050262,0.06047999858856201,0.08759500086307526,0.10280250012874603,0.2506974935531616,0.24057750403881073,0.15532749891281128,0.5669842958450317,0.2348870187997818,211.6376953125,0.7430956363677979,-0.23784781992435455,1.0,1.0,430.0,4.49961519241333,0.8228111863136292,original_202
41,pasture,1,train,0.03846624866127968,0.07068250328302383,0.07369375228881836,0.3415987491607666,0.21175749599933624,0.1115887463092804,0.057179998606443405,0.0809675008058548,0.09444250166416168,0.20581750571727753,0.20251749455928802,0.1390475034713745,0.5075382590293884,0.1936119943857193,193.46669006347656,0.6450995206832886,-0.14216594398021698,1.0,1.0,355.0,6.301095008850098,0.5864052176475525,original_202
44,pasture,1,valid,0.04142250120639801,0.07299250364303589,0.0789875015616417,0.2910124957561493,0.21552500128746033,0.12890000641345978,0.07968875020742416,0.10926499962806702,0.11792749911546707,0.24983124434947968,0.2209562510251999,0.1731337457895279,0.3860625624656677,0.18133297562599182,84.27001190185547,0.5730405449867249,-0.060487519949674606,0.0,1.0,188.0,12.829111099243164,-0.9951696991920471,original_202
45,pasture,1,valid,0.03366750106215477,0.060397498309612274,0.059187501668930054,0.33000749349594116,0.16572250425815582,0.0929574966430664,0.04337500035762787,0.07528875023126602,0.08225999772548676,0.2053775042295456,0.20085375010967255,0.18425750732421875,0.5604482889175415,0.05420457571744919,385.7840881347656,0.6958465576171875,-0.23576034605503082,2.0,1.0,51.0,21.779264450073242,0.44566312432289124,original_202
46,pasture,1,train,0.05401749908924103,0.0919400006532669,0.12048500031232834,0.3480750024318695,0.24071499705314636,0.12370249629020691,0.03977249935269356,0.04563000053167343,0.04766499996185303,0.07332249730825424,0.09567999839782715,0.11006250232458115,0.47558966279029846,-0.2003435343503952,555.4736328125,0.48572221398353577,-0.05357382819056511,2.0,1.0,119.0,13.692830085754395,0.9301745295524597,original_202
47,pasture,1,valid,0.051762498915195465,0.08495499938726425,0.10547000169754028,0.35756251215934753,0.2376900017261505,0.12408749759197235,0.044667501002550125,0.05547500029206276,0.05715249851346016,0.13852499425411224,0.1642100065946579,0.12483000010251999,0.4847399592399597,0.05200204998254776,312.2783203125,0.5444380044937134,-0.0879286602139473,2.0,1.0,163.0,2.252946138381958,-0.8229338526725769,original_202
48,pasture,1,valid,0.024963749572634697,0.050181251019239426,0.044942498207092285,0.32635000348091125,0.12822625041007996,0.06598000228404999,0.016356250271201134,0.02540374919772148,0.02380874939262867,0.06076874956488609,0.06631000339984894,0.05812875181436539,0.6636505126953125,0.022203998640179634,520.9868774414062,0.7579132318496704,-0.33965861797332764,2.0,1.0,242.0,14.182428359985352,-0.8967846632003784,original_202
49,pasture,1,train,0.04909500107169151,0.07568749785423279,0.1050025001168251,0.3155424892902374,0.25988250970840454,0.13297000527381897,0.046111248433589935,0.08135250210762024,0.0821087509393692,0.21199125051498413,0.17808374762535095,0.14280125498771667,0.40706223249435425,0.19501540064811707,91.58724212646484,0.500636100769043,0.0003392630023881793,0.0,1.0,88.0,18.263221740722656,0.7357934713363647,original_202
50,pasture,1,train,0.04719749838113785,0.07868500053882599,0.10252749919891357,0.31441500782966614,0.22091500461101532,0.12054000049829483,0.04769250005483627,0.0731162503361702,0.0687437504529953,0.19451500475406647,0.18473875522613525,0.1425675004720688,0.44573575258255005,0.1541091501712799,171.16702270507812,0.5081935524940491,-0.05571815371513367,1.0,1.0,158.0,8.903410911560059,0.5166634917259216,original_202
52,gorse_broom,2,train,0.02879999950528145,0.054705001413822174,0.0608924999833107,0.3393850028514862,0.1618725061416626,0.08242499828338623,0.047005001455545425,0.07469750195741653,0.08242499828338623,0.15920500457286835,0.14116500318050385,0.11561749875545502,0.609184205532074,0.15860237181186676,330.12225341796875,0.6957485675811768,-0.24607834219932556,2.0,1.0,305.0,6.945517063140869,-0.9301832318305969,original_202
53,gorse_broom,2,train,0.03402499854564667,0.0595724992454052,0.05415499955415726,0.3328950107097626,0.1849450021982193,0.09018000215291977,0.07178249955177307,0.07560499757528305,0.08203999698162079,0.12254749983549118,0.19396500289440155,0.2316949963569641,0.5736926198005676,-0.3081152141094208,761.3482055664062,0.7201653718948364,-0.210917130112648,3.0,1.0,107.0,24.321697235107422,0.8953942060470581,original_202
54,gorse_broom,2,train,0.02217249944806099,0.06061749905347824,0.03167375177145004,0.4939762353897095,0.1609787493944168,0.061854999512434006,0.03589500114321709,0.049150001257658005,0.058115001767873764,0.1585174947977066,0.13998250663280487,0.10412249714136124,0.7774324417114258,0.20710858702659607,449.8642578125,0.8794872760772705,-0.4563990831375122,2.0,1.0,439.0,30.62241554260254,0.3281712234020233,original_202
55,gorse_broom,2,train,0.028139999136328697,0.05085499957203865,0.039813749492168427,0.32904499769210815,0.16286249458789825,0.08172374963760376,0.01675499975681305,0.027163749560713768,0.027713749557733536,0.051858749240636826,0.09206374734640121,0.10661125183105469,0.6020936369895935,-0.34550702571868896,827.1410522460938,0.7841246724128723,-0.27597686648368835,3.0,1.0,265.0,14.696085929870605,0.8023767471313477,original_202
57,gorse_broom,2,train,0.025362500920891762,0.059613749384880066,0.03973124921321869,0.4436512589454651,0.1755400002002716,0.07394125312566757,0.04840749874711037,0.05759250000119209,0.06779500097036362,0.11077749729156494,0.13151249289512634,0.11784499883651733,0.7142877578735352,-0.030913405120372772,624.7415771484375,0.8356115221977234,-0.3708140552043915,2.0,1.0,347.0,32.97481155395508,0.024950988590717316,original_202
58,gorse_broom,2,train,0.04212374985218048,0.0706000030040741,0.07758499681949615,0.36757248640060425,0.2360675036907196,0.1307699978351593,0.056382499635219574,0.07807999849319458,0.08663249760866165,0.15573999285697937,0.16335749626159668,0.14858999848365784,0.4751802086830139,0.023494232445955276,331.2264099121094,0.6514267325401306,-0.13277654349803925,2.0,1.0,241.0,34.36441421508789,0.8522341251373291,original_202
60,gorse_broom,2,train,0.01755250059068203,0.03353000059723854,0.023189999163150787,0.23614999651908875,0.09851250052452087,0.04164249822497368,0.033461250364780426,0.0578950010240078,0.052889999002218246,0.19329124689102173,0.11552125215530396,0.08531250059604645,0.7001898884773254,0.3875710666179657,192.15924072265625,0.8211613893508911,-0.35162025690078735,1.0,1.0,290.0,19.855396270751953,-0.13448168337345123,original_202
61,gorse_broom,2,valid,0.03216874971985817,0.05602499842643738,0.05206499993801117,0.3317125141620636,0.18145249783992767,0.08964374661445618,0.16132250428199768,0.17540250718593597,0.18013249337673187,0.23038874566555023,0.2994549870491028,0.32042375206947327,0.5744990110397339,-0.16345852613449097,617.4979248046875,0.7286708950996399,-0.21821898221969604,2.0,1.0,181.0,17.567747116088867,0.8692127466201782,original_202
62,gorse_broom,2,train,0.023781249299645424,0.05796375125646591,0.03474000096321106,0.46203500032424927,0.1594800055027008,0.06450875103473663,0.036307498812675476,0.05124000087380409,0.060177501291036606,0.1498274952173233,0.13627000153064728,0.09722000360488892,0.7549728751182556,0.2129448801279068,421.56842041015625,0.8601378798484802,-0.4287951588630676,2.0,1.0,352.0,29.631898880004883,-0.4268808960914612,original_202
63,gorse_broom,2,train,0.04964499920606613,0.08327750116586685,0.09963999688625336,0.2953299880027771,0.2942574918270111,0.17482499778270721,0.0498649999499321,0.07462874799966812,0.0774337500333786,0.19905249774456024,0.1872825026512146,0.12427999824285507,0.2563090920448303,0.23125575482845306,-95.40625,0.4954553544521332,0.06621237099170685,0.0,1.0,224.0,18.29547882080078,0.9792051315307617,original_202
64,gorse_broom,2,train,0.026998750865459442,0.05074499920010567,0.038878750056028366,0.3555000126361847,0.14732499420642853,0.06930749863386154,0.06471499800682068,0.07136999815702438,0.07846499979496002,0.10736750066280365,0.1599474996328354,0.19325000047683716,0.6736992597579956,-0.2856869697570801,838.9266357421875,0.8028354644775391,-0.34516289830207825,3.0,1.0,261.0,18.295654296875,0.9791950583457947,original_202
65,gorse_broom,2,train,0.046509999781847,0.0783962532877922,0.08208125084638596,0.3136174976825714,0.2512887418270111,0.1397075057029724,0.05799125134944916,0.09114249795675278,0.08727875351905823,0.2179725021123886,0.1902800053358078,0.14519375562667847,0.3836320638656616,0.20040063560009003,62.77181625366211,0.5851326584815979,-0.038583412766456604,0.0,1.0,179.0,12.595151901245117,0.4346923232078552,original_202
66,gorse_broom,2,train,0.04912250116467476,0.08737500011920929,0.09928250312805176,0.3243424892425537,0.30195748805999756,0.18197500705718994,0.03509749844670296,0.059324998408555984,0.06103000044822693,0.19260375201702118,0.17312000691890717,0.10852249711751938,0.28118225932121277,0.2792225778102875,-118.49991607666016,0.531271755695343,0.03585235774517059,0.0,1.0,166.0,10.302170753479004,0.17811273038387299,original_202
67,gorse_broom,2,train,0.015985000878572464,0.03319999948143959,0.02175999991595745,0.2418700009584427,0.09191250056028366,0.03856249898672104,0.014417500235140324,0.03204499930143356,0.023520000278949738,0.20589999854564667,0.083965003490448,0.03944249823689461,0.7249783873558044,0.6784698963165283,-73.95110321044922,0.8349201679229736,-0.38808029890060425,0.0,1.0,355.0,20.573646545410156,-0.3018895983695984,original_202
68,gorse_broom,2,train,0.030697500333189964,0.0598750002682209,0.04980999976396561,0.37950751185417175,0.16170750558376312,0.08124250173568726,0.05616249889135361,0.05902250111103058,0.06845500320196152,0.10051999986171722,0.13967999815940857,0.1589300036430359,0.6473467350006104,-0.2251300811767578,752.0172119140625,0.7679572701454163,-0.31957584619522095,3.0,1.0,263.0,18.09897232055664,0.9905911684036255,original_202
70,gorse_broom,2,valid,0.025994999334216118,0.05561250075697899,0.04066624864935875,0.402415007352829,0.16293124854564667,0.07266250252723694,0.04843499884009361,0.05874750018119812,0.06356000155210495,0.10651499778032303,0.1361600011587143,0.13450999557971954,0.6941025257110596,-0.11614977568387985,689.792724609375,0.8164388537406921,-0.35571175813674927,3.0,1.0,372.0,11.202692985534668,0.7356064915657043,original_202
72,gorse_broom,2,valid,0.024125000461935997,0.03957999870181084,0.04215124994516373,0.15590499341487885,0.15536874532699585,0.08327750116586685,0.04100999981164932,0.050882499665021896,0.05547500029206276,0.08676999807357788,0.10244499891996384,0.10593750327825546,0.3036488890647888,-0.09946421533823013,282.65350341796875,0.5743507146835327,0.046324990689754486,2.0,1.0,352.0,16.407257080078125,0.5497562289237976,original_202
73,gorse_broom,2,valid,0.024716250598430634,0.04253625124692917,0.03581250086426735,0.27378374338150024,0.1350325047969818,0.06860624998807907,-0.09635250270366669,-0.027822500094771385,-0.033900000154972076,0.04565750062465668,0.15970000624656677,0.17114000022411346,0.599250853061676,-0.5788004994392395,1057.591796875,0.7686502933502197,-0.27198541164398193,3.0,1.0,152.0,18.490154266357422,0.6777091026306152,original_202
74,gorse_broom,2,train,0.03044999949634075,0.05496624857187271,0.05401749908924103,0.263691246509552,0.17635124921798706,0.08523000031709671,0.05212000012397766,0.0662275031208992,0.07434000074863434,0.11831250041723251,0.21912750601768494,0.26546499133110046,0.5114656686782837,-0.3834317922592163,774.4379272460938,0.6599558591842651,-0.12158490717411041,3.0,1.0,150.0,8.424798011779785,0.6557761430740356,original_202
75,gorse_broom,2,valid,0.027370000258088112,0.04810500144958496,0.0501675009727478,0.26287999749183655,0.15002000331878662,0.07244250178337097,0.06097500026226044,0.0675475001335144,0.07252500206232071,0.11636000126600266,0.1461700052022934,0.16311000287532806,0.5679234266281128,-0.16728092730045319,614.7447509765625,0.6794895529747009,-0.18363705277442932,2.0,1.0,165.0,20.427518844604492,0.4346369504928589,original_202
76,gorse_broom,2,train,0.02858000062406063,0.061799999326467514,0.056286249309778214,0.361371248960495,0.18929000198841095,0.09299875050783157,0.031550001353025436,0.05632749944925308,0.0532200001180172,0.3112249970436096,0.15026749670505524,0.08297500014305115,0.5906475186347961,0.5790207982063293,-108.83290100097656,0.7304669618606567,-0.22717349231243134,0.0,1.0,447.0,6.87891960144043,0.6709122061729431,original_202
82,gorse_broom,2,train,0.028030000627040863,0.05000250041484833,0.04282499849796295,0.33965998888015747,0.14853499829769135,0.07502750307321548,0.050030000507831573,0.08171000331640244,0.08102250099182129,0.20086750388145447,0.14999249577522278,0.13057750463485718,0.6381492018699646,0.21207138895988464,305.61822509765625,0.7760696411132812,-0.3154100775718689,2.0,1.0,247.0,19.499502182006836,0.8228541612625122,original_202
83,gorse_broom,2,train,0.022433750331401825,0.04058374837040901,0.04628999903798103,0.16987499594688416,0.11912374943494797,0.06083749979734421,0.009440000168979168,0.024523749947547913,0.020811250433325768,0.04990625008940697,0.07106749713420868,0.07765375077724457,0.47261202335357666,-0.21752507984638214,569.677490234375,0.5717160701751709,-0.07518397271633148,2.0,1.0,382.0,15.657796859741211,-0.28876546025276184,original_202
85,gorse_broom,2,valid,0.026297500357031822,0.0540587492287159,0.041491251438856125,0.3674899935722351,0.14387375116348267,0.06769874691963196,0.0088900001719594,0.029789999127388,0.028456250205636024,0.06116750091314316,0.09478624910116196,0.10537374764680862,0.6888763904571533,-0.2654372453689575,833.85400390625,0.7970994710922241,-0.35987499356269836,3.0,1.0,303.0,14.182218551635742,0.8967984914779663,original_202
86,gorse_broom,2,valid,0.02871749922633171,0.053302500396966934,0.041120000183582306,0.3264324963092804,0.15235750377178192,0.07967499643564224,0.10083624720573425,0.11814749985933304,0.12196999788284302,0.17107124626636505,0.2575312554836273,0.28314751386642456,0.6076161861419678,-0.24674509465694427,733.9017333984375,0.7762496471405029,-0.29468536376953125,3.0,1.0,247.0,20.168636322021484,0.7932870388031006,original_202
87,gorse_broom,2,valid,0.020935000851750374,0.03713250160217285,0.029075000435113907,0.17878499627113342,0.1120700016617775,0.05808750167489052,0.026159999892115593,0.03944249823689461,0.04244000092148781,0.08303000032901764,0.09114249795675278,0.08976750075817108,0.5095462799072266,-0.038990724831819534,428.0774230957031,0.7202444076538086,-0.17184223234653473,2.0,1.0,58.0,25.476585388183594,-0.16987045109272003,original_202
88,gorse_broom,2,train,0.028827499598264694,0.06272125244140625,0.04563000053167343,0.4298187494277954,0.1911187469959259,0.08036249876022339,0.04365000128746033,0.057702500373125076,0.06840000301599503,0.1200449988245964,0.13467499613761902,0.11575499922037125,0.6849648952484131,0.018193384632468224,546.3119506835938,0.80805504322052,-0.3190956115722656,2.0,1.0,294.0,30.79423713684082,0.4345831871032715,original_202
89,gorse_broom,2,train,0.015324999578297138,0.030780000612139702,0.021457500755786896,0.22556249797344208,0.08743000030517578,0.03743499889969826,0.015957500785589218,0.034437499940395355,0.027342500165104866,0.19844749569892883,0.08649499714374542,0.04244000092148781,0.7153204679489136,0.647636353969574,-52.775447845458984,0.8262691497802734,-0.3773854672908783,0.0,1.0,337.0,22.494905471801758,0.23454339802265167,original_202
90,gorse_broom,2,train,0.02433124929666519,0.05271124839782715,0.02772749960422516,0.5260137319564819,0.16590124368667603,0.06382124871015549,0.03501499816775322,0.05305499956011772,0.056341249495744705,0.10412249714136124,0.11580999940633774,0.10711999982595444,0.7835962772369385,-0.014189853332936764,677.3265380859375,0.8998539447784424,-0.4794742465019226,3.0,1.0,182.0,21.427183151245117,0.2474922388792038,original_202
91,gorse_broom,2,train,0.025788750499486923,0.05982000008225441,0.041395001113414764,0.46490874886512756,0.1833912432193756,0.07435374706983566,0.049617499113082886,0.059379998594522476,0.06930749863386154,0.10618499666452408,0.127360001206398,0.12392249703407288,0.7242391109466553,-0.0770835354924202,680.863037109375,0.8364815711975098,-0.37165239453315735,3.0,1.0,376.0,28.61150360107422,0.17805776000022888,original_202
92,gorse_broom,2,train,0.013977499678730965,0.029061250388622284,0.01731874980032444,0.2341424971818924,0.08693499863147736,0.03365375101566315,0.01601249910891056,0.03306249901652336,0.026215000078082085,0.1776300072669983,0.07362499833106995,0.04007500037550926,0.7486615180969238,0.631841242313385,-3.6393165588378906,0.8622550964355469,-0.4082774221897125,0.0,1.0,303.0,15.536883354187012,-0.4658051133155823,original_202
94,gorse_broom,2,train,0.02203500084578991,0.03927750140428543,0.03944249823689461,0.18777750432491302,0.12370249629020691,0.06383500248193741,0.02745250053703785,0.04334750026464462,0.04571250081062317,0.10321500152349472,0.08938249945640564,0.0662275031208992,0.49259278178215027,0.21828939020633698,153.8437957763672,0.6528254747390747,-0.12512819468975067,1.0,1.0,407.0,26.624038696289062,-0.19375431537628174,original_202
95,gorse_broom,2,valid,0.02926749922335148,0.060397498309612274,0.047885000705718994,0.41828250885009766,0.17017750442028046,0.08176500350236893,0.05217500030994415,0.05982000008225441,0.06339500099420547,0.08866749703884125,0.12430749833583832,0.1494700014591217,0.6729710698127747,-0.25532516837120056,807.836669921875,0.7945588231086731,-0.3447764217853546,3.0,1.0,257.0,15.505390167236328,0.8752484917640686,original_202
98,gorse_broom,2,train,0.03875499963760376,0.06815250217914581,0.0694037526845932,0.3613024950027466,0.2135862559080124,0.11425624787807465,0.04413124918937683,0.054705001413822174,0.05606624856591225,0.11816125363111496,0.14262250065803528,0.12146124988794327,0.5194863080978394,-0.013771661557257175,412.7983703613281,0.6777212023735046,-0.17138998210430145,2.0,1.0,149.0,15.253796577453613,-0.1780816614627838,original_202
99,gorse_broom,2,train,0.03842499852180481,0.059709999710321426,0.07681500166654587,0.2217400074005127,0.19660499691963196,0.10503000020980835,0.0011350000277161598,0.02772749960422516,0.029872499406337738,0.07084749639034271,0.10214249789714813,0.11058499664068222,0.3571625351905823,-0.21902084350585938,455.7237854003906,0.48542144894599915,0.02484140358865261,2.0,1.0,152.0,15.039934158325195,0.6627014875411987,original_202
100,gorse_broom,2,train,0.029253749176859856,0.05529624968767166,0.04865499958395958,0.40238749980926514,0.1797887533903122,0.08472125232219696,0.050964999943971634,0.07447750121355057,0.08160000294446945,0.1703149974346161,0.15656499564647675,0.1344825029373169,0.6521464586257935,0.11756166070699692,414.1252136230469,0.7842553853988647,-0.30783534049987793,2.0,1.0,272.0,24.575286865234375,0.9203346967697144,original_202
101,exotic_pine,3,train,0.036582499742507935,0.05911875143647194,0.06448125094175339,0.2774274945259094,0.1878187507390976,0.10460375249385834,0.05665750056505203,0.07178249955177307,0.0815725028514862,0.13989999890327454,0.1422100067138672,0.13109999895095825,0.4523811936378479,0.03247232362627983,299.44927978515625,0.6228160262107849,-0.108968585729599,2.0,1.0,288.0,25.370845794677734,0.9899493455886841,original_202
102,exotic_pine,3,valid,0.04216499999165535,0.07590749859809875,0.08586250245571136,0.2774825096130371,0.21082249283790588,0.13187000155448914,0.06372500211000443,0.08184749633073807,0.09290249645709991,0.15579499304294586,0.20169250667095184,0.20240749418735504,0.35571420192718506,-0.1301289051771164,365.3835144042969,0.5273775458335876,-0.03725667670369148,2.0,1.0,69.0,22.94062614440918,0.9943996667861938,original_202
103,exotic_pine,3,train,0.009976250119507313,0.015792500227689743,0.008752499707043171,0.16242249310016632,0.04138125106692314,0.01773124933242798,0.035881251096725464,0.0566987507045269,0.054196249693632126,0.14034000039100647,0.10366874933242798,0.08698999881744385,0.8031542301177979,0.23468086123466492,448.0137939453125,0.8977362513542175,-0.5494253635406494,2.0,1.0,220.0,27.373422622680664,-0.31264862418174744,original_202
105,exotic_pine,3,train,0.03984124958515167,0.06639250367879868,0.07073750346899033,0.25443750619888306,0.1855500042438507,0.1154249981045723,0.059379998594522476,0.07612749934196472,0.0839100033044815,0.19280999898910522,0.1459224969148636,0.11591999977827072,0.3758491277694702,0.24905256927013397,6.336970329284668,0.5649265646934509,-0.06900395452976227,0.0,1.0,356.0,11.273143768310547,0.9745196104049683,original_202
107,exotic_pine,3,valid,0.06581500172615051,0.09730249643325806,0.11627750098705292,0.3275600075721741,0.2834774851799011,0.17872999608516693,0.07673250138759613,0.09950249642133713,0.11256500333547592,0.16992999613285065,0.19074749946594238,0.1893724948167801,0.2939619719982147,-0.0541117861866951,227.61415100097656,0.4760357141494751,0.008044078946113586,1.0,1.0,191.0,22.48838233947754,0.5865473747253418,original_202
108,exotic_pine,3,valid,0.016259999945759773,0.025788750499486923,0.01638375036418438,0.2467924952507019,0.08099500089883804,0.03867249935865402,0.03608750179409981,0.05860999971628189,0.06383500248193741,0.1424575001001358,0.11028250306844711,0.0846249982714653,0.7290561199188232,0.2546761631965637,353.92034912109375,0.8754921555519104,-0.4596542418003082,2.0,1.0,159.0,21.735361099243164,0.9745225310325623,original_202
109,exotic_pine,3,valid,0.011777499690651894,0.019642500206828117,0.011942500248551369,0.1977050006389618,0.05591500177979469,0.02384999953210354,0.04758249968290329,0.07194750010967255,0.07772249728441238,0.17485250532627106,0.11182250082492828,0.07940000295639038,0.7847035527229309,0.37542402744293213,288.8199462890625,0.8860706686973572,-0.5106548070907593,2.0,1.0,364.0,6.377920627593994,-1.8369701465288538e-16,original_202
110,exotic_pine,3,train,0.010759999975562096,0.016975000500679016,0.010072500444948673,0.17633749544620514,0.05668500065803528,0.022804999724030495,0.021457500755786896,0.03440999984741211,0.029735000804066658,0.12964250147342682,0.0819849967956543,0.06405500322580338,0.7709680199623108,0.33860787749290466,311.9005432128906,0.8919317722320557,-0.4740501344203949,2.0,1.0,38.0,10.497037887573242,0.2620998024940491,original_202
111,exotic_pine,3,train,0.01661749929189682,0.0405149981379509,0.01868000067770481,0.3119949996471405,0.09689000248908997,0.04136750102043152,0.010924999602138996,0.01297375001013279,0.008642500266432762,0.058115001767873764,0.03777875006198883,0.026270000264048576,0.7658636569976807,0.3773775100708008,268.0265808105469,0.8870189785957336,-0.4796282947063446,1.0,1.0,198.0,17.333232879638672,-0.9336054921150208,original_202
112,exotic_pine,3,train,0.045547500252723694,0.07747499644756317,0.08531250059604645,0.3516499996185303,0.22091500461101532,0.13134750723838806,0.06698375195264816,0.08212249726057053,0.09108749777078629,0.16093750298023224,0.19054125249385834,0.17402750253677368,0.456115186214447,-0.03907870873808861,374.73431396484375,0.6095202565193176,-0.12932437658309937,2.0,1.0,100.0,25.13369369506836,0.5865740180015564,original_202
113,exotic_pine,3,train,0.020742500200867653,0.035509999841451645,0.027892500162124634,0.17540250718593597,0.1063774973154068,0.04978249967098236,0.07948250323534012,0.10027249902486801,0.09854000061750412,0.178289994597435,0.16234000027179718,0.1320350021123886,0.5578524470329285,0.1490534096956253,288.33941650390625,0.7255958318710327,-0.18726450204849243,2.0,1.0,46.0,21.60653305053711,-0.6130803823471069,original_202
115,exotic_pine,3,valid,0.010196249932050705,0.017002500593662262,0.010031250305473804,0.1838587522506714,0.053027499467134476,0.022048750892281532,0.020604999735951424,0.037985000759363174,0.03850749880075455,0.12227249890565872,0.06476999819278717,0.04450250044465065,0.7858383059501648,0.46631690859794617,199.0618133544922,0.8965263962745667,-0.509487509727478,1.0,1.0,168.0,30.39250373840332,-0.30359625816345215,original_202
118,exotic_pine,3,train,0.013716249726712704,0.02563749998807907,0.01862500049173832,0.22050249576568604,0.06941749900579453,0.03183874860405922,-0.012670000083744526,0.006579999811947346,0.0125749995931983,0.0745600014925003,0.07345999777317047,0.05993000045418739,0.7476532459259033,0.10878132283687592,518.4122924804688,0.8442253470420837,-0.45359548926353455,2.0,1.0,261.0,17.574270248413086,-0.15332983434200287,original_202
119,exotic_pine,3,train,0.01220375020056963,0.019670000299811363,0.012753750197589397,0.20671124756336212,0.0596962496638298,0.02507374994456768,0.03039499931037426,0.04826999828219414,0.049205001443624496,0.0900150015950203,0.08951999992132187,0.08509249985218048,0.7836464643478394,0.028111303225159645,635.0755615234375,0.8837741613388062,-0.5026856064796448,2.0,1.0,397.0,15.386483192443848,1.0,original_202
120,exotic_pine,3,train,0.010801250115036964,0.02043999917805195,0.014156250283122063,0.1838587522506714,0.061387501657009125,0.02688875049352646,0.03134375065565109,0.04131250083446503,0.04371875151991844,0.08147624880075455,0.09506125003099442,0.09035874903202057,0.7448249459266663,-0.05169203132390976,676.0574340820312,0.8570184111595154,-0.44083863496780396,3.0,1.0,214.0,22.182313919067383,0.15880779922008514,original_202
121,exotic_pine,3,train,0.017016250640153885,0.03179749846458435,0.018570000305771828,0.2747325003147125,0.087141253054142,0.0446537509560585,0.016589999198913574,0.026998750865459442,0.028841249644756317,0.10216999799013138,0.07312999665737152,0.05265624821186066,0.7203777432441711,0.31980204582214355,280.1161193847656,0.8733730316162109,-0.4680659770965576,2.0,1.0,101.0,18.565956115722656,0.9639139771461487,original_202
122,exotic_pine,3,train,0.017937500029802322,0.02764499932527542,0.01895499974489212,0.24291500449180603,0.08858499675989151,0.0394974984228611,0.059985000640153885,0.09056500345468521,0.09587249904870987,0.1909399926662445,0.1695999950170517,0.1467200070619583,0.7202850580215454,0.1309601366519928,468.8653259277344,0.8552334904670715,-0.41616618633270264,2.0,1.0,55.0,20.661035537719727,0.5580635070800781,original_202
123,exotic_pine,3,train,0.0284425001591444,0.04334750026464462,0.0522025004029274,0.16825249791145325,0.12876249849796295,0.07285500317811966,0.1166900023818016,0.13090750575065613,0.12840500473976135,0.182607501745224,0.2192925065755844,0.21217000484466553,0.3956637680530548,-0.07488395273685455,350.088134765625,0.5264112949371338,-0.04165121912956238,2.0,1.0,119.0,18.615833282470703,0.09611410647630692,original_202
124,exotic_pine,3,train,0.01620499975979328,0.02371250092983246,0.016644999384880066,0.22446249425411224,0.0742575004696846,0.03204499930143356,0.03308999910950661,0.050827499479055405,0.04837999865412712,0.13937750458717346,0.10904499888420105,0.0979899987578392,0.7501437664031982,0.17436043918132782,455.32373046875,0.8619288206100464,-0.4516844153404236,2.0,1.0,88.0,20.555679321289062,0.9928691983222961,original_202
126,exotic_pine,3,train,0.025362500920891762,0.04356750100851059,0.03832874819636345,0.26204124093055725,0.14028500020503998,0.06969249993562698,0.03427249938249588,0.05200999975204468,0.05143250152468681,0.16112999618053436,0.10547000169754028,0.08578000217676163,0.579828679561615,0.305171936750412,154.1971893310547,0.7447897791862488,-0.2334461659193039,1.0,1.0,254.0,24.6863956451416,0.7747687697410583,original_202
128,exotic_pine,3,train,0.02698500081896782,0.04576750099658966,0.04805000126361847,0.2420624941587448,0.13052250444889069,0.06674999743700027,0.01675499975681305,0.03160500153899193,0.024015000090003014,0.09656000137329102,0.08671499788761139,0.06699749827384949,0.5676988363265991,0.18074683845043182,266.492431640625,0.668749213218689,-0.20212456583976746,1.0,1.0,72.0,20.823020935058594,-0.04256308078765869,original_202
131,exotic_pine,3,train,0.01634250022470951,0.025225000455975533,0.017937500029802322,0.2500925064086914,0.08918999880552292,0.03726999834179878,0.030615000054240227,0.04696375131607056,0.05327500030398369,0.11884874850511551,0.1308249980211258,0.11205624788999557,0.7406063675880432,0.02941685914993286,590.7299194335938,0.8661530613899231,-0.4264547526836395,2.0,1.0,125.0,29.06717872619629,0.4659668803215027,original_202
132,exotic_pine,3,valid,0.04945249855518341,0.08968500047922134,0.09584499895572662,0.31369999051094055,0.23793749511241913,0.15334750711917877,0.07266250252723694,0.0997224971652031,0.12117250263690948,0.23609499633312225,0.2514125108718872,0.1947074979543686,0.34333232045173645,0.09607070684432983,126.80201721191406,0.5319439768791199,-0.042141664773225784,1.0,1.0,43.0,10.439099311828613,0.5271749496459961,original_202
136,exotic_pine,3,train,0.009536249563097954,0.01802000030875206,0.01113125029951334,0.21050624549388885,0.05674000084400177,0.022420000284910202,0.007982499897480011,0.02053624950349331,0.021044999361038208,0.11932999640703201,0.05983375012874603,0.039566248655319214,0.807492733001709,0.5019863843917847,185.04676818847656,0.899554431438446,-0.5285306572914124,1.0,1.0,265.0,9.04581356048584,-0.711755096912384,original_202
139,exotic_pine,3,train,0.008477499708533287,0.01557250041514635,0.009549999609589577,0.18750250339508057,0.04660625010728836,0.01815750077366829,0.023286249488592148,0.04616624861955643,0.047224998474121094,0.12792375683784485,0.09368625283241272,0.07847875356674194,0.8234221339225769,0.2395562082529068,463.4063415527344,0.9030715227127075,-0.5545563101768494,2.0,1.0,315.0,24.424436569213867,-0.46338921785354614,original_202
141,exotic_pine,3,train,0.009934999980032444,0.014527499675750732,0.011062500067055225,0.1552174985408783,0.049287501722574234,0.022007500752806664,0.021815000101923943,0.04255000129342079,0.039717499166727066,0.14292499423027039,0.066942498087883,0.046537499874830246,0.7516434192657471,0.5087418556213379,122.44196319580078,0.8669413328170776,-0.4647509455680847,1.0,1.0,204.0,17.574047088623047,0.1533319056034088,original_202
142,exotic_pine,3,valid,0.012079999782145023,0.021182499825954437,0.012959999963641167,0.23089750111103058,0.06103000044822693,0.026270000264048576,0.029212500900030136,0.0414775013923645,0.046812500804662704,0.16940750181674957,0.08924499899148941,0.057977501302957535,0.7956973314285278,0.49004992842674255,185.18785095214844,0.8937084078788757,-0.5331382751464844,1.0,1.0,329.0,7.801278591156006,0.9452320337295532,original_202
143,exotic_pine,3,train,0.01012749969959259,0.01881749927997589,0.012162500061094761,0.1705625057220459,0.05247750133275986,0.023135000839829445,-0.02303750067949295,0.014115000143647194,0.014527499675750732,0.1078762486577034,0.08239749819040298,0.07295124977827072,0.7611223459243774,0.19313986599445343,447.5229187011719,0.866876482963562,-0.4730363190174103,2.0,1.0,289.0,18.557971954345703,-0.04821795970201492,original_202
144,exotic_pine,3,train,0.01056750025600195,0.016122499480843544,0.008724999614059925,0.1694899946451187,0.04791250079870224,0.02043999917805195,0.0394974984228611,0.06507249921560287,0.06094750016927719,0.1712224930524826,0.12667250633239746,0.10651499778032303,0.7847627997398376,0.23298078775405884,431.3224182128906,0.9020845890045166,-0.5214305520057678,2.0,1.0,41.0,22.9111385345459,-0.3064083755016327,original_202
145,exotic_pine,3,valid,0.015036250464618206,0.024853749200701714,0.016920000314712524,0.24629749357700348,0.0863574966788292,0.03610125184059143,0.03748999908566475,0.06783624738454819,0.07260750234127045,0.21283000707626343,0.16152875125408173,0.13320374488830566,0.744324266910553,0.230111226439476,393.75347900390625,0.871437132358551,-0.433492511510849,2.0,1.0,111.0,23.381534576416016,0.18720416724681854,original_202
146,exotic_pine,3,valid,0.011529999785125256,0.01923000067472458,0.013784999959170818,0.23411500453948975,0.06515499949455261,0.027232499793171883,0.02758999913930893,0.05099250003695488,0.047472499310970306,0.24195249378681183,0.0879800021648407,0.059709999710321426,0.7915993332862854,0.6041271090507507,67.01258850097656,0.8887857794761658,-0.5135942697525024,0.0,1.0,312.0,18.54928970336914,0.9166015386581421,original_202
148,exotic_pine,3,train,0.014884999953210354,0.03328249976038933,0.022859999909996986,0.32687249779701233,0.10767000168561935,0.04516249895095825,0.023685000836849213,0.0454925000667572,0.04103749990463257,0.17749249935150146,0.0970275029540062,0.06691499799489975,0.7572137117385864,0.4524308741092682,184.32322692871094,0.8692715167999268,-0.44724348187446594,1.0,1.0,416.0,22.806350708007812,0.8469393253326416,original_202
151,broadleaf_scrub,4,valid,0.021815000101923943,0.05547500029206276,0.029762500897049904,0.5954924821853638,0.1748799979686737,0.06578750163316727,0.03713250160217285,0.06845500320196152,0.0619099996984005,0.3850899934768677,0.16184499859809875,0.09452500194311142,0.8010298013687134,0.605829656124115,74.74055480957031,0.9047988653182983,-0.5020560622215271,0.0,1.0,288.0,18.714542388916016,0.3822781443595886,original_202
152,broadleaf_scrub,4,valid,0.02908875048160553,0.055309999734163284,0.04708750173449516,0.36992374062538147,0.15836624801158905,0.07688374817371368,0.04241250082850456,0.04458500072360039,0.04758249968290329,0.07205750048160553,0.10360000282526016,0.11583749949932098,0.6558529138565063,-0.2330024689435959,768.3958129882812,0.7741667628288269,-0.32021433115005493,3.0,1.0,236.0,18.826642990112305,0.8071410059928894,original_202
153,broadleaf_scrub,4,train,0.026036249473690987,0.054622501134872437,0.03342000022530556,0.49008500576019287,0.1619962453842163,0.07416124641895294,0.04222000017762184,0.06243250146508217,0.06270749866962433,0.2328224927186966,0.14726999402046204,0.1136924996972084,0.7371315956115723,0.34379464387893677,272.87738037109375,0.872322142124176,-0.4507211446762085,2.0,1.0,339.0,15.434779167175293,0.9967150688171387,original_202
154,broadleaf_scrub,4,valid,0.02086625061929226,0.04510749876499176,0.02470250055193901,0.3938075006008148,0.12559999525547028,0.05206499993801117,0.01773124933242798,0.024166250601410866,0.024083750322461128,0.05724874883890152,0.07286874949932098,0.06369750201702118,0.7664579153060913,-0.053319141268730164,699.3174438476562,0.8819502592086792,-0.46793338656425476,3.0,1.0,176.0,19.690113067626953,-0.9499409198760986,original_202
155,broadleaf_scrub,4,train,0.027658749371767044,0.058348748832941055,0.043127499520778656,0.4528774917125702,0.1618725061416626,0.07101249694824219,0.02538999915122986,0.03526249900460243,0.03325499966740608,0.06087874993681908,0.11495749652385712,0.13552750647068024,0.7289029955863953,-0.3800731897354126,988.5166015625,0.8261005282402039,-0.4019280672073364,3.0,1.0,208.0,17.97964096069336,0.9976226687431335,original_202
157,broadleaf_scrub,4,valid,0.030326249077916145,0.06163499876856804,0.05440250039100647,0.44756999611854553,0.17573249340057373,0.08161374926567078,0.08436375111341476,0.10699625313282013,0.11391250044107437,0.1524675041437149,0.22554874420166016,0.23736000061035156,0.6915485262870789,-0.21776939928531647,788.8583374023438,0.7832450866699219,-0.3499298095703125,3.0,1.0,232.0,23.281431198120117,0.9781496524810791,original_202
158,broadleaf_scrub,4,valid,0.022585000842809677,0.04408999904990196,0.03321374952793121,0.3324824869632721,0.12152999639511108,0.05449875071644783,0.018982499837875366,0.021017499268054962,0.018006250262260437,0.03417624905705452,0.05313749983906746,0.05674000084400177,0.7183390855789185,-0.24818170070648193,846.0611572265625,0.8183533549308777,-0.3929370939731598,3.0,1.0,213.0,20.87371253967285,-0.764100193977356,original_202
159,broadleaf_scrub,4,train,0.017153749242424965,0.044708751142024994,0.022585000842809677,0.3392750024795532,0.10783500224351883,0.0420137494802475,0.017497500404715538,0.043209999799728394,0.027535000815987587,0.2847149968147278,0.0899600014090538,0.0428524985909462,0.7796223759651184,0.738359272480011,-79.19646453857422,0.8751727342605591,-0.4642278552055359,0.0,1.0,425.0,18.72486114501953,0.1432693898677826,original_202
162,broadleaf_scrub,4,valid,0.032058749347925186,0.05920125171542168,0.05342625081539154,0.3629937469959259,0.1649799942970276,0.08358000218868256,0.096670001745224,0.12880374491214752,0.1435987502336502,0.20792125165462494,0.2641175091266632,0.26095500588417053,0.6256833076477051,-0.11310820281505585,618.3319091796875,0.7434021234512329,-0.2879513204097748,2.0,1.0,228.0,24.81473159790039,0.8752475380897522,original_202
164,broadleaf_scrub,4,train,0.038782499730587006,0.056575000286102295,0.06600750237703323,0.24178749322891235,0.19621999561786652,0.10678999871015549,0.04282499849796295,0.04534124955534935,0.04711500182747841,0.09341125190258026,0.10970500111579895,0.10698249936103821,0.3872811496257782,-0.06772292405366898,334.54449462890625,0.5710943937301636,-0.03379252925515175,2.0,1.0,77.0,17.979616165161133,-0.9976242780685425,original_202
165,broadleaf_scrub,4,valid,0.02758999913930893,0.05486999824643135,0.041532501578330994,0.3596250116825104,0.1564275026321411,0.07285500317811966,0.039566248655319214,0.0498649999499321,0.05271124839782715,0.08649499714374542,0.14871375262737274,0.17261125147342682,0.6630826592445374,-0.33235883712768555,874.98193359375,0.7929366827011108,-0.3234160840511322,3.0,1.0,347.0,27.40634536743164,0.9990692138671875,original_202
166,broadleaf_scrub,4,train,0.017772499471902847,0.04692250117659569,0.027232499793171883,0.30063751339912415,0.10214249789714813,0.04389749839901924,0.02123750001192093,0.04389749839901924,0.03421749919652939,0.22707499563694,0.08885999768972397,0.04859999939799309,0.7451782822608948,0.6474109292030334,-22.692209243774414,0.8338823318481445,-0.4221557080745697,0.0,1.0,431.0,17.02244758605957,-0.8988531231880188,original_202
167,broadleaf_scrub,4,train,0.016452500596642494,0.04230250045657158,0.02226874977350235,0.38394874334335327,0.1090174987912178,0.04048750177025795,0.01414250023663044,0.03432749956846237,0.022337500005960464,0.2700299918651581,0.07832749933004379,0.03726999834179878,0.8092175126075745,0.7574357390403748,-68.67780303955078,0.8903604745864868,-0.5061525702476501,0.0,1.0,278.0,12.071541786193848,-0.9083113074302673,original_202
168,broadleaf_scrub,4,valid,0.023602500557899475,0.0441724993288517,0.029487499967217445,0.32106998562812805,0.1274150013923645,0.05618999898433685,0.047554999589920044,0.06774000078439713,0.0715624988079071,0.1442449986934662,0.12403249740600586,0.11085999757051468,0.7021152377128601,0.13086767494678497,450.7879638671875,0.8317679762840271,-0.3743607699871063,2.0,1.0,45.0,14.071734428405762,0.19374310970306396,original_202
169,broadleaf_scrub,4,train,0.03933250159025192,0.07249750196933746,0.07420250028371811,0.42763251066207886,0.23161250352859497,0.11734999716281891,0.06202000007033348,0.09438750147819519,0.09983249753713608,0.17773999273777008,0.1715250015258789,0.1464724987745285,0.5693439841270447,0.09644138067960739,352.4429931640625,0.7042753100395203,-0.20853282511234283,2.0,1.0,145.0,31.67835807800293,0.8394365906715393,original_202
170,broadleaf_scrub,4,train,0.022117499262094498,0.04766499996185303,0.02819499932229519,0.41289249062538147,0.13372625410556793,0.05499374866485596,0.04300374910235405,0.061799999326467514,0.07153499871492386,0.11043374985456467,0.17239125072956085,0.18772250413894653,0.7649268507957458,-0.2592222988605499,903.6895751953125,0.8721568584442139,-0.4574877619743347,3.0,1.0,238.0,25.276119232177734,0.8227792382240295,original_202
171,broadleaf_scrub,4,train,0.020151250064373016,0.04411749914288521,0.026228750124573708,0.3963100016117096,0.11693750321865082,0.05071749910712242,0.03245750069618225,0.04074874892830849,0.04109250009059906,0.07153499871492386,0.0876225009560585,0.08423999696969986,0.7730900049209595,-0.08155994117259979,734.1903686523438,0.8758516311645508,-0.48835161328315735,3.0,1.0,293.0,22.807422637939453,-0.7699044942855835,original_202
172,broadleaf_scrub,4,valid,0.02338249981403351,0.04600125178694725,0.03241625055670738,0.34624624252319336,0.1345512568950653,0.05800500139594078,0.04103749990463257,0.042742498219013214,0.04365000128746033,0.06383500248193741,0.09581749886274338,0.11245500296354294,0.7130250334739685,-0.275795578956604,868.3609619140625,0.8287855386734009,-0.3776792287826538,3.0,1.0,264.0,17.78594207763672,0.908307671546936,original_202
173,broadleaf_scrub,4,valid,0.021031249314546585,0.043498750776052475,0.03435499966144562,0.31353500485420227,0.12433499842882156,0.05510374903678894,-0.0021100000012665987,0.01909250020980835,0.021966250613331795,0.061717499047517776,0.08415749669075012,0.07956500351428986,0.7010419964790344,-0.12632492184638977,706.9073486328125,0.8024950623512268,-0.3565616309642792,3.0,1.0,217.0,15.154869079589844,-0.4183684289455414,original_202
174,broadleaf_scrub,4,train,0.021649999544024467,0.05266999825835228,0.031495001167058945,0.49426499009132385,0.14232000708580017,0.05385249853134155,0.04945249855518341,0.05649250000715256,0.06284499913454056,0.08913499861955643,0.1288450062274933,0.15026749670505524,0.8035001754760742,-0.25535446405410767,938.39501953125,0.8801924586296082,-0.49599117040634155,3.0,1.0,250.0,17.979644775390625,0.997622549533844,original_202
175,broadleaf_scrub,4,train,0.020797500386834145,0.04227500036358833,0.029377499595284462,0.2712399959564209,0.11525999754667282,0.052889999002218246,-0.007499999832361937,0.0225987508893013,0.02316249907016754,0.0824112519621849,0.07729624956846237,0.06367000192403793,0.6736494898796082,0.12829333543777466,424.89654541015625,0.8045523166656494,-0.3375508189201355,2.0,1.0,294.0,23.729707717895508,-0.2577741742134094,original_202
177,broadleaf_scrub,4,train,0.021347500383853912,0.04826999828219414,0.03012000024318695,0.37799501419067383,0.13657249510288239,0.05181749910116196,0.02404250018298626,0.04510749876499176,0.03449250012636185,0.28235000371932983,0.11891750246286392,0.058307498693466187,0.7588832378387451,0.6576766967773438,-19.2530574798584,0.8523945212364197,-0.4110170006752014,0.0,1.0,254.0,15.386483192443848,1.0,original_202
179,broadleaf_scrub,4,valid,0.03215499967336655,0.06464625149965286,0.054237499833106995,0.45668625831604004,0.18945500254631042,0.08813124895095825,-0.02592499926686287,0.012822500430047512,0.013991249725222588,0.08488625288009644,0.16441625356674194,0.17335374653339386,0.6764742136001587,-0.34257861971855164,898.59326171875,0.7876884937286377,-0.3346586525440216,3.0,1.0,162.0,17.096202850341797,1.0,original_202
180,broadleaf_scrub,4,train,0.024056250229477882,0.0450112484395504,0.031082499772310257,0.3718074858188629,0.15099625289440155,0.06618624925613403,0.02881374955177307,0.03405249863862991,0.03300749883055687,0.05852749943733215,0.09887000173330307,0.11689624935388565,0.6977753639221191,-0.3327300250530243,910.0458374023438,0.8457022905349731,-0.36990705132484436,3.0,1.0,216.0,16.591794967651367,0.43463370203971863,original_202
181,broadleaf_scrub,4,train,0.02525250054895878,0.05682250112295151,0.03828750178217888,0.47628000378608704,0.16495250165462494,0.07071000337600708,0.03702250123023987,0.049617499113082886,0.0578950010240078,0.1160850003361702,0.13723249733448029,0.10676249861717224,0.7414578199386597,0.0418335422873497,579.1646728515625,0.85118567943573,-0.42324650287628174,2.0,1.0,376.0,16.543437957763672,0.9264531135559082,original_202
182,broadleaf_scrub,4,train,0.023327499628067017,0.053632501512765884,0.030051250010728836,0.5183687210083008,0.16447125375270844,0.06409624963998795,0.00919250026345253,0.03236125037074089,0.030188750475645065,0.1522199958562851,0.10580000281333923,0.08364874869585037,0.7799138426780701,0.29071781039237976,368.73638916015625,0.890407919883728,-0.47156330943107605,2.0,1.0,352.0,25.619338989257812,0.9452027082443237,original_202
184,broadleaf_scrub,4,valid,0.02433124929666519,0.0466887503862381,0.036032501608133316,0.33406373858451843,0.12646624445915222,0.056863751262426376,0.016273749992251396,0.018404999747872353,0.01577875018119812,0.034011248499155045,0.049424998462200165,0.04990625008940697,0.7090829014778137,-0.1894122213125229,778.0355224609375,0.8052803874015808,-0.37607717514038086,3.0,1.0,233.0,23.455522537231445,-0.634244441986084,original_202
185,broadleaf_scrub,4,valid,0.02338249981403351,0.0653887465596199,0.032292500138282776,0.6415550112724304,0.1831987500190735,0.06785000115633011,0.04565750062465668,0.07225000113248825,0.08113250136375427,0.27838999032974243,0.17496250569820404,0.10945750027894974,0.8087129592895508,0.435564249753952,252.68910217285156,0.904154896736145,-0.5104856491088867,1.0,1.0,282.0,24.097759246826172,0.7600322365760803,original_202
186,broadleaf_scrub,4,valid,0.022089999169111252,0.053769998252391815,0.028772499412298203,0.5828974843025208,0.18029749393463135,0.06696999818086624,0.053728751838207245,0.06756124645471573,0.07163125276565552,0.119439996778965,0.1446162462234497,0.13959750533103943,0.7938964366912842,-0.0778169184923172,751.2537841796875,0.9059215188026428,-0.48635077476501465,3.0,1.0,348.0,25.342580795288086,0.8544931411743164,original_202
188,broadleaf_scrub,4,valid,0.026737499982118607,0.04689500108361244,0.03819125145673752,0.2820475101470947,0.12829500436782837,0.06127750128507614,0.03402499854564667,0.05146000161767006,0.05542000010609627,0.10778000205755234,0.10258249938488007,0.08806250244379044,0.6430350542068481,0.1006803959608078,421.8950500488281,0.7614826560020447,-0.2994053363800049,2.0,1.0,78.0,25.704599380493164,-0.36991673707962036,original_202
189,broadleaf_scrub,4,train,0.015943750739097595,0.03773749992251396,0.023561250418424606,0.28390374779701233,0.09706874936819077,0.0394974984228611,0.02604999952018261,0.03133000060915947,0.0344650000333786,0.0659250020980835,0.05913250148296356,0.04617999866604805,0.7557368874549866,0.1761295199394226,459.14776611328125,0.8467386364936829,-0.4262237548828125,2.0,1.0,307.0,27.923606872558594,-0.8857452869415283,original_202
190,broadleaf_scrub,4,train,0.021347500383853912,0.0428524985909462,0.030230000615119934,0.3149375021457672,0.11663500219583511,0.05030500143766403,0.03460250049829483,0.059654999524354935,0.06416500359773636,0.14900250732898712,0.1026649996638298,0.0762924998998642,0.7245391607284546,0.32273241877555847,281.34716796875,0.8248386383056641,-0.39205214381217957,2.0,1.0,317.0,20.8272647857666,-0.34042876958847046,original_202
191,broadleaf_scrub,4,valid,0.02441374957561493,0.052326250821352005,0.030848750844597816,0.4847087562084198,0.17071375250816345,0.06849624961614609,0.04733499884605408,0.06369750201702118,0.07233250141143799,0.15672999620437622,0.14914000034332275,0.11891750246286392,0.75236576795578,0.1371770054101944,494.7291564941406,0.8803285956382751,-0.43276557326316833,2.0,1.0,252.0,23.63084602355957,0.8879529237747192,original_202
193,broadleaf_scrub,4,train,0.018267499282956123,0.044199999421834946,0.02184250019490719,0.411338746547699,0.11359625309705734,0.04766499996185303,0.025651250034570694,0.024386249482631683,0.026531249284744263,0.05231250077486038,0.06818000227212906,0.05936624854803085,0.7923110723495483,-0.06316107511520386,735.0125732421875,0.8991530537605286,-0.5206089615821838,3.0,1.0,175.0,13.403793334960938,-0.8830796480178833,original_202
194,broadleaf_scrub,4,train,0.026737499982118607,0.051624998450279236,0.040226250886917114,0.3830825090408325,0.1528249979019165,0.07066874951124191,0.05561250075697899,0.05706999823451042,0.06487999856472015,0.09325999766588211,0.12799249589443207,0.13131999969482422,0.6885132789611816,-0.16947190463542938,737.5255737304688,0.809943675994873,-0.35956060886383057,3.0,1.0,256.0,18.87681770324707,0.8521758913993835,original_202
197,broadleaf_scrub,4,valid,0.028002500534057617,0.06240500137209892,0.03826000168919563,0.5065299868583679,0.20512999594211578,0.08437749743461609,0.05038750171661377,0.07051750272512436,0.07543999701738358,0.2333724945783615,0.16616250574588776,0.12714000046253204,0.7144138216972351,0.29467079043388367,299.2834777832031,0.859542191028595,-0.374256432056427,2.0,1.0,248.0,25.17542266845703,0.5165865421295166,original_202
198,broadleaf_scrub,4,train,0.026503749191761017,0.04510749876499176,0.03880999982357025,0.24444125592708588,0.12547625601291656,0.06343624740839005,-0.025663750246167183,-0.00419999985024333,-0.00855875015258789,0.030422499403357506,0.0777362510561943,0.07732374966144562,0.587912380695343,-0.435293585062027,902.7463989257812,0.7259676456451416,-0.24506224691867828,3.0,1.0,79.0,19.067058563232422,-0.7025184035301208,original_202
199,broadleaf_scrub,4,train,0.01628750003874302,0.041999999433755875,0.02431749925017357,0.324108749628067,0.09431874752044678,0.039250001311302185,0.015132499858736992,0.03342000022530556,0.025857500731945038,0.21596500277519226,0.07343249768018723,0.04026750102639198,0.7839600443840027,0.6856955885887146,-22.195133209228516,0.8604152202606201,-0.48310303688049316,0.0,1.0,444.0,25.04227638244629,-0.41577619314193726,original_202
200,broadleaf_scrub,4,valid,0.017332499846816063,0.03665124997496605,0.01737374998629093,0.30322250723838806,0.10175749659538269,0.042371250689029694,0.01928500086069107,0.0816275030374527,0.08638499677181244,0.15532749891281128,0.2146725058555603,0.21348999440670013,0.7547915577888489,-0.15769994258880615,792.0319213867188,0.8916159868240356,-0.45810791850090027,3.0,1.0,120.0,24.78826904296875,-0.49073347449302673,original_202
206,bare_rock,5,train,0.0376412495970726,0.0675475001335144,0.0545400008559227,0.3354249894618988,0.16850000619888306,0.09657374769449234,0.03573000058531761,0.05580500140786171,0.05613499879837036,0.17633749544620514,0.1351425051689148,0.10371000319719315,0.5528979897499084,0.25933992862701416,173.09848022460938,0.7202826142311096,-0.2516770362854004,1.0,1.0,494.0,39.19919204711914,-0.15878990292549133,original_202
207,bare_rock,5,valid,0.022351250052452087,0.05272499844431877,0.030147500336170197,0.37098249793052673,0.1239362508058548,0.06001250073313713,0.022062499076128006,0.041064999997615814,0.033227499574422836,0.21541500091552734,0.0946900025010109,0.06364250183105469,0.721516489982605,0.5438753366470337,57.18153381347656,0.8496871590614319,-0.4370521605014801,0.0,1.0,520.0,19.313928604125977,-0.9237803816795349,original_202
208,bare_rock,5,train,0.020206250250339508,0.05042875185608864,0.02819499932229519,0.35800251364707947,0.11834000051021576,0.049796249717473984,0.024344999343156815,0.043072499334812164,0.034437499940395355,0.27750998735427856,0.0946900025010109,0.045464999973773956,0.7557802796363831,0.7184611558914185,-83.1405029296875,0.8539866209030151,-0.4414988160133362,0.0,1.0,503.0,37.707176208496094,-0.5862950086593628,original_202
211,bare_rock,5,valid,0.023822499439120293,0.03875499963760376,0.037324998527765274,0.22421500086784363,0.12983499467372894,0.06837250292301178,0.02852500043809414,0.04458500072360039,0.04356750100851059,0.15736250579357147,0.10857749730348587,0.0686199963092804,0.532635509967804,0.392696350812912,19.47960662841797,0.7145752310752869,-0.19479283690452576,0.0,1.0,335.0,21.359024047851562,-0.9934425354003906,original_202
212,bare_rock,5,train,0.009632499888539314,0.030202500522136688,0.014087500050663948,0.2659049928188324,0.07882250100374222,0.025142500177025795,0.014995000325143337,0.031495001167058945,0.026930000633001328,0.14130249619483948,0.05412749946117401,0.035317499190568924,0.8272275328636169,0.6000735759735107,106.69432067871094,0.8993722796440125,-0.49566763639450073,0.0,1.0,325.0,33.072566986083984,-0.8948879837989807,original_202
213,bare_rock,5,train,0.042660001665353775,0.07299250364303589,0.07414750009775162,0.344664990901947,0.23483000695705414,0.12881749868392944,0.05374249815940857,0.08099500089883804,0.09273750334978104,0.25220999121665955,0.22710250318050385,0.13151249289512634,0.45587217807769775,0.3145437240600586,20.86887550354004,0.6459155082702637,-0.11251934617757797,0.0,1.0,335.0,25.161996841430664,0.034460075199604034,original_202
215,bare_rock,5,valid,0.03485000133514404,0.05792250111699104,0.05899500101804733,0.2872999906539917,0.17545750737190247,0.09845750033855438,0.03768249973654747,0.06207500025629997,0.06056249886751175,0.18651250004768372,0.13613249361515045,0.09471750259399414,0.4895368218421936,0.32640543580055237,42.67179489135742,0.659278929233551,-0.15755857527256012,0.0,1.0,334.0,15.624933242797852,-0.6945698857307434,original_202
216,exotic_pine,3,train,0.014279999770224094,0.02456500008702278,0.01895499974489212,0.16178999841213226,0.07007750123739243,0.03633499890565872,-0.019173750653862953,0.011681250296533108,0.012602499686181545,0.07127375155687332,0.07655374705791473,0.06747875362634659,0.6332113742828369,0.027350857853889465,485.4009094238281,0.7902569770812988,-0.32831642031669617,2.0,1.0,142.0,8.940232276916504,0.10290016233921051,original_202
217,exotic_pine,3,train,0.008834999985992908,0.014940000139176846,0.008766249753534794,0.1765574961900711,0.043031249195337296,0.01755250059068203,0.002785000018775463,0.016067499294877052,0.015545000322163105,0.08242499828338623,0.04430999979376793,0.029075000435113907,0.8191489577293396,0.47847533226013184,220.21400451660156,0.9053952693939209,-0.5632404685020447,1.0,1.0,217.0,34.621246337890625,-0.42204421758651733,original_202
218,exotic_pine,3,train,0.0341624990105629,0.05173499882221222,0.057785000652074814,0.19041749835014343,0.13932250440120697,0.08704499900341034,0.0959549993276596,0.1288450062274933,0.1398725062608719,0.21547000110149384,0.2433824986219406,0.22385750710964203,0.3725638687610626,-0.019091680645942688,271.1959533691406,0.5343721508979797,-0.06514895707368851,2.0,1.0,183.0,22.62254524230957,-0.6603740453720093,original_202
219,exotic_pine,3,train,0.01236874982714653,0.01913375034928322,0.012478750199079514,0.2453487515449524,0.06834500283002853,0.027328750118613243,0.01768999919295311,0.03086250089108944,0.03425874933600426,0.11532875150442123,0.06921125203371048,0.042838748544454575,0.7995525598526001,0.4583115875720978,220.78138732910156,0.9032008051872253,-0.5225175619125366,1.0,1.0,242.0,18.120412826538086,-0.9398703575134277,original_202
220,exotic_pine,3,train,0.03251250088214874,0.05407249927520752,0.04837999865412712,0.21621249616146088,0.13715000450611115,0.09111499786376953,0.057042498141527176,0.08536750078201294,0.08963000029325485,0.20416750013828278,0.14732499420642853,0.11946749687194824,0.4070494771003723,0.2617145776748657,24.87530517578125,0.6343055963516235,-0.14552509784698486,0.0,1.0,204.0,10.405332565307617,-0.7933861613273621,original_202
222,exotic_pine,3,train,0.025692500174045563,0.04276999831199646,0.04598750174045563,0.21948499977588654,0.14493249356746674,0.08165500313043594,0.02750750072300434,0.06566374748945236,0.06507249921560287,0.1679224967956543,0.13950124382972717,0.11809249967336655,0.45769408345222473,0.17422163486480713,163.01287841796875,0.6535422801971436,-0.12441598623991013,1.0,1.0,208.0,3.704791784286499,-1.0,original_202
225,exotic_pine,3,valid,0.009481250308454037,0.01614999957382679,0.009220000356435776,0.20534999668598175,0.0503462515771389,0.01913375034928322,-0.033473748713731766,0.006896249949932098,0.00539750000461936,0.046537499874830246,0.06509999930858612,0.06529249995946884,0.8295310735702515,-0.16770991683006287,876.7814331054688,0.914060652256012,-0.5658397078514099,3.0,1.0,324.0,15.92466926574707,-0.3404093384742737,original_202
256,pasture,1,train,0.03933250159025192,0.0752200037240982,0.08809000253677368,0.3372674882411957,0.21549749374389648,0.12199749797582626,0.06277625262737274,0.0946900025010109,0.09658750146627426,0.214796245098114,0.18209874629974365,0.1425125002861023,0.4687272012233734,0.2023005336523056,145.9670867919922,0.585807204246521,-0.10734172910451889,1.0,1.0,210.0,9.195145606994629,-1.0,original_202
257,pasture,1,train,0.04043250158429146,0.06743749976158142,0.07112249732017517,0.2869425117969513,0.19855749607086182,0.10794500261545181,0.053164999932050705,0.06767124682664871,0.06668125092983246,0.1667812466621399,0.15992000699043274,0.14284250140190125,0.4532873332500458,0.07731561362743378,255.5121307373047,0.6027397513389587,-0.09663263708353043,1.0,1.0,24.0,15.323619842529297,0.9452292323112488,original_202
258,pasture,1,train,0.02250250056385994,0.0388374999165535,0.02703999914228916,0.31460750102996826,0.11894500255584717,0.05275249853730202,0.046482499688863754,0.06064499914646149,0.06289999932050705,0.16704249382019043,0.14031249284744263,0.11017250269651413,0.7128021717071533,0.2051476240158081,387.1949462890625,0.8417081832885742,-0.39562612771987915,2.0,1.0,54.0,25.987627029418945,0.3984965980052948,original_202
259,pasture,1,train,0.03133000060915947,0.05357750132679939,0.07128749787807465,0.21325625479221344,0.17576000094413757,0.09148625284433365,0.04370500147342682,0.05333000048995018,0.05613499879837036,0.08622000366449356,0.11190500110387802,0.12917500734329224,0.39958325028419495,-0.19942431151866913,478.5479736328125,0.49893468618392944,0.005006267223507166,2.0,1.0,367.0,14.182107925415039,0.8968057632446289,original_202
260,pasture,1,train,0.0619099996984005,0.09562499821186066,0.1190825030207634,0.32442501187324524,0.2827075123786926,0.15453000366687775,0.052642498165369034,0.0707237496972084,0.06646125018596649,0.1518625020980835,0.1446162462234497,0.1229187473654747,0.35472017526626587,0.10533379018306732,128.92678833007812,0.4629966914653778,0.019609833136200905,1.0,1.0,186.0,17.4711856842041,0.8228995203971863,original_202
261,pasture,1,train,0.041120000183582306,0.07370749861001968,0.08344250172376633,0.31700000166893005,0.21082249283790588,0.11330749839544296,0.02254375070333481,0.05730374902486801,0.060081250965595245,0.12667250633239746,0.153952494263649,0.1479025036096573,0.4733649790287018,-0.07731949537992477,430.2248840332031,0.5832485556602478,-0.0978793203830719,2.0,1.0,139.0,8.944376945495605,0.8228136301040649,original_202
262,pasture,1,valid,0.05445750057697296,0.09416750073432922,0.11911000311374664,0.40948250889778137,0.2832300066947937,0.14726999402046204,0.06446749716997147,0.08146250247955322,0.05907750129699707,0.2719550132751465,0.19883249700069427,0.13649000227451324,0.4709677994251251,0.33166033029556274,18.847885131835938,0.5493314862251282,-0.07110864669084549,0.0,1.0,166.0,5.109338283538818,6.123234262925839e-17,original_202
263,pasture,1,valid,0.029446249827742577,0.06001250073313713,0.0575374998152256,0.3436337411403656,0.17795999348163605,0.0864262506365776,0.038920000195503235,0.045740000903606415,0.04799500107765198,0.07865750044584274,0.09100499749183655,0.09405750036239624,0.5980735421180725,-0.08916422724723816,566.7781372070312,0.7131524085998535,-0.2260722815990448,2.0,1.0,489.0,8.384811401367188,0.9884233474731445,original_202
264,pasture,1,valid,0.03479500114917755,0.06361500173807144,0.06342250108718872,0.2677200138568878,0.17383499443531036,0.097632497549057,0.0438150018453598,0.05649250000715256,0.0615524984896183,0.10797250270843506,0.11946749687194824,0.11149249970912933,0.4655435383319855,-0.016039004549384117,361.1229553222656,0.6169474124908447,-0.12089815735816956,2.0,1.0,442.0,8.28909969329834,1.0,original_202
265,gorse_broom,2,train,0.027699999511241913,0.05863749980926514,0.04701875150203705,0.4561087489128113,0.17622749507427216,0.08092624694108963,0.04114750027656555,0.056905001401901245,0.060397498309612274,0.11880750209093094,0.11671750247478485,0.10280250012874603,0.6986183524131775,0.07222147285938263,505.9372863769531,0.8130940794944763,-0.36851799488067627,2.0,1.0,430.0,14.791947364807129,-0.7356376647949219,original_202
266,gorse_broom,2,train,0.026820000261068344,0.0535225011408329,0.03647249937057495,0.5177775025367737,0.19017000496387482,0.07940000295639038,0.10280250012874603,0.11574125289916992,0.12305624783039093,0.1780562549829483,0.26664748787879944,0.2881937623023987,0.7340824007987976,-0.2362198382616043,849.8426513671875,0.8683897256851196,-0.4122646749019623,3.0,1.0,204.0,20.088607788085938,0.3983618915081024,original_202
267,gorse_broom,2,train,0.028085000813007355,0.057317499071359634,0.03944249823689461,0.43709251284599304,0.16770249605178833,0.07714500278234482,0.05674000084400177,0.06504499912261963,0.0692799985408783,0.09444250166416168,0.1373700052499771,0.16346749663352966,0.6999635100364685,-0.2676321268081665,847.1360473632812,0.8344612717628479,-0.3837927579879761,3.0,1.0,238.0,20.16293716430664,0.9698711633682251,original_202
268,gorse_broom,2,train,0.048448748886585236,0.08099500089883804,0.09482750296592712,0.3493262529373169,0.24437250196933746,0.13518375158309937,0.10663875192403793,0.11945375055074692,0.12401875108480453,0.18036624789237976,0.24214500188827515,0.24467499554157257,0.44197747111320496,-0.15130002796649933,472.8179016113281,0.572996973991394,-0.07948030531406403,2.0,1.0,87.0,25.542715072631836,0.9823272824287415,original_202
269,gorse_broom,2,train,0.026599999517202377,0.04791250079870224,0.0475274994969368,0.2383500039577484,0.1444375067949295,0.07117749750614166,0.0017399999778717756,0.04586375132203102,0.04305874928832054,0.10463125258684158,0.13566499948501587,0.14002375304698944,0.5400893092155457,-0.14466288685798645,564.2926025390625,0.667497456073761,-0.159734308719635,2.0,1.0,140.0,23.95603370666504,0.6558037996292114,original_202
270,gorse_broom,2,train,0.02670999988913536,0.050964999943971634,0.03933250159025192,0.3475250005722046,0.16646499931812286,0.07568749785423279,0.08447375148534775,0.09221500158309937,0.09284750372171402,0.16922874748706818,0.21696874499320984,0.22847749292850494,0.6423191428184509,-0.1489761620759964,670.8357543945312,0.7966563701629639,-0.290393203496933,3.0,1.0,72.0,15.43476676940918,0.9967159628868103,original_202
271,gorse_broom,2,valid,0.01997249945998192,0.03674750030040741,0.027397500351071358,0.25881001353263855,0.11047500371932983,0.05247750133275986,-0.06398499757051468,0.00501250009983778,0.003060000017285347,0.0613737516105175,0.09574875235557556,0.09447000175714493,0.6628357768058777,-0.2123681604862213,754.744384765625,0.8085479736328125,-0.33819347620010376,3.0,1.0,313.0,22.371490478515625,-0.7079402208328247,original_202
272,gorse_broom,2,valid,0.02255750074982643,0.03633499890565872,0.031687501817941666,0.15686750411987305,0.10865999758243561,0.05816999822854996,0.02572000026702881,0.039524998515844345,0.0418349988758564,0.08261749893426895,0.08924499899148941,0.09160999953746796,0.4589780867099762,-0.05161355063319206,390.1320495605469,0.6638911962509155,-0.12220406532287598,2.0,1.0,50.0,25.710927963256836,-0.47067007422447205,original_202
273,gorse_broom,2,valid,0.02866250090301037,0.049424998462200165,0.04543749988079071,0.33462750911712646,0.15274250507354736,0.08052749931812286,0.045079998672008514,0.06375250220298767,0.06718999892473221,0.1838725060224533,0.14102749526500702,0.12686499953269958,0.612060546875,0.18345870077610016,308.1422424316406,0.7608961462974548,-0.2940673530101776,2.0,1.0,298.0,28.25387954711914,0.6626843214035034,original_202
274,exotic_pine,3,train,0.011859999969601631,0.02022000029683113,0.011859999969601631,0.17072750627994537,0.059050001204013824,0.025554999709129333,0.020412499085068703,0.03501499816775322,0.02778249979019165,0.12109000235795975,0.062267500907182693,0.04678500071167946,0.7396100163459778,0.44262099266052246,176.52940368652344,0.8700897097587585,-0.44054675102233887,1.0,1.0,244.0,24.7609806060791,-0.24567407369613647,original_202
275,exotic_pine,3,train,0.04785750061273575,0.08231499791145325,0.09391999989748001,0.27858251333236694,0.24426250159740448,0.15741750597953796,0.0698850005865097,0.09037250280380249,0.10934749990701675,0.18593500554561615,0.21912750601768494,0.1950100064277649,0.27790138125419617,-0.02382233738899231,181.2641143798828,0.49573493003845215,0.017667924985289574,1.0,1.0,55.0,23.476810455322266,0.8572230339050293,original_202
276,exotic_pine,3,train,0.013386249542236328,0.02725999988615513,0.01642500050365925,0.22955000400543213,0.07728250324726105,0.03388750180602074,-0.010167500004172325,0.01731874980032444,0.018982499837875366,0.08657749742269516,0.06345000118017197,0.04502499848604202,0.7427283525466919,0.31574249267578125,306.5262756347656,0.8664498329162598,-0.44328388571739197,2.0,1.0,162.0,27.85756492614746,-0.45942315459251404,original_202
278,broadleaf_scrub,4,train,0.028552500531077385,0.05806000158190727,0.040693748742341995,0.4796762466430664,0.1798575073480606,0.07710374891757965,0.05346750095486641,0.057042498141527176,0.06342250108718872,0.09554249793291092,0.1538974940776825,0.17235000431537628,0.7230369448661804,-0.28671014308929443,889.2874755859375,0.843596875667572,-0.39473846554756165,3.0,1.0,277.0,22.54482078552246,0.5069275498390198,original_202
279,broadleaf_scrub,4,train,0.022722499445080757,0.05126750096678734,0.031687501817941666,0.425680011510849,0.14344750344753265,0.058252498507499695,0.030656250193715096,0.04545124992728233,0.044708751142024994,0.07614125311374664,0.11465500295162201,0.13187000155448914,0.7592536211013794,-0.2679121792316437,906.7062377929688,0.8614352941513062,-0.4382535219192505,3.0,1.0,325.0,23.854528427124023,0.9884211421012878,original_202
280,broadleaf_scrub,4,train,0.014981250278651714,0.03595000132918358,0.019408749416470528,0.2823362648487091,0.09541875123977661,0.03791625052690506,0.013729999773204327,0.031550001353025436,0.02002749964594841,0.21051999926567078,0.07178249955177307,0.033557500690221786,0.7632102966308594,0.7250258922576904,-82.27517700195312,0.8713566064834595,-0.4427810609340668,0.0,1.0,391.0,21.99298667907715,-0.08016052842140198,original_202
281,broadleaf_scrub,4,train,0.032526250928640366,0.06164874881505966,0.059888750314712524,0.3690987527370453,0.17069999873638153,0.08826874941587448,-0.033336248248815536,0.02386374957859516,0.018501250073313713,0.07582499831914902,0.1607999950647354,0.18071000277996063,0.6140139102935791,-0.40885260701179504,902.4069213867188,0.7207902073860168,-0.2705354690551758,3.0,1.0,203.0,22.248140335083008,0.8705806732177734,original_202
282,broadleaf_scrub,4,valid,0.03886500000953674,0.07428500056266785,0.07581125199794769,0.4289112389087677,0.2119087427854538,0.1072162464261055,0.01712624914944172,0.03869999945163727,0.04050125181674957,0.12917500734329224,0.19364875555038452,0.19439125061035156,0.6000345349311829,-0.2015545517206192,681.1294555664062,0.6995923519134521,-0.2383284568786621,3.0,1.0,224.0,24.322208404541016,0.8953729271888733,original_202
283,broadleaf_scrub,4,valid,0.023093750700354576,0.04641374945640564,0.034341249614953995,0.30140748620033264,0.11061249673366547,0.05265624821186066,0.016920000314712524,0.034533750265836716,0.03254000097513199,0.09024874866008759,0.07962000370025635,0.07262124866247177,0.7025606036186218,0.10823049396276474,473.87054443359375,0.795434832572937,-0.38245946168899536,2.0,1.0,484.0,17.333396911621094,-0.9335960745811462,original_202
337,cleared_pine,6,valid,0.0374624989926815,0.06013625115156174,0.05715249851346016,0.2786237597465515,0.18516500294208527,0.11191874742507935,None,None,None,None,None,None,0.4268549382686615,None,None,0.659579873085022,-0.1321064680814743,None,0.0,119.0,26.174373626708984,0.29641562700271606,original_202
338,cleared_pine,6,valid,0.06903249770402908,0.10111124813556671,0.12928499281406403,0.2886337637901306,0.2496662437915802,0.19253499805927277,None,None,None,None,None,None,0.19971942901611328,None,None,0.3812912106513977,0.02889559417963028,None,0.0,163.0,24.288118362426758,0.6098200678825378,original_202
339,cleared_pine,6,valid,0.02092125080525875,0.027617499232292175,0.026270000264048576,0.254657506942749,0.0923525020480156,0.05192749947309494,None,None,None,None,None,None,0.6612522006034851,None,None,0.8129766583442688,-0.39816275238990784,None,0.0,142.0,25.42943572998047,0.3404621481895447,original_202
340,cleared_pine,6,train,0.030037499964237213,0.04367750138044357,0.04652374982833862,0.26630374789237976,0.14113749563694,0.0800737515091896,None,None,None,None,None,None,0.5376504063606262,None,None,0.7025597095489502,-0.22454430162906647,None,0.0,134.0,19.974193572998047,-0.17815175652503967,original_202
341,cleared_pine,6,train,0.04275624826550484,0.07112249732017517,0.07513750344514847,0.28140124678611755,0.1830887496471405,0.12329000234603882,None,None,None,None,None,None,0.3906959891319275,None,None,0.5785170793533325,-0.11320928484201431,None,0.0,154.0,21.933523178100586,0.040200360119342804,original_202
342,cleared_pine,6,valid,0.02858000062406063,0.04062499850988388,0.040927499532699585,0.233537495136261,0.12224499881267548,0.07087499648332596,None,None,None,None,None,None,0.5343489646911621,None,None,0.701765239238739,-0.23265300691127777,None,0.0,268.0,14.507486343383789,0.9383960962295532,original_202
343,cleared_pine,6,valid,0.03636249899864197,0.0649074986577034,0.06540250033140182,0.2851962447166443,0.19919000566005707,0.11316999793052673,None,None,None,None,None,None,0.43182939291000366,None,None,0.6269096732139587,-0.09718694537878036,None,0.0,145.0,18.82637596130371,0.6172348856925964,original_202
344,cleared_pine,6,valid,0.027865000069141388,0.05173499882221222,0.04131250083446503,0.37686750292778015,0.1459224969148636,0.07236000150442123,None,None,None,None,None,None,0.6778469681739807,None,None,0.8024176359176636,-0.36741459369659424,None,0.0,204.0,19.49842643737793,0.8229032158851624,original_202
345,cleared_pine,6,valid,0.04484625160694122,0.06467375159263611,0.06519625335931778,0.27205124497413635,0.15854500234127045,0.11682750284671783,None,None,None,None,None,None,0.39915719628334045,None,None,0.6133626103401184,-0.17230775952339172,None,0.0,178.0,15.949209213256836,0.6230722069740295,original_202
346,cleared_pine,6,valid,0.028222499415278435,0.03743499889969826,0.03399749845266342,0.21885250508785248,0.10563500225543976,0.06936249881982803,None,None,None,None,None,None,0.5186752676963806,None,None,0.7310855984687805,-0.27783918380737305,None,0.0,278.0,16.950754165649414,0.9559986591339111,original_202
347,cleared_pine,6,valid,0.03372250124812126,0.05469125136733055,0.05777125060558319,0.2834774851799011,0.1706862449645996,0.0973299965262413,0.048077501356601715,0.06897749751806259,0.07183749973773956,0.14157749712467194,0.12565499544143677,0.11322499811649323,0.4888230860233307,0.11127245426177979,257.0910339355469,0.6614126563072205,-0.16263407468795776,1.0,1.0,140.0,22.03368377685547,0.5599778890609741,original_202
348,cleared_pine,6,valid,0.03867249935865402,0.05712499842047691,0.07348749786615372,0.23997250199317932,0.1664925068616867,0.09708250313997269,None,None,None,None,None,None,0.42393675446510315,None,None,0.5311204195022583,-0.07455290108919144,None,0.0,267.0,14.139043807983398,0.9639127254486084,original_202
349,cleared_pine,6,train,0.029404999688267708,0.049686249345541,0.04422749951481819,0.26232999563217163,0.13830499351024628,0.08627499639987946,None,None,None,None,None,None,0.505027174949646,None,None,0.7114570736885071,-0.23025508224964142,None,0.0,177.0,18.854351043701172,-0.18961526453495026,original_202
350,cleared_pine,6,valid,0.06100250035524368,0.09268250316381454,0.10255499929189682,0.30682501196861267,0.22988000512123108,0.16344000399112701,None,None,None,None,None,None,0.3049025535583496,None,None,0.4989740550518036,-0.05054176226258278,None,0.0,267.0,14.139043807983398,0.9639127254486084,original_202
351,cleared_pine,6,train,0.03736624866724014,0.05528249964118004,0.055076248943805695,0.2626875042915344,0.1545024961233139,0.09264124929904938,None,None,None,None,None,None,0.47856035828590393,None,None,0.6533509492874146,-0.17752988636493683,None,0.0,103.0,28.736101150512695,0.20666372776031494,original_202
352,cleared_pine,6,valid,0.026462500914931297,0.03819125145673752,0.040047500282526016,0.22675874829292297,0.11612624675035477,0.0692249983549118,None,None,None,None,None,None,0.5322378277778625,None,None,0.6998009085655212,-0.23705101013183594,None,0.0,112.0,26.4482364654541,0.5206597447395325,original_202
353,cleared_pine,6,valid,0.02517000027000904,0.04748624935746193,0.03506999835371971,0.3513612449169159,0.13536250591278076,0.06489375233650208,-0.034078750759363174,0.02180125005543232,0.025101250037550926,0.10815124958753586,0.15756875276565552,0.15021249651908875,0.6882019639015198,-0.16279856860637665,730.5409545898438,0.8184929490089417,-0.3768051266670227,3.0,1.0,198.0,8.664941787719727,0.9559997916221619,original_202
354,cleared_pine,6,valid,0.052463751286268234,0.07940000295639038,0.08556000143289566,0.3121187388896942,0.19488625228405,0.12166749686002731,None,None,None,None,None,None,0.4390439987182617,None,None,0.5697029232978821,-0.13043798506259918,None,0.0,221.0,33.5286750793457,0.9527886509895325,original_202
355,cleared_pine,6,valid,0.024675000458955765,0.032526250928640366,0.036073751747608185,0.2185087502002716,0.12179125100374222,0.06254249811172485,0.04529999941587448,0.06441249698400497,0.06685999780893326,0.14270499348640442,0.11047500371932983,0.09664250165224075,0.5549388527870178,0.19245031476020813,242.0289306640625,0.7166046500205994,-0.21273909509181976,1.0,1.0,131.0,22.033620834350586,0.5599796772003174,original_202
10001,pasture,1,train,0.050882499665021896,0.08729249984025955,0.09939250349998474,0.35841500759124756,0.2612299919128418,0.16041499376296997,0.026077499613165855,0.0677262470126152,0.0750962495803833,0.18084749579429626,0.19492749869823456,0.14801250398159027,0.3816278874874115,0.09984491765499115,161.32337951660156,0.5657891035079956,-0.06322085112333298,1.0,1.0,227.0,15.578625679016113,0.987048864364624,expansion_4class_80
10002,pasture,1,train,0.026998750865459442,0.05093749985098839,0.046620000153779984,0.3312450051307678,0.14028500020503998,0.06863375008106232,0.03418999910354614,0.05110250040888786,0.05833499878644943,0.1207050010561943,0.10035499930381775,0.08402000367641449,0.6567271947860718,0.17919160425662994,357.0760192871094,0.7532452344894409,-0.31429725885391235,2.0,1.0,458.0,19.74445343017578,-0.9922088384628296,expansion_4class_80
10003,pasture,1,train,0.029075000435113907,0.04785750061273575,0.04298999905586243,0.2344450056552887,0.13643500208854675,0.0686199963092804,0.054237499833106995,0.08393750339746475,0.08451499789953232,0.13761749863624573,0.13030250370502472,0.12628750503063202,0.5471598505973816,0.042932115495204926,383.76812744140625,0.6900895833969116,-0.18985426425933838,2.0,1.0,71.0,12.878793716430664,0.920399010181427,expansion_4class_80
10004,pasture,1,train,0.039799999445676804,0.0686199963092804,0.08638499677181244,0.3312999904155731,0.18167249858379364,0.1020049974322319,0.05782625079154968,0.08831000328063965,0.08888749778270721,0.19535374641418457,0.16957250237464905,0.13962499797344208,0.5291768908500671,0.16636502742767334,242.35227966308594,0.5863629579544067,-0.1612161248922348,1.0,1.0,189.0,12.633130073547363,-0.0722237303853035,expansion_4class_80
10005,pasture,1,valid,0.07230500131845474,0.10750500112771988,0.14045000076293945,0.3200249969959259,0.34774500131607056,0.20361749827861786,0.07645750045776367,0.11487500369548798,0.10060250014066696,0.28782251477241516,0.23975250124931335,0.17677749693393707,0.2223033905029297,0.23901204764842987,-137.1682586669922,0.38997775316238403,0.10887254774570465,0.0,1.0,90.0,31.130332946777344,0.7772777676582336,expansion_4class_80
10006,pasture,1,train,0.025885000824928284,0.04355375096201897,0.05477375164628029,0.17658500373363495,0.13521124422550201,0.07035250216722488,0.03669250011444092,-0.0474575012922287,-0.053933750838041306,0.023588750511407852,0.09343875199556351,0.10376500338315964,0.4301999509334564,-0.6295554637908936,939.2958374023438,0.5265037417411804,-0.03181256353855133,3.0,1.0,387.0,12.453503608703613,0.5863981246948242,expansion_4class_80
10007,pasture,1,valid,0.05459500104188919,0.08971250057220459,0.0993650034070015,0.3724674880504608,0.2896924912929535,0.1608549952507019,0.04177999868988991,0.06196499988436699,0.06255625188350677,0.19485874474048615,0.1612125039100647,0.1075737476348877,0.3967815041542053,0.2886098623275757,-12.28795051574707,0.5788124203681946,-0.04656790569424629,0.0,1.0,161.0,16.97701072692871,0.4772150218486786,expansion_4class_80
10008,pasture,1,valid,0.04758249968290329,0.08094000071287155,0.09518499672412872,0.3531075119972229,0.25592249631881714,0.13338249921798706,0.06456375122070312,0.08573874831199646,0.09294375032186508,0.1807512491941452,0.19730624556541443,0.16290375590324402,0.45165368914604187,0.05193435400724411,279.2597351074219,0.5753442049026489,-0.06595193594694138,2.0,1.0,176.0,11.948967933654785,0.9944014549255371,expansion_4class_80
10009,pasture,1,valid,0.042742498219013214,0.08069249987602234,0.088639996945858,0.38195499777793884,0.265547513961792,0.13786500692367554,0.04832499846816063,0.07813499867916107,0.07618249952793121,0.17974750697612762,0.1598924994468689,0.1328050047159195,0.46956637501716614,0.15019077062606812,198.91603088378906,0.6232854127883911,-0.09052684158086777,1.0,1.0,186.0,10.477527618408203,0.8753297924995422,expansion_4class_80
10010,pasture,1,train,0.029803749173879623,0.05744124948978424,0.04756874963641167,0.4029512405395508,0.18196125328540802,0.08476249873638153,0.04472250118851662,0.06631000339984894,0.06061749905347824,0.24112750589847565,0.14242999255657196,0.10285750031471252,0.6524088382720947,0.4019652009010315,129.98402404785156,0.7888273596763611,-0.3068543076515198,1.0,1.0,178.0,12.454767227172852,0.9527971744537354,expansion_4class_80
10011,pasture,1,train,0.02538999915122986,0.05305499956011772,0.04220625013113022,0.4033087491989136,0.15554749965667725,0.06948625296354294,0.03886500000953674,0.053632501512765884,0.05814250186085701,0.10313250124454498,0.1027199998497963,0.09202250093221664,0.706061840057373,0.05692910775542259,528.673095703125,0.8105282783508301,-0.3686552345752716,2.0,1.0,458.0,18.15870475769043,-0.7896839380264282,expansion_4class_80
10012,pasture,1,train,0.04156000167131424,0.07722750306129456,0.07986749708652496,0.3750250041484833,0.20793500542640686,0.11388500034809113,0.06952749937772751,0.10747750103473663,0.13505999743938446,0.26100999116897583,0.2551800012588501,0.16891250014305115,0.5341269373893738,0.2142188400030136,199.44850158691406,0.6488510966300964,-0.18282905220985413,1.0,1.0,119.0,6.00093412399292,0.7699609994888306,expansion_4class_80
10013,pasture,1,train,0.033172499388456345,0.07216750085353851,0.055172499269247055,0.47119250893592834,0.21439750492572784,0.10189499706029892,0.06449499726295471,0.09548749774694443,0.11251000314950943,0.28102999925613403,0.2569675147533417,0.1651725023984909,0.644399881362915,0.2596522867679596,264.2879638671875,0.7903640866279602,-0.3033781945705414,1.0,1.0,132.0,2.7802884578704834,-1.0,expansion_4class_80
10014,pasture,1,train,0.05698750168085098,0.09680750221014023,0.1314850002527237,0.3924599885940552,0.29937249422073364,0.15532749891281128,0.05212000012397766,0.057317499071359634,0.061524998396635056,0.097632497549057,0.13629749417304993,0.14751750230789185,0.4328913986682892,-0.20348766446113586,515.9194946289062,0.49809616804122925,-0.02111768163740635,2.0,1.0,111.0,12.070008277893066,0.6813226938247681,expansion_4class_80
10015,pasture,1,valid,0.03201749920845032,0.05374249815940857,0.055447500199079514,0.2528424859046936,0.14661000669002533,0.08250749856233597,0.033969998359680176,0.055131249129772186,0.05739999935030937,0.11895874887704849,0.11707500368356705,0.10006625205278397,0.5079320073127747,0.08625727891921997,301.21514892578125,0.6402899622917175,-0.17005448043346405,2.0,1.0,257.0,3.948037624359131,-0.23455262184143066,expansion_4class_80
10017,pasture,1,train,0.054567500948905945,0.08336000144481659,0.1066799983382225,0.3309425115585327,0.25911250710487366,0.14878250658512115,0.05401749908924103,0.07882250100374222,0.08327750116586685,0.17185500264167786,0.15406249463558197,0.13456499576568604,0.37971755862236023,0.12169571220874786,137.56224060058594,0.5124565362930298,-0.026244422420859337,1.0,1.0,97.0,21.47460174560547,0.8229706287384033,expansion_4class_80
10018,pasture,1,train,0.031165000051259995,0.0638900026679039,0.07747499644756317,0.3203825056552887,0.1546124964952469,0.088639996945858,0.04040500149130821,0.05739999935030937,0.06509999930858612,0.11658000200986862,0.12933999300003052,0.109375,0.5665764212608337,0.03188687935471535,414.2299499511719,0.6105389595031738,-0.20468272268772125,2.0,1.0,342.0,7.696212291717529,0.11978697031736374,expansion_4class_80
10019,pasture,1,train,0.05508999899029732,0.09368625283241272,0.10988374799489975,0.3555000126361847,0.24508750438690186,0.1482599973678589,-0.017317499965429306,0.041903749108314514,0.04425499960780144,0.16200999915599823,0.1619962453842163,0.11994875222444534,0.4113863706588745,0.14917519688606262,141.7515869140625,0.5277714133262634,-0.07265094667673111,1.0,1.0,264.0,5.4343390464782715,-0.340320348739624,expansion_4class_80
10020,pasture,1,train,0.03875499963760376,0.06944499909877777,0.07065500319004059,0.33630499243736267,0.19544999301433563,0.11009000241756439,0.04056999832391739,0.05800500139594078,0.06685999780893326,0.1266999989748001,0.13522499799728394,0.1087149977684021,0.5067597031593323,0.07639700174331665,309.9031066894531,0.6527668833732605,-0.16993285715579987,2.0,1.0,399.0,20.834674835205078,0.9358148574829102,expansion_4class_80
10022,pasture,1,valid,0.05071749910712242,0.08707249909639359,0.10582750290632248,0.40406501293182373,0.27918750047683716,0.14122000336647034,0.05972374975681305,0.08685249835252762,0.08151750266551971,0.22466875612735748,0.19355249404907227,0.1498274952173233,0.48203232884407043,0.1998451203107834,161.7276153564453,0.5849027037620544,-0.08307657390832901,1.0,1.0,158.0,13.84263801574707,0.06569371372461319,expansion_4class_80
10023,gorse_broom,2,train,0.017249999567866325,0.03900250047445297,0.022144999355077744,0.32562124729156494,0.11090125143527985,0.046111248433589935,0.0197525005787611,0.039250001311302185,0.026462500914931297,0.27300000190734863,0.09977749735116959,0.04563000053167343,0.7519116401672363,0.7135862708091736,-82.13422393798828,0.8726443648338318,-0.4408852458000183,0.0,1.0,383.0,16.98118019104004,0.4770907461643219,expansion_4class_80
10024,gorse_broom,2,valid,0.036967501044273376,0.0628724992275238,0.06076874956488609,0.31429123878479004,0.19802124798297882,0.09951625019311905,0.0685650035738945,0.07200250029563904,0.07940000295639038,0.12276750057935715,0.17730000615119934,0.1912975013256073,0.5190215110778809,-0.21820323169231415,616.7651977539062,0.6759518384933472,-0.1515759974718094,2.0,1.0,133.0,19.70519256591797,-0.04519778490066528,expansion_4class_80
10025,gorse_broom,2,valid,0.02236500009894371,0.0368025004863739,0.03240250051021576,0.22531500458717346,0.1207050010561943,0.062130000442266464,-0.001257500029169023,0.005975000094622374,0.002675000112503767,0.030697500333189964,0.08083000034093857,0.0765950009226799,0.5677086114883423,-0.4277791976928711,875.0281982421875,0.7485424876213074,-0.23596669733524323,3.0,1.0,183.0,15.428921699523926,-0.586536705493927,expansion_4class_80
10026,gorse_broom,2,train,0.03134375065565109,0.05506249889731407,0.05739999935030937,0.3136037588119507,0.16741375625133514,0.08439125120639801,0.012698750011622906,0.026297500357031822,0.026930000633001328,0.055928751826286316,0.08697625249624252,0.09138999879360199,0.5759180188179016,-0.24071104824543,696.1694946289062,0.6905691623687744,-0.21084928512573242,3.0,1.0,245.0,19.249019622802734,0.2781432271003723,expansion_4class_80
10027,gorse_broom,2,train,0.03215499967336655,0.060452498495578766,0.05860999971628189,0.34826749563217163,0.17333999276161194,0.0869624987244606,0.0428524985909462,0.06952749937772751,0.0803074985742569,0.1471325010061264,0.13602249324321747,0.1100350022315979,0.6003836989402771,0.14425423741340637,335.6698913574219,0.71190345287323,-0.24245455861091614,2.0,1.0,50.0,17.138671875,-0.9973684549331665,expansion_4class_80
10028,gorse_broom,2,train,0.0409962497651577,0.06519625335931778,0.07742000371217728,0.28415125608444214,0.2116200029850006,0.11714375019073486,0.03974499925971031,0.04556125029921532,0.047885000705718994,0.09543249756097794,0.14962124824523926,0.14896124601364136,0.4161714017391205,-0.21902666985988617,514.7384643554688,0.571757972240448,-0.058789052069187164,2.0,1.0,116.0,20.722354888916016,0.9841514229774475,expansion_4class_80
10029,gorse_broom,2,train,0.036032501608133316,0.06631000339984894,0.06501749902963638,0.3350675106048584,0.21571749448776245,0.11124499887228012,0.030738750472664833,0.06235000118613243,0.06448125094175339,0.1753612458705902,0.14912624657154083,0.11473750323057175,0.5014927983283997,0.20897625386714935,172.05694580078125,0.6749815940856934,-0.13863171637058258,1.0,1.0,304.0,5.283184051513672,-0.8752872943878174,expansion_4class_80
10030,gorse_broom,2,train,0.017772499471902847,0.03936000168323517,0.027204999700188637,0.29260748624801636,0.10761500149965286,0.04604249820113182,0.02143000066280365,0.026077499613165855,0.02758999913930893,0.0562174990773201,0.06317500025033951,0.057042498141527176,0.7280821204185486,-0.007284124847501516,614.9066162109375,0.8298690915107727,-0.3943396210670471,2.0,1.0,454.0,16.980894088745117,-0.4770992696285248,expansion_4class_80
10031,gorse_broom,2,valid,0.019999999552965164,0.04304499924182892,0.029487499967217445,0.3059999942779541,0.11278499662876129,0.05107500031590462,0.01337250042706728,0.02353375032544136,0.023176249116659164,0.04688125103712082,0.06956875324249268,0.07992249727249146,0.7139256596565247,-0.2605699896812439,854.0360107421875,0.824211061000824,-0.3923516869544983,3.0,1.0,265.0,18.098920822143555,-0.9905941486358643,expansion_4class_80
10032,gorse_broom,2,train,0.04026750102639198,0.06080999970436096,0.07356999814510345,0.2687374949455261,0.1983650028705597,0.10802750289440155,0.02735625021159649,0.04278374835848808,0.04389749839901924,0.10674875229597092,0.11411874741315842,0.09352125227451324,0.42655235528945923,0.06604833155870438,240.04443359375,0.5701525807380676,-0.06381037831306458,1.0,1.0,107.0,16.425016403198242,-0.9884303212165833,expansion_4class_80
10033,gorse_broom,2,valid,0.03713250160217285,0.065870001912117,0.06787750124931335,0.3275049924850464,0.22039249539375305,0.11811999976634979,0.04949374869465828,0.06905999779701233,0.07071000337600708,0.12296000123023987,0.16628624498844147,0.16980625689029694,0.46986815333366394,-0.16001246869564056,509.4210510253906,0.6566489338874817,-0.11696526408195496,2.0,1.0,119.0,20.46906852722168,0.9540853500366211,expansion_4class_80
10034,gorse_broom,2,valid,0.03636249899864197,0.06075499951839447,0.06097500026226044,0.2682425081729889,0.1923699975013733,0.10379250347614288,0.061057500541210175,0.07172749936580658,0.0772550031542778,0.11889000236988068,0.17191000282764435,0.19696250557899475,0.44202831387519836,-0.2471802532672882,568.7489624023438,0.6295762062072754,-0.09187202900648117,2.0,1.0,138.0,30.396236419677734,0.9934394955635071,expansion_4class_80
10035,gorse_broom,2,train,0.02558249980211258,0.04472250118851662,0.036389999091625214,0.2990424931049347,0.14614249765872955,0.06955499947071075,0.06641999632120132,0.07145249843597412,0.07590749859809875,0.10709249973297119,0.15934249758720398,0.19055500626564026,0.6225964426994324,-0.280407190322876,782.5440673828125,0.783026397228241,-0.2801743149757385,3.0,1.0,144.0,20.9688777923584,-0.1267174482345581,expansion_4class_80
10036,gorse_broom,2,train,0.02879999950528145,0.052889999002218246,0.042096249759197235,0.35026124119758606,0.16297249495983124,0.0768975019454956,0.0592150017619133,0.06380750238895416,0.06785000115633011,0.09650500118732452,0.14344750344753265,0.17248749732971191,0.6399582028388977,-0.282470703125,801.9692993164062,0.7854189276695251,-0.2978660464286804,3.0,1.0,205.0,19.040199279785156,0.8912095427513123,expansion_4class_80
10037,gorse_broom,2,valid,0.029404999688267708,0.06259749829769135,0.03890625014901161,0.5717187523841858,0.21020375192165375,0.08298874646425247,0.04738999903202057,0.05698750168085098,0.06168999895453453,0.09149999916553497,0.132750004529953,0.14812250435352325,0.7464860081672668,-0.23629875481128693,862.3251953125,0.8725690841674805,-0.41401997208595276,3.0,1.0,190.0,22.629648208618164,0.6601434946060181,expansion_4class_80
10038,gorse_broom,2,valid,0.03366750106215477,0.055640000849962234,0.05748249962925911,0.3537675142288208,0.18887749314308167,0.09218750149011612,0.030147500336170197,0.05385249853134155,0.056299999356269836,0.12474749982357025,0.1920125037431717,0.200592502951622,0.5865614414215088,-0.23312534391880035,699.2271728515625,0.7204498648643494,-0.22258774936199188,3.0,1.0,108.0,28.249425888061523,0.6628078818321228,expansion_4class_80
10039,gorse_broom,2,train,0.024592500180006027,0.04255000129342079,0.037324998527765274,0.2512750029563904,0.1264525055885315,0.06554000079631805,-0.04665999859571457,-0.013302500359714031,-0.013522500172257423,0.024785000830888748,0.06691499799489975,0.06933499872684479,0.5862569808959961,-0.47333192825317383,939.1292724609375,0.7413374781608582,-0.2549557089805603,3.0,1.0,170.0,13.281778335571289,-0.8229179382324219,expansion_4class_80
10040,gorse_broom,2,train,0.02871749922633171,0.05646499991416931,0.05079999938607216,0.35085248947143555,0.16448499262332916,0.08344250172376633,0.05360500141978264,0.06248750165104866,0.06633750349283218,0.10398499667644501,0.16046999394893646,0.18755750358104706,0.6157335638999939,-0.28665632009506226,781.9302978515625,0.7470450401306152,-0.2761765420436859,3.0,1.0,217.0,17.096202850341797,1.0,expansion_4class_80
10041,gorse_broom,2,train,0.031206250190734863,0.06367000192403793,0.047279998660087585,0.4809274971485138,0.21074000000953674,0.0898362472653389,0.05393499881029129,0.06518249958753586,0.06870249658823013,0.09312249720096588,0.11385750025510788,0.12018249928951263,0.6852068901062012,-0.1268606036901474,691.60791015625,0.8209794163703918,-0.3299519717693329,3.0,1.0,251.0,27.680652618408203,0.5863109827041626,expansion_4class_80
10042,gorse_broom,2,train,0.02143000066280365,0.04318249970674515,0.03218249976634979,0.2885099947452545,0.11179500073194504,0.05280749872326851,-0.004818750079721212,0.023561250418424606,0.02250250056385994,0.06412374973297119,0.07454624772071838,0.07644374668598175,0.6905667185783386,-0.08764472603797913,657.7518310546875,0.7992936968803406,-0.3656226098537445,2.0,1.0,296.0,11.948954582214355,-0.9944025278091431,expansion_4class_80
10043,gorse_broom,2,train,0.04296249896287918,0.06661249697208405,0.07937250286340714,0.32959499955177307,0.19613750278949738,0.11316999793052673,0.014940000139176846,0.04684000089764595,0.041120000183582306,0.17160749435424805,0.14086249470710754,0.11795499920845032,0.48880332708358765,0.18528814613819122,183.05557250976562,0.6118395924568176,-0.1497490555047989,1.0,1.0,143.0,19.652753829956055,-0.7252548933029175,expansion_4class_80
10044,gorse_broom,2,valid,0.020659999921917915,0.034396249800920486,0.028923749923706055,0.28877124190330505,0.119439996778965,0.05591500177979469,0.039992500096559525,0.0679050013422966,0.06941749900579453,0.21483750641345978,0.13189749419689178,0.10280250012874603,0.6755599975585938,0.3527106046676636,202.3898162841797,0.8179149627685547,-0.3518332540988922,1.0,1.0,267.0,23.156633377075195,0.908351719379425,expansion_4class_80
10045,exotic_pine,3,train,0.01199750043451786,0.02404250018298626,0.01521500013768673,0.22886249423027039,0.07453250139951706,0.03402499854564667,0.017194999381899834,0.03067000024020672,0.028139999136328697,0.17617249488830566,0.06732749938964844,0.04142250120639801,0.7411440014839172,0.6192697286605835,1.4146887063980103,0.8753264546394348,-0.45707523822784424,0.0,1.0,133.0,20.07574462890625,-0.9301583170890808,expansion_4class_80
10046,exotic_pine,3,train,0.01852875016629696,0.03161875158548355,0.021553749218583107,0.24412499368190765,0.09394749999046326,0.04707375168800354,0.029817499220371246,0.054567500948905945,0.05275249853730202,0.1930299997329712,0.09705500304698944,0.0638900026679039,0.676689863204956,0.5026467442512512,53.58355712890625,0.8377457857131958,-0.3891327679157257,0.0,1.0,274.0,23.71833038330078,0.9948079586029053,expansion_4class_80
10048,exotic_pine,3,valid,0.024441249668598175,0.03718750178813934,0.03218249976634979,0.23661750555038452,0.11080499738454819,0.0667637512087822,0.04623499885201454,0.06853750348091125,0.07439500093460083,0.14432750642299652,0.1297525018453598,0.10629499703645706,0.5598689913749695,0.15175214409828186,287.6572570800781,0.760546863079071,-0.29222211241722107,2.0,1.0,320.0,22.94051742553711,0.9944050312042236,expansion_4class_80
10051,exotic_pine,3,train,0.011640000157058239,0.019780000671744347,0.013207499869167805,0.17141500115394592,0.05913250148296356,0.02563749998807907,0.021925000473856926,0.03919500112533569,0.034630000591278076,0.16099250316619873,0.06966499984264374,0.047747500240802765,0.739790141582489,0.5425170063972473,76.81356048583984,0.8569242358207703,-0.43350496888160706,0.0,1.0,192.0,14.164097785949707,0.7055667042732239,expansion_4class_80
10052,exotic_pine,3,valid,0.010182499885559082,0.01815750077366829,0.010622500441968441,0.22792750597000122,0.057042498141527176,0.02255750074982643,0.03828750178217888,0.058252498507499695,0.05525499954819679,0.22762499749660492,0.11363749951124191,0.08316750079393387,0.8198894262313843,0.46480369567871094,234.62612915039062,0.9109411239624023,-0.5574196577072144,1.0,1.0,278.0,15.323512077331543,0.9452362060546875,expansion_4class_80
10053,exotic_pine,3,valid,0.018473749980330467,0.0294599998742342,0.020604999735951424,0.23987625539302826,0.09203624725341797,0.046152498573064804,-0.026337500661611557,0.015104999765753746,0.019862499088048935,0.09455250203609467,0.0963675007224083,0.08451499789953232,0.6772876977920532,0.05605428293347359,500.7738037109375,0.8417928218841553,-0.3927552103996277,2.0,1.0,272.0,22.53799819946289,0.5070980787277222,expansion_4class_80
10055,exotic_pine,3,train,0.010979999788105488,0.0182537492364645,0.011584999971091747,0.2010737508535385,0.05572250112891197,0.024028750136494637,0.03526249900460243,0.055364999920129776,0.06243250146508217,0.1729550063610077,0.09771499782800674,0.07189249992370605,0.7865083813667297,0.41275691986083984,253.29185485839844,0.8910461068153381,-0.5181328654289246,1.0,1.0,379.0,8.471797943115234,0.43472325801849365,expansion_4class_80
10056,exotic_pine,3,valid,0.010952499695122242,0.018542500212788582,0.013427499681711197,0.2056249976158142,0.060397498309612274,0.026270000264048576,0.03031250089406967,0.050085000693798065,0.05200999975204468,0.10137250274419785,0.09188500046730042,0.08165500313043594,0.7734319567680359,0.1077297106385231,545.2426147460938,0.8774037957191467,-0.4915677309036255,2.0,1.0,404.0,10.773296356201172,0.9358213543891907,expansion_4class_80
10057,exotic_pine,3,train,0.014321249909698963,0.023836249485611916,0.01704375073313713,0.2404949963092804,0.078575000166893,0.035138748586177826,0.026325000450015068,0.045079998672008514,0.04491500183939934,0.2053775042295456,0.083965003490448,0.05327500030398369,0.7450330257415771,0.5880573391914368,36.516109466552734,0.867641270160675,-0.4542853832244873,0.0,1.0,410.0,23.751953125,0.40464717149734497,expansion_4class_80
10059,exotic_pine,3,train,0.030285000801086426,0.057317499071359634,0.05995750054717064,0.28782251477241516,0.15832500159740448,0.08861249685287476,-0.024096250534057617,0.013262500055134296,0.01872125081717968,0.07083375006914139,0.08220499753952026,0.0702425017952919,0.5292015671730042,0.0041909958235919476,404.5509948730469,0.6551986932754517,-0.18610526621341705,2.0,1.0,184.0,22.72709846496582,-0.9275221824645996,expansion_4class_80
10060,exotic_pine,3,train,0.04543749988079071,0.07469750195741653,0.08690749853849411,0.33132749795913696,0.2190449982881546,0.12999999523162842,0.07332249730825424,0.087677501142025,0.08690749853849411,0.153416246175766,0.17120875418186188,0.15674374997615814,0.436409056186676,-0.010728334076702595,326.67779541015625,0.5844082832336426,-0.10372152179479599,2.0,1.0,130.0,21.931053161621094,0.04020536318421364,expansion_4class_80
10061,exotic_pine,3,train,0.021265000104904175,0.033832501620054245,0.02838749997317791,0.17023250460624695,0.10519500076770782,0.049012500792741776,0.013647500425577164,0.056767500936985016,0.051954999566078186,0.1585724949836731,0.1457574963569641,0.11468250304460526,0.5528974533081055,0.16061919927597046,271.8186340332031,0.7141526341438293,-0.17815615236759186,2.0,1.0,85.0,27.24859619140625,-0.5657830238342285,expansion_4class_80
10062,exotic_pine,3,train,0.014967500232160091,0.02277749963104725,0.016397500410676003,0.24558250606060028,0.08245249837636948,0.03435499966144562,0.05701500177383423,0.056877501308918,0.06339500099420547,0.13690249621868134,0.15243999660015106,0.12683750689029694,0.7545523643493652,0.038162585347890854,595.93017578125,0.8748186826705933,-0.4499165415763855,2.0,1.0,150.0,21.9196720123291,6.123234262925839e-17,expansion_4class_80
10063,exotic_pine,3,valid,0.009770000353455544,0.01844624988734722,0.011461249552667141,0.22202874720096588,0.05880250036716461,0.023726249113678932,-0.029541250318288803,-0.0021237500477582216,-0.007871249690651894,0.12708500027656555,0.04168374836444855,0.0242762491106987,0.8069113492965698,0.6792276501655579,7.224086761474609,0.9018266201019287,-0.5347734093666077,0.0,1.0,267.0,13.56525707244873,0.6709019541740417,expansion_4class_80
10064,exotic_pine,3,valid,0.012478750199079514,0.02115499973297119,0.01363375037908554,0.21074000000953674,0.06317500025033951,0.027191249653697014,0.0351249985396862,0.06114000082015991,0.05948999896645546,0.11031000316143036,0.1090174987912178,0.10167499631643295,0.7714360952377319,0.04073401540517807,610.2424926757812,0.8784728646278381,-0.48798859119415283,2.0,1.0,329.0,27.44906997680664,0.9660846590995789,expansion_4class_80
10065,exotic_pine,3,train,0.035702500492334366,0.060452498495578766,0.059105001389980316,0.35272249579429626,0.17848250269889832,0.09790749847888947,0.06512749940156937,0.08133874833583832,0.08319500088691711,0.14531749486923218,0.15927374362945557,0.15259124338626862,0.5654639005661011,-0.024416033178567886,469.42034912109375,0.7129623293876648,-0.24094966053962708,2.0,1.0,75.0,21.113584518432617,0.37729793787002563,expansion_4class_80
10066,exotic_pine,3,train,0.04659250006079674,0.07442250102758408,0.09356249868869781,0.28966501355171204,0.18618249893188477,0.09914500266313553,0.052642498165369034,0.07315749675035477,0.07310249656438828,0.17474250495433807,0.1705625057220459,0.14193500578403473,0.4900079667568207,0.10359908640384674,265.94927978515625,0.5117130279541016,-0.0917406976222992,1.0,1.0,46.0,20.825166702270508,-0.34046629071235657,expansion_4class_80
10067,broadleaf_scrub,4,train,0.0284425001591444,0.06034250184893608,0.041298750787973404,0.5457174777984619,0.2063950002193451,0.0851062536239624,0.003953749779611826,0.023588750511407852,0.02600874938070774,0.06302375346422195,0.11234500259160995,0.11759749799966812,0.7301742434501648,-0.3021446764469147,911.8593139648438,0.8592926263809204,-0.3972315490245819,3.0,1.0,372.0,30.07632827758789,0.9224153161048889,expansion_4class_80
10068,broadleaf_scrub,4,train,0.04235750064253807,0.07876750081777573,0.09578999876976013,0.3417224884033203,0.18887749314308167,0.09645000100135803,0.03259500116109848,0.051487501710653305,0.05553000047802925,0.10148250311613083,0.09873250126838684,0.09438750147819519,0.5597624182701111,0.03622300550341606,403.079833984375,0.5621153712272644,-0.1486547589302063,2.0,1.0,303.0,17.84740447998047,0.5530365705490112,expansion_4class_80
10069,broadleaf_scrub,4,valid,0.02320374920964241,0.058348748832941055,0.03197624906897545,0.6001675128936768,0.17204749584197998,0.06486625224351883,0.044144999235868454,0.065870001912117,0.07587999850511551,0.21513999998569489,0.159232497215271,0.10943000018596649,0.804923415184021,0.32569244503974915,358.7713928222656,0.8988323211669922,-0.5068286657333374,2.0,1.0,364.0,18.829978942871094,0.6171078085899353,expansion_4class_80
10070,broadleaf_scrub,4,train,0.022915000095963478,0.0659250020980835,0.03418999910354614,0.5286675095558167,0.16267000138759613,0.06168999895453453,0.03674750030040741,0.05434750020503998,0.06716249883174896,0.1597824990749359,0.14435499906539917,0.09955749660730362,0.7910079956054688,0.23222410678863525,438.32427978515625,0.8785127401351929,-0.47394755482673645,2.0,1.0,410.0,25.36794662475586,-0.44382837414741516,expansion_4class_80
10071,broadleaf_scrub,4,valid,0.024922499433159828,0.04792625084519386,0.03505624830722809,0.33636000752449036,0.14414875209331512,0.06757500022649765,-0.026282500475645065,-0.005506250075995922,-0.011061250232160091,0.047788750380277634,0.08334624767303467,0.07598999887704849,0.6654164791107178,-0.22783595323562622,772.7928466796875,0.8112292885780334,-0.33687642216682434,3.0,1.0,73.0,12.596750259399414,-0.43463531136512756,expansion_4class_80
10072,broadleaf_scrub,4,train,0.019780000671744347,0.0507037490606308,0.029625000432133675,0.41726499795913696,0.12276750057935715,0.04857249930500984,0.022859999909996986,0.04329250007867813,0.03674750030040741,0.26857250928878784,0.10258249938488007,0.061717499047517776,0.7914615869522095,0.6262829899787903,44.719058990478516,0.86741703748703,-0.4829222857952118,0.0,1.0,395.0,21.591583251953125,-0.9407735466957092,expansion_4class_80
10073,broadleaf_scrub,4,valid,0.01839124970138073,0.04637249931693077,0.02792000025510788,0.4636574983596802,0.12246499955654144,0.04748624935746193,0.018789999186992645,0.04444750025868416,0.03413499891757965,0.23459625244140625,0.09730249643325806,0.06823500245809555,0.8141961097717285,0.5493530035018921,144.38352966308594,0.8864065408706665,-0.5244244933128357,1.0,1.0,316.0,13.564427375793457,-0.6709445714950562,expansion_4class_80
10074,broadleaf_scrub,4,train,0.023258749395608902,0.06584250181913376,0.03407999873161316,0.6357524991035461,0.18306125700473785,0.06816624850034714,0.04964499920606613,0.07236000150442123,0.08682499825954437,0.20799000561237335,0.17375250160694122,0.11954999715089798,0.8063235282897949,0.27001282572746277,415.8511047363281,0.8982431888580322,-0.504330039024353,2.0,1.0,316.0,24.688282012939453,0.7747015357017517,expansion_4class_80
10075,broadleaf_scrub,4,train,0.024083750322461128,0.04309999942779541,0.029844999313354492,0.3663487434387207,0.15721124410629272,0.06818000227212906,0.020797500386834145,0.026531249284744263,0.023891249671578407,0.04729374870657921,0.08235625177621841,0.09243500232696533,0.6861887574195862,-0.3230634331703186,888.7926025390625,0.8493413925170898,-0.3521735370159149,3.0,1.0,204.0,16.232873916625977,0.05559958145022392,expansion_4class_80
10076,broadleaf_scrub,4,train,0.02324499934911728,0.05355000123381615,0.03542749956250191,0.4968774914741516,0.15279750525951385,0.05899500101804733,0.049892500042915344,0.05935249850153923,0.06498999893665314,0.08987750113010406,0.13764500617980957,0.1639624983072281,0.787739098072052,-0.2918570637702942,959.1365966796875,0.8668902516365051,-0.4685518145561218,3.0,1.0,285.0,18.295677185058594,0.9791937470436096,expansion_4class_80
10077,broadleaf_scrub,4,train,0.018789999186992645,0.047885000705718994,0.025939999148249626,0.4122599959373474,0.12196999788284302,0.05030500143766403,0.019532499834895134,0.043072499334812164,0.03058749996125698,0.32569000124931335,0.10227999836206436,0.04810500144958496,0.7824954390525818,0.7426129579544067,-80.57708740234375,0.8816065788269043,-0.4890493154525757,0.0,1.0,371.0,21.23147201538086,-1.0,expansion_4class_80
10078,broadleaf_scrub,4,train,0.017057500779628754,0.036953750997781754,0.02213124930858612,0.2986850142478943,0.09493750333786011,0.04043250158429146,0.03479500114917755,0.04857249930500984,0.04917750135064125,0.08729249984025955,0.0830025002360344,0.08561500161886215,0.7615428566932678,0.009701719507575035,631.3815307617188,0.8620316386222839,-0.4590309262275696,2.0,1.0,385.0,18.560359954833984,0.048211295157670975,expansion_4class_80
10079,broadleaf_scrub,4,train,0.026778750121593475,0.04850374907255173,0.0458500012755394,0.2793937623500824,0.13812625408172607,0.07249750196933746,0.02363000065088272,0.03937375172972679,0.041298750787973404,0.10486499965190887,0.09523999691009521,0.07534375041723251,0.5879550576210022,0.16381695866584778,303.67852783203125,0.7180576324462891,-0.2493044137954712,2.0,1.0,250.0,20.33421516418457,0.26208627223968506,expansion_4class_80
10080,broadleaf_scrub,4,valid,0.016411250457167625,0.04077624902129173,0.023836249485611916,0.31382375955581665,0.09935124963521957,0.04000625014305115,0.024675000458955765,0.03198999911546707,0.03589500114321709,0.08412999659776688,0.07244250178337097,0.048682499676942825,0.7738673686981201,0.2668988108634949,386.50897216796875,0.85881507396698,-0.4566326141357422,2.0,1.0,275.0,29.77890968322754,-0.9618458151817322,expansion_4class_80
10081,broadleaf_scrub,4,train,0.03179749846458435,0.06492125242948532,0.04953499883413315,0.4863312542438507,0.1940612494945526,0.09016624838113785,0.028085000813007355,0.03489125147461891,0.03489125147461891,0.06237750127911568,0.10475499927997589,0.11680000275373459,0.6871929168701172,-0.3037351369857788,870.4684448242188,0.8151217699050903,-0.3604089319705963,3.0,1.0,188.0,17.97964096069336,0.9976227283477783,expansion_4class_80
10082,broadleaf_scrub,4,train,0.018872499465942383,0.0448325015604496,0.030738750472664833,0.34163999557495117,0.11751499772071838,0.04908125102519989,0.017194999381899834,0.04613874852657318,0.03589500114321709,0.21427375078201294,0.0939750000834465,0.06347750127315521,0.7487658858299255,0.54291832447052,85.3879623413086,0.8349059820175171,-0.417202889919281,0.0,1.0,360.0,23.9506778717041,0.29154178500175476,expansion_4class_80
10083,broadleaf_scrub,4,train,0.017621250823140144,0.04791250079870224,0.02386374957859516,0.3975887596607208,0.10859125107526779,0.04325124993920326,0.017580000683665276,0.04062499850988388,0.026875000447034836,0.3199149966239929,0.09378249943256378,0.04411749914288521,0.8037779927253723,0.7576177716255188,-74.29936981201172,0.8867547512054443,-0.5162919163703918,0.0,1.0,379.0,21.08883285522461,-0.16790378093719482,expansion_4class_80
10084,broadleaf_scrub,4,train,0.015599999576807022,0.0383012518286705,0.02006874978542328,0.3346962630748749,0.09675250202417374,0.03762749955058098,0.016397500410676003,0.037105001509189606,0.025335000827908516,0.2512750029563904,0.07907000184059143,0.03908500075340271,0.7978774905204773,0.7307824492454529,-53.36455154418945,0.8868617415428162,-0.4998207092285156,0.0,1.0,349.0,21.496883392333984,-0.7809305191040039,expansion_4class_80
10085,broadleaf_scrub,4,valid,0.028277499601244926,0.05616249889135361,0.041450001299381256,0.42056500911712646,0.17342250049114227,0.07698000222444534,0.037201251834630966,0.05042875185608864,0.052326250821352005,0.08499625325202942,0.14737999439239502,0.16760624945163727,0.6905606389045715,-0.3270355463027954,897.1365966796875,0.8205686211585999,-0.3525157570838928,3.0,1.0,209.0,17.76093101501465,0.9602101445198059,expansion_4class_80
10086,broadleaf_scrub,4,valid,0.026531249284744263,0.046111248433589935,0.034396249800920486,0.2837662398815155,0.12403249740600586,0.05959999933838844,-0.0062350002117455006,0.029680000618100166,0.03043624944984913,0.09088125079870224,0.1232212483882904,0.11509499698877335,0.6528488397598267,-0.11755602806806564,649.9452514648438,0.783781886100769,-0.32400307059288025,2.0,1.0,96.0,23.38332748413086,-0.5615642070770264,expansion_4class_80
10087,broadleaf_scrub,4,valid,0.01899624988436699,0.05033250153064728,0.028263749554753304,0.29391375184059143,0.1127299964427948,0.04563000053167343,0.020137500017881393,0.04870999976992607,0.029680000618100166,0.2886199951171875,0.09771499782800674,0.042797498404979706,0.7312275767326355,0.7417305707931519,-130.96261596679688,0.8245455026626587,-0.37875044345855713,0.0,1.0,410.0,25.260793685913086,0.6518183946609497,expansion_4class_80
